EmployeeID,Age,Attrition,BusinessTravel,DailyRate,Department,DistanceFromHome,Education,EducationField,EnvironmentSatisfaction,Gender,HourlyRate,JobInvolvement,JobLevel,JobRole,JobSatisfaction,MaritalStatus,MonthlyIncome,MonthlyRate,NumCompaniesWorked,OverTime,PercentSalaryHike,PerformanceRating,RelationshipSatisfaction,StockOptionLevel,TotalWorkingYears,TrainingTimesLastYear,WorkLifeBalance,YearsAtCompany,YearsInCurrentRole,YearsSinceLastPromotion,YearsWithCurrManager,AttritionFlag,IncomeVsLevelAvg,PromoGapRatio,IncomeBand,AgeGroup,TenureGroup,RiskScore,RiskBucket,ReplacementCost
1,41,Yes,Travel_Rarely,1102,Sales,1,2,Life Sciences,2,Female,94,3,2,Sales Executive,4,Single,5993,19479,8,Yes,11,3,1,0,8,0,1,6,4,0,5,1,1.0891854104667595,0.0,Mid-High,36-45,6-10,0.91,High,35958.0
2,49,No,Travel_Frequently,279,Research & Development,8,1,Life Sciences,3,Male,61,2,2,Research Scientist,2,Married,5130,24907,1,No,23,4,4,1,10,3,3,10,7,1,7,0,0.9323412574160648,0.09090909090909091,Mid-High,46-60,6-10,0.093,Low,30780.0
3,37,Yes,Travel_Rarely,1373,Research & Development,2,2,Other,4,Male,92,2,1,Laboratory Technician,3,Single,2090,2396,6,Yes,15,3,2,0,7,3,3,0,0,0,0,1,0.749933093018876,0.0,Low,36-45,0-2,0.885,High,12540.0
4,33,No,Travel_Frequently,1392,Research & Development,3,4,Life Sciences,4,Female,56,3,1,Research Scientist,3,Married,2909,23159,1,Yes,11,3,3,0,8,3,3,8,7,3,0,0,1.0438063959769905,0.3333333333333333,Low,26-35,6-10,0.481,Medium,17454.0
5,27,No,Travel_Rarely,591,Research & Development,2,1,Medical,1,Male,40,3,1,Laboratory Technician,2,Married,3468,16632,9,No,12,3,4,1,6,3,3,2,2,2,2,0,1.24438658688491,0.6666666666666666,Mid-Low,26-35,0-2,0.524,High,20808.0
6,32,No,Travel_Frequently,1005,Research & Development,2,2,Life Sciences,4,Male,79,3,1,Laboratory Technician,4,Single,3068,11864,0,No,13,3,3,0,8,2,2,7,7,3,6,0,1.100858722192302,0.375,Mid-Low,26-35,6-10,0.278,Medium,18408.0
7,59,No,Travel_Rarely,1324,Research & Development,3,3,Medical,3,Female,81,4,1,Laboratory Technician,1,Married,2670,9964,4,Yes,20,4,1,3,12,3,2,1,0,0,0,0,0.9580484968231574,0.0,Low,46-60,0-2,0.605,High,16020.0
8,30,No,Travel_Rarely,1358,Research & Development,24,1,Life Sciences,4,Male,67,3,1,Laboratory Technician,3,Divorced,2693,13335,1,No,22,4,2,1,1,2,3,1,0,0,0,0,0.9663013490429824,0.0,Low,26-35,0-2,0.19,Low,16158.0
9,38,No,Travel_Frequently,216,Research & Development,23,3,Life Sciences,4,Male,44,2,3,Manufacturing Director,3,Single,9526,8787,0,No,21,4,2,0,10,2,3,9,7,1,8,0,0.9703326058179735,0.1,High,36-45,6-10,0.315,Medium,57156.0
10,36,No,Travel_Rarely,1299,Research & Development,27,3,Medical,3,Male,94,3,2,Healthcare Representative,3,Married,5237,16577,6,No,13,3,2,2,17,3,2,7,7,7,7,0,0.9517877514791289,0.875,Mid-High,36-45,6-10,0.257,Medium,31422.0
11,35,No,Travel_Rarely,809,Research & Development,16,3,Medical,1,Male,84,4,1,Laboratory Technician,2,Married,2426,16479,0,No,13,3,3,1,6,5,3,5,4,0,3,0,0.8704964993606665,0.0,Low,26-35,3-5,0.264,Medium,14556.0
12,29,No,Travel_Rarely,153,Research & Development,15,2,Life Sciences,4,Female,49,2,2,Laboratory Technician,3,Single,4193,12682,0,Yes,12,3,4,0,10,3,3,9,5,0,8,0,0.7620481271628771,0.0,Mid-Low,26-35,6-10,0.402,Medium,25158.0
13,31,No,Travel_Rarely,670,Research & Development,26,1,Life Sciences,1,Male,31,3,1,Research Scientist,3,Divorced,2911,15170,1,No,17,3,4,1,5,1,2,5,2,4,3,0,1.0445240353004537,0.6666666666666666,Low,26-35,3-5,0.438,Medium,17466.0
14,34,No,Travel_Rarely,1346,Research & Development,19,2,Medical,2,Male,93,3,1,Laboratory Technician,4,Divorced,2661,8758,0,No,11,3,3,1,3,2,3,2,2,1,2,0,0.9548191198675737,0.3333333333333333,Low,26-35,0-2,0.146,Low,15966.0
15,28,Yes,Travel_Rarely,103,Research & Development,24,3,Life Sciences,3,Male,50,2,1,Laboratory Technician,3,Single,2028,12947,5,Yes,14,3,2,0,6,4,3,4,2,0,3,1,0.7276862739915217,0.0,Low,26-35,3-5,0.983,High,12168.0
16,29,No,Travel_Rarely,1389,Research & Development,21,4,Life Sciences,2,Female,51,4,3,Manufacturing Director,1,Divorced,9980,10195,1,No,11,3,3,1,10,1,3,10,9,8,8,0,1.0165777247599597,0.7272727272727273,High,26-35,6-10,0.054,Low,59880.0
17,32,No,Travel_Rarely,334,Research & Development,5,2,Life Sciences,1,Male,80,4,1,Research Scientist,2,Divorced,3298,15053,0,Yes,12,3,4,2,7,5,2,6,2,0,5,0,1.1833872443905518,0.0,Mid-Low,26-35,6-10,0.395,Medium,19788.0
18,22,No,Non-Travel,1123,Research & Development,16,2,Medical,4,Male,96,4,1,Laboratory Technician,4,Divorced,2935,7324,1,Yes,13,3,2,2,1,2,2,1,0,0,0,0,1.05313570718201,0.0,Mid-Low,18-25,0-2,0.352,Medium,17610.0
19,53,No,Travel_Rarely,1219,Sales,2,4,Life Sciences,1,Female,78,2,4,Manager,4,Married,15427,22021,2,No,16,3,3,0,31,3,3,25,8,3,7,0,0.9950474655911734,0.11538461538461539,High,46-60,10+,0.037,Low,92562.0
20,38,No,Travel_Rarely,371,Research & Development,2,3,Life Sciences,4,Male,45,3,1,Research Scientist,4,Single,3944,4306,5,Yes,11,3,3,0,6,3,3,3,2,1,2,0,1.4151847458691134,0.25,Mid-Low,36-45,3-5,0.409,Medium,23664.0
21,24,No,Non-Travel,673,Research & Development,11,2,Other,1,Female,96,4,2,Manufacturing Director,3,Divorced,4011,8232,0,No,18,3,4,1,5,5,2,4,2,1,3,0,0.7289709129621512,0.2,Mid-Low,18-25,3-5,0.016,Low,24066.0
22,36,Yes,Travel_Rarely,1218,Sales,9,4,Life Sciences,3,Male,82,2,1,Sales Representative,1,Single,3407,6986,7,No,23,4,2,0,10,4,3,5,3,0,3,1,1.2224985875192873,0.0,Mid-Low,36-45,3-5,0.779,High,20442.0
23,34,No,Travel_Rarely,419,Research & Development,7,4,Life Sciences,1,Female,53,3,3,Research Director,2,Single,11994,21293,0,No,11,3,3,0,13,4,3,12,6,2,11,0,1.2217267766303563,0.15384615384615385,High,26-35,10+,0.016,Low,71964.0
24,21,No,Travel_Rarely,391,Research & Development,15,2,Life Sciences,3,Male,96,3,1,Research Scientist,4,Single,1232,19281,1,No,14,3,4,0,0,6,3,0,0,0,0,0,0.4420658232532322,0.0,Low,18-25,0-2,0.36,Medium,7392.0
25,34,Yes,Travel_Rarely,699,Research & Development,6,1,Medical,2,Male,83,3,1,Research Scientist,1,Single,2960,17102,2,No,11,3,3,0,8,2,3,4,2,1,3,1,1.062106198725298,0.2,Mid-Low,26-35,3-5,0.423,Medium,17760.0
26,53,No,Travel_Rarely,1282,Research & Development,5,3,Other,3,Female,58,3,5,Manager,3,Divorced,19094,10735,4,No,11,3,4,1,26,3,2,14,13,4,8,0,0.9949027212672062,0.26666666666666666,High,46-60,10+,0.003,Low,114564.0
27,32,Yes,Travel_Frequently,1125,Research & Development,16,1,Life Sciences,2,Female,72,1,1,Research Scientist,1,Single,3919,4681,1,Yes,22,4,2,0,10,5,3,10,2,6,7,1,1.4062142543258254,0.5454545454545454,Mid-Low,26-35,6-10,0.931,High,23514.0
28,42,No,Travel_Rarely,691,Sales,8,4,Marketing,3,Male,48,3,2,Sales Executive,2,Married,6825,21173,0,No,11,3,4,1,10,2,3,9,7,4,2,0,1.2403955325272207,0.4,Mid-High,36-45,6-10,0.316,Medium,40950.0
29,44,No,Travel_Rarely,477,Research & Development,7,4,Medical,1,Female,42,2,3,Healthcare Representative,4,Married,10248,2094,3,No,14,3,4,1,24,4,3,22,6,5,17,0,1.0438766055450968,0.21739130434782608,High,36-45,10+,0.036,Low,61488.0
30,46,No,Travel_Rarely,705,Sales,2,4,Marketing,2,Female,83,3,5,Manager,1,Single,18947,22822,3,No,12,3,4,0,22,2,2,2,2,2,1,0,0.987243210424728,0.6666666666666666,High,46-60,0-2,0.277,Medium,113682.0
31,33,No,Travel_Rarely,924,Research & Development,2,3,Medical,3,Male,78,3,1,Laboratory Technician,4,Single,2496,6670,4,No,11,3,4,0,7,3,3,1,1,0,0,0,0.895613875681873,0.0,Low,26-35,0-2,0.494,Medium,14976.0
32,44,No,Travel_Rarely,1459,Research & Development,10,4,Other,4,Male,41,3,2,Healthcare Representative,4,Married,6465,19121,2,Yes,13,3,4,0,9,5,4,4,2,1,3,0,1.1749680758664443,0.2,Mid-High,36-45,3-5,0.111,Low,38790.0
33,30,No,Travel_Rarely,125,Research & Development,9,2,Medical,4,Male,83,2,1,Laboratory Technician,3,Single,2206,16117,1,No,13,3,1,0,10,5,3,10,0,1,8,0,0.7915561737797323,0.09090909090909091,Low,26-35,6-10,0.592,High,13236.0
34,39,Yes,Travel_Rarely,895,Sales,5,3,Technical Degree,4,Male,56,3,2,Sales Representative,4,Married,2086,3335,3,No,14,3,3,1,19,6,4,1,0,0,0,1,0.3791157627621659,0.0,Low,36-45,0-2,0.069,Low,12516.0
35,24,Yes,Travel_Rarely,813,Research & Development,1,3,Medical,2,Male,61,3,1,Research Scientist,4,Married,2293,3020,2,Yes,16,3,1,1,6,2,2,2,0,2,0,1,0.8227734843503745,0.6666666666666666,Low,18-25,0-2,0.683,High,13758.0
36,43,No,Travel_Rarely,1273,Research & Development,2,2,Medical,4,Female,72,4,1,Research Scientist,3,Divorced,2645,21923,1,No,12,3,4,2,6,3,2,5,3,1,4,0,0.9490780052798694,0.16666666666666666,Low,36-45,3-5,0.013,Low,15870.0
37,50,Yes,Travel_Rarely,869,Sales,3,2,Marketing,1,Male,86,2,1,Sales Representative,3,Married,2683,3810,1,Yes,14,3,3,0,3,2,3,3,2,0,2,1,0.9627131524256671,0.0,Low,46-60,3-5,0.945,High,16098.0
38,35,No,Travel_Rarely,890,Sales,2,3,Marketing,4,Female,97,3,1,Sales Representative,4,Married,2014,9687,1,No,13,3,1,0,2,3,3,2,2,2,2,0,0.7226627987272805,0.6666666666666666,Low,26-35,0-2,0.333,Medium,12084.0
39,36,No,Travel_Rarely,852,Research & Development,5,4,Life Sciences,2,Female,82,2,1,Research Scientist,1,Married,3419,13072,9,Yes,14,3,4,1,6,3,4,1,1,0,0,0,1.2268044234600655,0.0,Mid-Low,36-45,0-2,0.697,High,20514.0
40,33,No,Travel_Frequently,1141,Sales,1,3,Life Sciences,3,Female,42,4,2,Sales Executive,1,Married,5376,3193,2,No,19,3,1,2,10,3,3,5,3,1,3,0,0.9770500194675953,0.16666666666666666,Mid-High,26-35,3-5,0.227,Low,32256.0
41,35,No,Travel_Rarely,464,Research & Development,4,2,Other,3,Male,75,3,1,Laboratory Technician,4,Divorced,1951,10910,1,No,12,3,3,1,1,3,3,1,0,0,0,0,0.7000571600381947,0.0,Low,26-35,0-2,0.229,Low,11706.0
42,27,No,Travel_Rarely,1240,Research & Development,2,4,Life Sciences,4,Female,33,3,1,Laboratory Technician,1,Divorced,2341,19715,1,No,13,3,4,1,1,6,3,1,0,0,0,0,0.8399968281134874,0.0,Low,26-35,0-2,0.087,Low,14046.0
43,26,Yes,Travel_Rarely,1357,Research & Development,25,3,Life Sciences,1,Male,48,1,1,Laboratory Technician,3,Single,2293,10558,1,No,12,3,3,0,1,2,2,1,0,0,1,1,0.8227734843503745,0.0,Low,26-35,0-2,0.961,High,13758.0
44,27,No,Travel_Frequently,994,Sales,8,3,Life Sciences,4,Male,37,3,3,Sales Executive,3,Single,8726,2975,1,No,15,3,4,0,9,0,3,9,8,1,7,0,0.8888434094444296,0.1,High,26-35,6-10,0.225,Low,52356.0
45,30,No,Travel_Frequently,721,Research & Development,1,2,Medical,3,Female,58,3,2,Laboratory Technician,4,Single,4011,10781,1,No,23,4,4,0,12,2,3,12,8,3,7,0,0.7289709129621512,0.23076923076923078,Mid-Low,26-35,10+,0.181,Low,24066.0
46,41,Yes,Travel_Rarely,1360,Research & Development,12,3,Technical Degree,2,Female,49,3,5,Research Director,3,Married,19545,16280,1,No,12,3,4,0,23,0,3,22,15,15,8,1,1.018402308953993,0.6521739130434783,High,36-45,10+,0.144,Low,117270.0
47,34,No,Non-Travel,1065,Sales,23,4,Marketing,2,Male,72,3,2,Sales Executive,3,Single,4568,10034,0,No,20,4,3,0,10,2,3,9,5,8,7,0,0.830201727851186,0.8,Mid-Low,26-35,6-10,0.427,Medium,27408.0
48,37,No,Travel_Rarely,408,Research & Development,19,2,Life Sciences,2,Male,73,3,1,Research Scientist,2,Married,3022,10227,4,No,21,4,1,0,8,1,3,1,0,0,0,0,1.0843530177526524,0.0,Mid-Low,36-45,0-2,0.597,High,18132.0
49,46,No,Travel_Frequently,1211,Sales,5,4,Marketing,1,Male,98,3,2,Sales Executive,4,Single,5772,20445,4,Yes,21,4,3,0,14,4,3,9,6,0,8,0,1.0490202217944495,0.0,Mid-High,46-60,6-10,0.694,High,34632.0
50,35,No,Travel_Rarely,1229,Research & Development,8,1,Life Sciences,4,Male,36,4,1,Laboratory Technician,4,Married,2269,4892,1,No,19,3,4,0,1,2,3,1,0,0,1,0,0.814161812468818,0.0,Low,26-35,0-2,0.067,Low,13614.0
51,48,Yes,Travel_Rarely,626,Research & Development,1,2,Life Sciences,1,Male,98,2,3,Laboratory Technician,3,Single,5381,19294,9,Yes,13,3,4,0,23,2,3,1,0,0,0,1,0.5481167071075493,0.0,Mid-High,46-60,0-2,0.851,High,32286.0
52,28,Yes,Travel_Rarely,1434,Research & Development,5,4,Technical Degree,3,Male,50,3,1,Laboratory Technician,3,Single,3441,11179,1,Yes,13,3,3,0,2,3,2,2,2,2,2,1,1.234698456018159,0.6666666666666666,Mid-Low,26-35,0-2,0.909,High,20646.0
53,44,No,Travel_Rarely,1488,Sales,1,5,Marketing,2,Female,75,3,2,Sales Executive,1,Divorced,5454,4009,5,Yes,21,4,3,1,9,2,2,4,3,1,3,0,0.9912259684107636,0.2,Mid-High,36-45,3-5,0.704,High,32724.0
54,35,No,Non-Travel,1097,Research & Development,11,2,Medical,3,Male,79,2,3,Healthcare Representative,1,Married,9884,8302,2,Yes,13,3,3,1,10,3,3,4,0,2,3,0,1.0067990211951343,0.4,High,26-35,3-5,0.354,Medium,59304.0
55,26,No,Travel_Rarely,1443,Sales,23,3,Marketing,3,Female,47,2,2,Sales Executive,4,Married,4157,21436,7,Yes,19,3,3,1,5,2,2,2,2,0,0,0,0.7555053814967995,0.0,Mid-Low,26-35,0-2,0.828,High,24942.0
56,33,No,Travel_Frequently,515,Research & Development,1,2,Life Sciences,1,Female,98,3,3,Research Director,4,Single,13458,15146,1,Yes,12,3,3,0,15,1,3,15,14,8,12,0,1.3708520059939415,0.5,High,26-35,10+,0.106,Low,80748.0
57,35,No,Travel_Frequently,853,Sales,18,5,Life Sciences,2,Male,71,3,3,Sales Executive,1,Married,9069,11031,1,No,22,4,4,1,9,3,2,9,8,1,8,0,0.9237819023895866,0.1,High,26-35,6-10,0.282,Medium,54414.0
58,35,No,Travel_Rarely,1142,Research & Development,23,4,Medical,3,Female,30,3,1,Laboratory Technician,1,Married,4014,16002,3,Yes,15,3,3,1,4,3,3,2,2,2,2,0,1.4403021221903198,0.6666666666666666,Mid-Low,26-35,0-2,0.746,High,24084.0
59,31,No,Travel_Rarely,655,Research & Development,7,4,Life Sciences,4,Male,48,3,2,Laboratory Technician,4,Divorced,5915,9528,3,No,22,4,4,1,10,3,2,7,7,1,7,0,1.0750094615235912,0.125,Mid-High,26-35,6-10,0.021,Low,35490.0
60,37,No,Travel_Rarely,1115,Research & Development,1,4,Life Sciences,1,Male,51,2,2,Manufacturing Director,3,Divorced,5993,2689,1,No,18,3,3,1,7,2,4,7,5,0,7,0,1.0891854104667595,0.0,Mid-High,36-45,6-10,0.037,Low,35958.0
61,32,No,Travel_Rarely,427,Research & Development,1,3,Medical,1,Male,33,3,2,Manufacturing Director,4,Married,6162,10877,1,Yes,22,4,2,1,9,3,3,9,8,7,8,0,1.1198999665102907,0.7,Mid-High,26-35,6-10,0.46,Medium,36972.0
62,38,No,Travel_Frequently,653,Research & Development,29,5,Life Sciences,4,Female,50,3,2,Laboratory Technician,4,Single,2406,5456,1,No,11,3,4,0,10,2,3,10,3,9,9,0,0.4372735020161894,0.8181818181818182,Low,36-45,6-10,0.683,High,14436.0
63,50,No,Travel_Rarely,989,Research & Development,7,2,Medical,2,Female,43,2,5,Research Director,3,Divorced,18740,16701,5,Yes,12,3,4,1,29,2,2,27,3,13,8,0,0.9764573686261362,0.4642857142857143,High,46-60,10+,0.791,High,112440.0
64,59,No,Travel_Rarely,1435,Sales,25,3,Life Sciences,1,Female,99,3,3,Sales Executive,1,Single,7637,2354,7,No,11,3,4,0,28,3,2,21,16,7,9,0,0.777916240880943,0.3181818181818182,Mid-High,46-60,10+,0.465,Medium,45822.0
65,36,No,Travel_Rarely,1223,Research & Development,8,3,Technical Degree,3,Female,59,3,3,Healthcare Representative,3,Divorced,10096,8202,1,No,13,3,2,3,17,2,3,17,14,12,8,0,1.0283936582341235,0.6666666666666666,High,36-45,10+,0.144,Low,60576.0
66,55,No,Travel_Rarely,836,Research & Development,8,3,Medical,4,Female,33,3,4,Manager,3,Divorced,14756,19730,2,Yes,14,3,3,3,21,2,3,5,0,0,2,0,0.9517677061167663,0.0,High,46-60,3-5,0.05,Low,88536.0
67,36,No,Travel_Frequently,1195,Research & Development,11,3,Life Sciences,2,Male,95,2,2,Manufacturing Director,2,Single,6499,22656,1,No,13,3,3,0,6,3,3,6,5,0,3,0,1.1811473356621842,0.0,Mid-High,36-45,6-10,0.506,High,38994.0
68,45,No,Travel_Rarely,1339,Research & Development,7,3,Life Sciences,2,Male,59,3,3,Research Scientist,1,Divorced,9724,18787,2,No,17,3,3,1,25,2,3,1,0,0,0,0,0.9905011819204256,0.0,High,36-45,0-2,0.057,Low,58344.0
69,35,No,Travel_Frequently,664,Research & Development,1,3,Medical,2,Male,79,3,1,Research Scientist,1,Married,2194,5868,4,No,13,3,4,1,5,2,2,3,2,1,2,0,0.787250337838954,0.25,Low,26-35,3-5,0.593,High,13164.0
70,36,Yes,Travel_Rarely,318,Research & Development,9,3,Medical,4,Male,79,2,1,Research Scientist,3,Married,3388,21777,0,Yes,17,3,1,1,2,0,2,1,0,0,0,1,1.2156810139463885,0.0,Mid-Low,36-45,0-2,0.696,High,20328.0
71,59,No,Travel_Frequently,1225,Sales,1,1,Life Sciences,1,Female,57,2,2,Sales Executive,3,Single,5473,24668,7,No,11,3,4,0,20,2,2,4,3,1,3,0,0.9946790841789712,0.2,Mid-High,46-60,3-5,0.614,High,32838.0
72,29,No,Travel_Rarely,1328,Research & Development,2,3,Life Sciences,3,Male,76,3,1,Research Scientist,2,Married,2703,4956,0,No,23,4,4,1,6,3,3,5,4,0,4,0,0.9698895456602975,0.0,Low,26-35,3-5,0.029,Low,16218.0
73,31,No,Travel_Rarely,1082,Research & Development,1,4,Medical,3,Male,87,3,1,Research Scientist,2,Single,2501,18775,1,No,17,3,2,0,1,4,3,1,1,1,0,0,0.8974079739905305,0.5,Low,26-35,0-2,0.343,Medium,15006.0
74,32,No,Travel_Rarely,548,Research & Development,1,3,Life Sciences,2,Male,66,3,2,Research Scientist,2,Married,6220,7346,1,No,17,3,2,2,10,3,3,10,4,0,9,0,1.1304410567500824,0.0,Mid-High,26-35,6-10,0.038,Low,37320.0
75,36,No,Travel_Rarely,132,Research & Development,6,3,Life Sciences,2,Female,55,4,1,Laboratory Technician,4,Married,3038,22002,3,No,12,3,2,0,5,3,3,1,0,0,0,0,1.0900941323403566,0.0,Mid-Low,36-45,0-2,0.278,Medium,18228.0
76,31,No,Travel_Rarely,746,Research & Development,8,4,Life Sciences,3,Female,61,3,2,Manufacturing Director,4,Single,4424,20682,1,No,23,4,4,0,11,2,3,11,7,1,8,0,0.8040307451868753,0.08333333333333333,Mid-Low,26-35,10+,0.048,Low,26544.0
77,35,No,Travel_Rarely,776,Sales,1,4,Marketing,3,Male,32,2,2,Sales Executive,1,Single,4312,23016,0,No,14,3,2,0,16,2,3,15,13,2,8,0,0.7836755364479671,0.125,Mid-Low,26-35,10+,0.458,Medium,25872.0
78,45,No,Travel_Rarely,193,Research & Development,6,4,Other,4,Male,52,3,3,Research Director,1,Married,13245,15067,4,Yes,14,3,2,0,17,3,4,0,0,0,0,0,1.3491555074594854,0.0,High,36-45,0-2,0.153,Low,79470.0
79,37,No,Travel_Rarely,397,Research & Development,7,4,Medical,1,Male,30,3,3,Research Director,3,Single,13664,25258,4,No,13,3,1,0,16,3,4,5,2,0,2,0,1.391835474060129,0.0,High,36-45,3-5,0.183,Low,81984.0
80,46,No,Travel_Rarely,945,Human Resources,5,2,Medical,2,Male,80,3,2,Human Resources,2,Divorced,5021,10425,8,Yes,22,4,4,1,16,2,3,4,2,0,2,0,0.9125312774826629,0.0,Mid-High,46-60,3-5,0.63,High,30126.0
81,30,No,Travel_Rarely,852,Research & Development,1,1,Life Sciences,4,Male,55,2,2,Laboratory Technician,4,Married,5126,15998,1,Yes,12,3,3,2,10,1,2,10,8,3,0,0,0.9316142856753894,0.2727272727272727,Mid-High,26-35,6-10,0.602,High,30756.0
82,35,No,Travel_Rarely,1214,Research & Development,1,3,Medical,2,Male,30,2,1,Research Scientist,3,Single,2859,26278,1,No,18,3,1,0,6,3,3,6,4,0,4,0,1.0258654128904146,0.0,Low,26-35,6-10,0.223,Low,17154.0
83,55,No,Travel_Rarely,111,Sales,1,2,Life Sciences,1,Male,70,3,3,Sales Executive,4,Married,10239,18092,3,No,14,3,4,1,24,4,3,1,0,1,0,0,1.0429598520858945,0.5,High,46-60,0-2,0.044,Low,61434.0
84,38,No,Non-Travel,573,Research & Development,6,3,Medical,2,Female,79,1,2,Research Scientist,4,Divorced,5329,15717,7,Yes,12,3,4,3,17,3,3,13,11,1,9,0,0.9685081015146606,0.07142857142857142,Mid-High,36-45,10+,0.058,Low,31974.0
85,34,No,Travel_Rarely,1153,Research & Development,1,2,Medical,1,Male,94,3,2,Manufacturing Director,2,Married,4325,17736,1,No,15,3,3,0,5,2,3,5,2,1,3,0,0.7860381946051618,0.16666666666666666,Mid-Low,26-35,3-5,0.081,Low,25950.0
86,56,No,Travel_Rarely,1400,Research & Development,7,3,Life Sciences,4,Male,49,1,3,Manufacturing Director,4,Single,7260,21698,4,No,11,3,1,0,37,3,2,6,4,0,2,0,0.7395144570899105,0.0,Mid-High,46-60,6-10,0.12,Low,43560.0
87,23,No,Travel_Rarely,541,Sales,2,1,Technical Degree,3,Male,62,3,1,Sales Representative,1,Divorced,2322,9518,3,No,13,3,3,1,3,3,3,0,0,0,0,0,0.8331792545405885,0.0,Low,18-25,0-2,0.846,High,13932.0
88,51,No,Travel_Rarely,432,Research & Development,9,4,Life Sciences,4,Male,96,3,1,Laboratory Technician,4,Married,2075,18725,3,No,23,4,2,2,10,4,3,4,2,0,3,0,0.7445507980929033,0.0,Low,46-60,3-5,0.092,Low,12450.0
89,30,No,Travel_Rarely,288,Research & Development,2,3,Life Sciences,3,Male,99,2,2,Healthcare Representative,4,Married,4152,15830,1,No,19,3,1,3,11,3,3,11,10,10,8,0,0.7545966668209553,0.8333333333333334,Mid-Low,26-35,10+,0.06,Low,24912.0
90,46,Yes,Travel_Rarely,669,Sales,9,2,Medical,3,Male,64,2,3,Sales Executive,4,Single,9619,13596,1,No,16,3,4,0,9,3,3,9,8,4,7,1,0.979805724896398,0.4,High,46-60,6-10,0.165,Low,57714.0
91,40,No,Travel_Frequently,530,Research & Development,1,4,Life Sciences,3,Male,78,2,4,Healthcare Representative,2,Married,13503,14115,1,No,22,4,4,1,22,3,2,22,3,11,11,0,0.8709487215840808,0.4782608695652174,High,36-45,10+,0.612,High,81018.0
92,51,No,Travel_Rarely,632,Sales,21,4,Marketing,3,Male,71,3,2,Sales Executive,4,Single,5441,8423,0,Yes,22,4,4,0,11,2,1,10,7,1,0,0,0.9888633102535689,0.09090909090909091,Mid-High,46-60,6-10,0.67,High,32646.0
93,30,No,Travel_Rarely,1334,Sales,4,2,Medical,3,Female,63,2,2,Sales Executive,2,Divorced,5209,19760,1,Yes,12,3,2,3,11,4,2,11,8,2,7,0,0.9466989492944018,0.16666666666666666,Mid-High,26-35,10+,0.33,Medium,31254.0
94,46,No,Travel_Frequently,638,Research & Development,1,3,Medical,3,Male,40,2,3,Healthcare Representative,1,Married,10673,3142,2,Yes,13,3,3,1,21,5,2,10,9,9,5,0,1.087167741118542,0.8181818181818182,High,46-60,6-10,0.52,High,64038.0
95,32,No,Travel_Rarely,1093,Sales,6,4,Medical,2,Male,87,3,2,Sales Executive,3,Single,5010,24301,1,No,16,3,1,0,12,0,3,11,8,5,7,0,0.910532105195806,0.4166666666666667,Mid-High,26-35,10+,0.29,Medium,30060.0
96,54,No,Travel_Rarely,1217,Research & Development,2,4,Technical Degree,1,Female,60,3,3,Research Director,3,Married,13549,24001,9,No,12,3,1,1,16,5,1,4,3,0,3,0,1.3801214020814323,0.0,High,46-60,3-5,0.259,Medium,81294.0
97,24,No,Travel_Rarely,1353,Sales,3,2,Other,1,Female,33,3,2,Sales Executive,3,Married,4999,17519,0,No,21,4,1,1,4,2,2,3,2,0,2,0,0.9085329329089489,0.0,Mid-High,18-25,3-5,0.388,Medium,29994.0
98,28,No,Non-Travel,120,Sales,4,3,Medical,2,Male,43,3,2,Sales Executive,3,Married,4221,8863,1,No,15,3,2,0,5,3,4,5,4,0,4,0,0.7671369293476041,0.0,Mid-Low,26-35,3-5,0.078,Low,25326.0
99,58,No,Travel_Rarely,682,Sales,10,4,Medical,4,Male,37,3,4,Sales Executive,3,Single,13872,24409,0,No,13,3,3,0,38,1,2,37,10,1,8,0,0.8947493642756698,0.02631578947368421,High,46-60,10+,0.418,Medium,83232.0
100,44,No,Non-Travel,489,Research & Development,23,3,Medical,2,Male,67,3,2,Laboratory Technician,2,Married,2042,25043,4,No,12,3,3,1,17,3,4,3,2,1,2,0,0.37111907361473767,0.25,Low,36-45,3-5,0.229,Low,12252.0
101,37,Yes,Travel_Rarely,807,Human Resources,6,4,Human Resources,3,Male,63,3,1,Human Resources,1,Divorced,2073,23648,4,Yes,22,4,4,0,7,3,3,3,2,0,2,1,0.7438331587694401,0.0,Low,36-45,3-5,0.674,High,12438.0
102,32,No,Travel_Rarely,827,Research & Development,1,1,Life Sciences,4,Male,71,3,1,Research Scientist,1,Single,2956,15178,1,No,13,3,4,0,1,2,3,1,0,0,0,0,1.060670920078372,0.0,Mid-Low,26-35,0-2,0.323,Medium,17736.0
103,20,Yes,Travel_Frequently,871,Research & Development,6,3,Life Sciences,4,Female,66,2,1,Laboratory Technician,4,Single,2926,19783,1,Yes,18,3,2,0,1,5,3,1,0,1,0,1,1.0499063302264264,0.5,Mid-Low,18-25,0-2,0.867,High,17556.0
104,34,No,Travel_Rarely,665,Research & Development,6,4,Other,1,Female,41,3,2,Research Scientist,3,Single,4809,12482,1,No,14,3,3,0,16,3,3,16,13,2,10,0,0.8740017752268724,0.11764705882352941,Mid-Low,26-35,10+,0.088,Low,28854.0
105,37,No,Non-Travel,1040,Research & Development,2,2,Life Sciences,3,Male,100,2,2,Healthcare Representative,4,Divorced,5163,15850,5,No,14,3,4,1,17,2,4,1,0,0,0,0,0.9383387742766359,0.0,Mid-High,36-45,0-2,0.004,Low,30978.0
106,59,No,Non-Travel,1420,Human Resources,2,4,Human Resources,3,Female,32,2,5,Manager,4,Married,18844,21922,9,No,21,4,4,1,30,3,3,3,2,2,2,0,0.9818763422833997,0.5,High,46-60,3-5,0.003,Low,113064.0
107,50,No,Travel_Frequently,1115,Research & Development,1,3,Life Sciences,1,Female,73,3,5,Research Director,2,Married,18172,9755,3,Yes,19,3,1,0,28,1,2,8,3,0,7,0,0.9468614355749279,0.0,High,46-60,6-10,0.214,Low,109032.0
108,25,Yes,Travel_Rarely,240,Sales,5,3,Marketing,3,Male,46,2,2,Sales Executive,3,Single,5744,26959,1,Yes,11,3,4,0,6,1,3,6,4,0,3,1,1.0439314196097225,0.0,Mid-High,18-25,6-10,0.876,High,34464.0
109,25,No,Travel_Rarely,1280,Research & Development,7,1,Medical,4,Male,64,2,1,Research Scientist,4,Married,2889,26897,1,No,11,3,3,2,2,2,3,2,2,2,1,0,1.03663000274236,0.6666666666666666,Low,18-25,0-2,0.061,Low,17334.0
110,22,No,Travel_Rarely,534,Research & Development,15,3,Medical,2,Female,59,3,1,Laboratory Technician,4,Single,2871,23785,1,No,15,3,3,0,1,5,3,0,0,0,0,0,1.0301712488311927,0.0,Low,18-25,0-2,0.482,Medium,17226.0
111,51,No,Travel_Frequently,1456,Research & Development,1,4,Medical,1,Female,30,2,3,Healthcare Representative,1,Single,7484,25796,3,No,20,4,3,0,23,1,2,13,12,12,8,0,0.7623314320745028,0.8571428571428571,Mid-High,46-60,10+,0.622,High,44904.0
112,34,Yes,Travel_Frequently,658,Research & Development,7,3,Life Sciences,1,Male,66,1,2,Laboratory Technician,3,Single,6074,22887,1,Yes,24,4,4,0,9,3,3,9,7,0,6,1,1.1039065882154342,0.0,Mid-High,26-35,6-10,0.889,High,36444.0
113,54,No,Non-Travel,142,Human Resources,26,3,Human Resources,4,Female,30,4,4,Manager,4,Single,17328,13871,2,Yes,12,3,3,0,23,3,3,5,3,4,4,0,1.1176627007042104,0.6666666666666666,High,46-60,3-5,0.019,Low,103968.0
114,24,No,Travel_Rarely,1127,Research & Development,18,1,Life Sciences,2,Male,52,3,1,Laboratory Technician,3,Married,2774,13257,0,No,12,3,3,1,6,2,3,5,3,1,2,0,0.9953657416432354,0.16666666666666666,Low,18-25,3-5,0.419,Medium,16644.0
115,34,No,Travel_Rarely,1031,Research & Development,6,4,Life Sciences,3,Female,45,2,2,Research Scientist,2,Divorced,4505,15000,6,No,15,3,3,1,12,3,3,1,0,0,0,0,0.81875192293555,0.0,Mid-Low,26-35,0-2,0.139,Low,27030.0
116,37,No,Travel_Rarely,1189,Sales,3,3,Life Sciences,3,Male,87,3,3,Sales Executive,4,Single,7428,14506,2,No,12,3,1,0,12,3,3,5,3,1,3,0,0.7566271883283547,0.16666666666666666,Mid-High,36-45,3-5,0.126,Low,44568.0
117,34,No,Travel_Rarely,1354,Research & Development,5,3,Medical,3,Female,45,2,3,Manager,1,Single,11631,5615,2,No,12,3,4,0,14,6,3,11,10,5,8,0,1.1847510537758608,0.4166666666666667,High,26-35,10+,0.086,Low,69786.0
118,36,No,Travel_Frequently,1467,Sales,11,2,Technical Degree,2,Female,92,3,3,Sales Executive,4,Married,9738,22952,0,No,14,3,3,1,10,6,3,9,7,2,8,0,0.9919272428569627,0.2,High,36-45,6-10,0.173,Low,58428.0
119,36,No,Travel_Rarely,922,Research & Development,3,2,Life Sciences,1,Female,39,3,1,Laboratory Technician,4,Divorced,2835,2561,5,No,22,4,1,1,7,2,3,1,0,0,0,0,1.017253741008858,0.0,Low,36-45,0-2,0.277,Medium,17010.0
120,43,No,Travel_Frequently,394,Sales,26,2,Life Sciences,3,Male,92,3,4,Manager,4,Married,16959,19494,1,Yes,12,3,4,2,25,3,4,25,12,4,12,0,1.0938620580126213,0.15384615384615385,High,36-45,10+,0.145,Low,101754.0
121,30,No,Travel_Frequently,1312,Research & Development,23,3,Life Sciences,1,Male,96,1,1,Research Scientist,3,Divorced,2613,22310,1,No,25,4,3,3,10,2,2,10,7,0,9,0,0.9375957761044608,0.0,Low,26-35,6-10,0.27,Medium,15678.0
122,33,No,Non-Travel,750,Sales,22,2,Marketing,3,Male,95,3,2,Sales Executive,2,Married,6146,15480,0,No,13,3,1,1,8,2,4,7,7,0,7,0,1.1169920795475894,0.0,Mid-High,26-35,6-10,0.095,Low,36876.0
123,56,Yes,Travel_Rarely,441,Research & Development,14,4,Life Sciences,2,Female,72,3,1,Research Scientist,2,Married,4963,4510,9,Yes,18,3,1,3,7,2,3,5,4,4,3,1,1.7808219811735317,0.6666666666666666,Mid-High,46-60,3-5,0.627,High,29778.0
124,51,No,Travel_Rarely,684,Research & Development,6,3,Life Sciences,1,Male,51,3,5,Research Director,3,Single,19537,6462,7,No,13,3,3,0,23,5,3,20,18,15,15,0,1.0179854648265114,0.7142857142857143,High,46-60,10+,0.244,Low,117222.0
125,31,Yes,Travel_Rarely,249,Sales,6,4,Life Sciences,2,Male,76,1,2,Sales Executive,3,Married,6172,20739,4,Yes,18,3,2,0,12,3,2,7,7,7,7,1,1.1217173958619788,0.875,Mid-High,26-35,6-10,0.872,High,37032.0
126,26,No,Travel_Rarely,841,Research & Development,6,3,Other,3,Female,46,2,1,Research Scientist,2,Married,2368,23300,1,No,19,3,3,0,5,3,2,5,4,4,3,0,0.8496849589802384,0.6666666666666666,Low,26-35,3-5,0.209,Low,14208.0
127,58,Yes,Travel_Rarely,147,Research & Development,23,4,Medical,4,Female,94,3,3,Healthcare Representative,4,Married,10312,3465,1,No,12,3,4,1,40,3,2,40,10,15,6,1,1.0503957412549803,0.36585365853658536,High,46-60,10+,0.227,Low,61872.0
128,19,Yes,Travel_Rarely,528,Sales,22,1,Marketing,4,Male,50,3,1,Sales Representative,3,Single,1675,26820,1,Yes,19,3,4,0,0,2,2,0,0,0,0,1,0.6010229334002953,0.0,Low,18-25,0-2,0.976,High,10050.0
129,22,No,Travel_Rarely,594,Research & Development,2,1,Technical Degree,3,Male,100,3,1,Laboratory Technician,4,Married,2523,19299,0,No,14,3,3,1,3,2,3,2,1,2,1,0,0.905302006548624,0.6666666666666666,Low,18-25,0-2,0.593,High,15138.0
130,49,No,Travel_Rarely,470,Research & Development,20,4,Medical,3,Female,96,3,2,Manufacturing Director,1,Married,6567,5549,1,No,14,3,3,0,16,2,2,15,11,5,11,0,1.1935058552536641,0.3125,Mid-High,46-60,10+,0.029,Low,39402.0
131,43,No,Travel_Frequently,957,Research & Development,28,3,Medical,2,Female,72,4,1,Research Scientist,3,Single,4739,16090,4,No,12,3,4,0,18,2,3,3,2,1,2,0,1.7004463769456715,0.25,Mid-Low,36-45,3-5,0.135,Low,28434.0
132,50,No,Travel_Frequently,809,Sales,12,3,Marketing,3,Female,77,3,3,Sales Executive,4,Single,9208,6645,4,No,11,3,4,0,16,3,3,2,2,2,1,0,0.9379406502594898,0.6666666666666666,High,46-60,0-2,0.368,Medium,55248.0
133,31,Yes,Travel_Rarely,542,Sales,20,3,Life Sciences,2,Female,71,1,2,Sales Executive,3,Married,4559,24788,3,Yes,11,3,3,1,4,2,3,2,2,2,2,1,0.8285660414346665,0.6666666666666666,Mid-Low,26-35,0-2,0.89,High,27354.0
134,41,No,Travel_Rarely,802,Sales,9,1,Life Sciences,3,Male,96,3,3,Sales Executive,3,Divorced,8189,21196,3,Yes,13,3,3,1,12,2,3,9,7,0,7,0,0.8341437863786884,0.0,Mid-High,36-45,6-10,0.265,Medium,49134.0
135,26,No,Travel_Rarely,1355,Human Resources,25,1,Life Sciences,3,Female,61,3,1,Human Resources,3,Married,2942,8916,1,No,23,4,4,1,8,3,3,8,7,5,7,0,1.0556474448141306,0.5555555555555556,Mid-Low,26-35,6-10,0.097,Low,17652.0
136,36,No,Travel_Rarely,216,Research & Development,6,2,Medical,2,Male,84,3,2,Manufacturing Director,2,Divorced,4941,2819,6,No,20,4,4,2,7,0,3,3,2,0,1,0,0.8979918426691571,0.0,Mid-High,36-45,3-5,0.139,Low,29646.0
137,51,Yes,Travel_Frequently,1150,Research & Development,8,4,Life Sciences,1,Male,53,1,3,Manufacturing Director,4,Single,10650,25150,2,No,15,3,4,0,18,2,3,4,2,0,3,1,1.0848249267228027,0.0,High,46-60,3-5,0.358,Medium,63900.0
138,39,No,Travel_Rarely,1329,Sales,4,4,Life Sciences,4,Female,47,2,2,Sales Executive,3,Married,5902,14590,4,No,14,3,3,1,17,1,4,15,11,5,9,0,1.0726468033663965,0.3125,Mid-High,36-45,10+,0.026,Low,35412.0
139,25,No,Travel_Rarely,959,Sales,28,3,Life Sciences,1,Male,41,2,2,Sales Executive,3,Married,8639,24835,2,No,18,3,4,0,6,3,3,2,2,2,2,0,1.5700772169234665,0.6666666666666666,High,18-25,0-2,0.444,Medium,51834.0
140,30,No,Travel_Rarely,1240,Human Resources,9,3,Human Resources,3,Male,48,3,2,Human Resources,4,Married,6347,13982,0,Yes,19,3,4,0,12,2,1,11,9,4,7,0,1.153522409516523,0.3333333333333333,Mid-High,26-35,10+,0.305,Medium,38082.0
141,32,Yes,Travel_Rarely,1033,Research & Development,9,3,Medical,1,Female,41,3,1,Laboratory Technician,1,Single,4200,10224,7,No,22,4,1,0,10,2,4,5,4,0,4,1,1.5070425792723823,0.0,Mid-Low,26-35,3-5,0.671,High,25200.0
142,45,No,Travel_Rarely,1316,Research & Development,29,3,Medical,3,Male,83,3,1,Research Scientist,4,Single,3452,9752,5,No,13,3,2,0,9,2,2,6,5,0,3,0,1.2386454722972058,0.0,Mid-Low,36-45,6-10,0.314,Medium,20712.0
143,38,No,Travel_Rarely,364,Research & Development,3,5,Technical Degree,4,Female,32,3,2,Research Scientist,3,Single,4317,2302,3,Yes,20,4,2,0,19,2,3,3,2,2,2,0,0.7845842511238112,0.5,Mid-Low,36-45,3-5,0.504,High,25902.0
144,30,No,Travel_Rarely,438,Research & Development,18,3,Life Sciences,1,Female,75,3,1,Research Scientist,3,Single,2632,23910,1,No,14,3,3,0,5,4,2,5,4,0,4,0,0.9444133496773597,0.0,Low,26-35,3-5,0.363,Medium,15792.0
145,32,No,Travel_Frequently,689,Sales,9,2,Medical,4,Male,35,1,2,Sales Executive,4,Divorced,4668,22812,0,No,17,3,4,3,9,2,4,8,7,0,7,0,0.8483760213680682,0.0,Mid-Low,26-35,6-10,0.029,Low,28008.0
146,30,No,Travel_Rarely,201,Research & Development,5,3,Technical Degree,4,Female,84,3,1,Research Scientist,1,Divorced,3204,10415,5,No,14,3,4,1,8,3,3,3,2,2,2,0,1.1496581961877888,0.5,Mid-Low,26-35,3-5,0.196,Low,19224.0
147,30,No,Travel_Rarely,1427,Research & Development,2,1,Medical,2,Male,35,2,1,Laboratory Technician,4,Single,2720,11162,0,No,13,3,4,0,6,3,3,5,3,1,2,0,0.9759894799097334,0.16666666666666666,Low,26-35,3-5,0.49,Medium,16320.0
148,41,No,Travel_Frequently,857,Research & Development,10,3,Life Sciences,4,Male,91,2,4,Manager,1,Divorced,17181,12888,4,No,13,3,2,1,21,2,2,7,6,7,7,0,1.1081811438595937,0.875,High,36-45,6-10,0.233,Low,103086.0
149,41,No,Travel_Rarely,933,Research & Development,9,4,Life Sciences,3,Male,94,3,1,Laboratory Technician,1,Married,2238,6961,2,No,21,4,4,1,7,2,3,5,0,1,4,0,0.803038402955141,0.16666666666666666,Low,36-45,3-5,0.3,Medium,13428.0
150,19,No,Travel_Rarely,1181,Research & Development,3,1,Medical,2,Female,79,3,1,Laboratory Technician,2,Single,1483,16102,1,No,14,3,4,0,1,3,3,1,0,0,0,0,0.5321295583478436,0.0,Low,18-25,0-2,0.704,High,8898.0
151,40,No,Travel_Frequently,1395,Research & Development,26,3,Medical,2,Female,54,3,2,Research Scientist,2,Divorced,5605,8504,1,No,11,3,1,1,20,2,3,20,7,2,13,0,1.0186691516212558,0.09523809523809523,Mid-High,36-45,10+,0.175,Low,33630.0
152,35,No,Travel_Rarely,662,Sales,1,5,Marketing,3,Male,94,3,3,Sales Executive,2,Married,7295,11439,1,No,13,3,1,2,10,3,3,10,8,0,6,0,0.7430796094312531,0.0,Mid-High,26-35,6-10,0.145,Low,43770.0
153,53,No,Travel_Rarely,1436,Sales,6,2,Marketing,2,Male,34,3,2,Sales Representative,3,Married,2306,16047,2,Yes,20,4,4,1,13,3,1,7,7,4,5,0,0.4190992084993071,0.5,Low,46-60,6-10,0.862,High,13836.0
154,45,No,Travel_Rarely,194,Research & Development,9,3,Life Sciences,2,Male,60,3,2,Laboratory Technician,2,Divorced,2348,10901,8,No,18,3,3,1,20,2,1,17,9,0,15,0,0.42673241177639765,0.0,Low,36-45,10+,0.206,Low,14088.0
155,32,No,Travel_Frequently,967,Sales,8,3,Marketing,2,Female,43,3,3,Sales Executive,4,Single,8998,15589,1,No,14,3,4,0,9,2,3,9,8,3,7,0,0.9165497362114345,0.3,High,26-35,6-10,0.354,Medium,53988.0
156,29,No,Non-Travel,1496,Research & Development,1,1,Technical Degree,4,Male,41,3,2,Manufacturing Director,3,Married,4319,26283,1,No,13,3,1,1,10,1,3,10,7,0,9,0,0.7849477369941489,0.0,Mid-Low,26-35,6-10,0.003,Low,25914.0
157,51,No,Travel_Rarely,1169,Research & Development,7,4,Medical,2,Male,34,2,2,Manufacturing Director,3,Married,6132,13983,2,No,17,3,3,0,10,2,3,1,0,0,0,0,1.114447678455226,0.0,Mid-High,46-60,0-2,0.171,Low,36792.0
158,58,No,Travel_Rarely,1145,Research & Development,9,3,Medical,2,Female,75,2,1,Research Scientist,2,Married,3346,11873,4,Yes,20,4,2,1,9,3,2,1,0,0,0,0,1.2006105881536646,0.0,Mid-Low,46-60,0-2,0.714,High,20076.0
159,40,No,Travel_Rarely,630,Sales,4,4,Marketing,3,Male,67,2,3,Sales Executive,4,Married,10855,8552,7,No,11,3,1,1,15,2,2,12,11,2,11,0,1.1057065332935232,0.15384615384615385,High,36-45,10+,0.312,Medium,65130.0
160,34,No,Travel_Frequently,303,Sales,2,4,Marketing,3,Female,75,3,1,Sales Representative,3,Married,2231,11314,6,No,18,3,4,1,6,3,3,4,3,1,2,0,0.8005266653230203,0.2,Low,26-35,3-5,0.633,High,13386.0
161,22,No,Travel_Rarely,1256,Research & Development,19,1,Medical,3,Male,80,3,1,Research Scientist,4,Married,2323,11992,1,No,24,4,1,2,2,6,3,2,2,2,2,0,0.8335380742023201,0.6666666666666666,Low,18-25,0-2,0.052,Low,13938.0
162,27,No,Non-Travel,691,Research & Development,9,3,Medical,4,Male,57,3,1,Research Scientist,2,Divorced,2024,5970,6,No,18,3,4,1,6,1,1,2,2,2,2,0,0.7262509953445957,0.6666666666666666,Low,26-35,0-2,0.074,Low,12144.0
163,28,No,Travel_Rarely,440,Research & Development,21,3,Medical,3,Male,42,3,1,Research Scientist,4,Married,2713,6672,1,No,11,3,3,1,5,2,1,5,2,0,2,0,0.9734777422776127,0.0,Low,26-35,3-5,0.344,Medium,16278.0
164,57,No,Travel_Rarely,334,Research & Development,24,2,Life Sciences,3,Male,83,4,3,Healthcare Representative,4,Divorced,9439,23402,3,Yes,16,3,2,1,12,2,1,5,3,1,4,0,0.9614706557123506,0.16666666666666666,High,46-60,3-5,0.163,Low,56634.0
165,27,No,Non-Travel,1450,Research & Development,3,3,Medical,3,Male,79,2,1,Research Scientist,3,Divorced,2566,25326,1,Yes,15,3,4,1,1,2,2,1,1,0,1,0,0.9207312520030794,0.0,Low,26-35,0-2,0.223,Low,15396.0
166,50,No,Travel_Rarely,1452,Research & Development,11,3,Life Sciences,3,Female,53,3,5,Manager,2,Single,19926,17053,3,No,15,3,2,0,21,5,3,5,4,4,4,0,1.0382545105253143,0.6666666666666666,High,46-60,3-5,0.051,Low,119556.0
167,41,No,Travel_Rarely,465,Research & Development,14,3,Life Sciences,1,Male,56,3,1,Research Scientist,3,Divorced,2451,4609,4,No,12,3,1,1,13,2,3,9,8,1,8,0,0.8794669909039545,0.1,Low,36-45,6-10,0.149,Low,14706.0
168,30,No,Travel_Rarely,1339,Sales,5,3,Life Sciences,2,Female,41,3,3,Sales Executive,4,Married,9419,8053,2,No,12,3,3,1,12,2,3,10,9,7,4,0,0.959433425803012,0.6363636363636364,High,26-35,6-10,0.16,Low,56514.0
169,38,No,Travel_Rarely,702,Sales,1,4,Life Sciences,1,Female,59,2,2,Sales Executive,4,Single,8686,12930,4,No,22,4,3,0,12,2,4,8,3,0,7,0,1.5786191348764012,0.0,High,36-45,6-10,0.18,Low,52116.0
170,32,No,Travel_Rarely,120,Research & Development,6,5,Life Sciences,3,Male,43,3,1,Research Scientist,3,Single,3038,12430,3,No,20,4,1,0,8,2,3,5,4,1,4,0,1.0900941323403566,0.16666666666666666,Mid-Low,26-35,3-5,0.323,Medium,18228.0
171,27,No,Travel_Rarely,1157,Research & Development,17,3,Technical Degree,3,Male,51,3,1,Research Scientist,2,Married,3058,13364,0,Yes,16,3,4,1,6,3,2,5,2,1,1,0,1.097270525574987,0.16666666666666666,Mid-Low,26-35,3-5,0.789,High,18348.0
172,19,Yes,Travel_Frequently,602,Sales,1,1,Technical Degree,3,Female,100,1,1,Sales Representative,1,Single,2325,20989,0,No,21,4,1,0,1,5,4,0,0,0,0,1,0.8342557135257831,0.0,Low,18-25,0-2,0.946,High,13950.0
173,36,No,Travel_Frequently,1480,Research & Development,3,2,Medical,4,Male,30,3,1,Laboratory Technician,2,Single,2088,15062,4,No,12,3,3,0,13,3,2,8,7,7,2,0,0.749215453695413,0.7777777777777778,Low,36-45,6-10,0.824,High,12528.0
174,30,No,Non-Travel,111,Research & Development,9,3,Medical,3,Male,66,3,2,Laboratory Technician,1,Divorced,3072,11012,1,No,11,3,3,2,12,4,3,12,9,6,10,0,0.5583142968386259,0.46153846153846156,Mid-Low,26-35,10+,0.074,Low,18432.0
175,45,No,Travel_Rarely,1268,Sales,4,2,Life Sciences,3,Female,30,3,2,Sales Executive,1,Divorced,5006,6319,4,Yes,11,3,1,1,9,3,4,5,4,0,3,0,0.9098051334551306,0.0,Mid-High,36-45,3-5,0.366,Medium,30036.0
176,56,No,Travel_Rarely,713,Research & Development,8,3,Life Sciences,3,Female,67,3,1,Research Scientist,1,Divorced,4257,13939,4,Yes,18,3,3,1,19,3,3,2,2,2,2,0,1.527495299991079,0.6666666666666666,Mid-Low,46-60,0-2,0.131,Low,25542.0
177,33,No,Travel_Rarely,134,Research & Development,2,3,Life Sciences,3,Male,90,3,1,Research Scientist,4,Single,2500,10515,0,No,14,3,1,0,4,2,4,3,1,0,2,0,0.8970491543287991,0.0,Low,26-35,3-5,0.23,Low,15000.0
178,19,Yes,Travel_Rarely,303,Research & Development,2,3,Life Sciences,2,Male,47,2,1,Laboratory Technician,4,Single,1102,9241,1,No,22,4,3,0,1,3,2,1,0,1,0,1,0.39541926722813464,0.5,Low,18-25,0-2,0.697,High,6612.0
179,46,No,Travel_Rarely,526,Sales,1,2,Marketing,2,Female,92,3,3,Sales Executive,1,Divorced,10453,2137,1,No,25,4,3,3,24,2,3,24,13,15,7,0,1.0647582121158174,0.6,High,46-60,10+,0.235,Low,62718.0
180,38,No,Travel_Rarely,1380,Research & Development,9,2,Life Sciences,3,Female,75,3,1,Laboratory Technician,4,Single,2288,6319,1,No,12,3,3,0,2,3,3,2,2,2,1,0,0.8209793860417168,0.6666666666666666,Low,36-45,0-2,0.204,Low,13728.0
181,31,No,Travel_Rarely,140,Research & Development,12,1,Medical,3,Female,95,3,1,Research Scientist,4,Married,3929,6984,8,Yes,23,4,3,1,7,0,3,4,2,0,2,0,1.4098024509431406,0.0,Mid-Low,26-35,3-5,0.583,High,23574.0
182,34,No,Travel_Rarely,629,Research & Development,27,2,Medical,4,Female,95,3,1,Research Scientist,2,Single,2311,5711,2,No,15,3,4,0,9,3,3,3,2,1,2,0,0.8292322382615418,0.25,Low,26-35,3-5,0.286,Medium,13866.0
183,41,Yes,Travel_Rarely,1356,Sales,20,2,Marketing,2,Female,70,3,1,Sales Representative,2,Single,3140,21728,1,Yes,22,4,4,0,4,5,2,4,3,0,2,1,1.1266937378369717,0.0,Mid-Low,36-45,3-5,0.852,High,18840.0
184,50,No,Travel_Rarely,328,Research & Development,1,3,Medical,3,Male,86,2,1,Laboratory Technician,3,Married,3690,3425,2,No,15,3,4,1,5,2,2,3,2,0,2,0,1.3240445517893074,0.0,Mid-Low,46-60,3-5,0.233,Low,22140.0
185,53,No,Travel_Rarely,1084,Research & Development,13,2,Medical,4,Female,57,4,2,Manufacturing Director,1,Divorced,4450,26250,1,No,11,3,3,2,5,3,3,4,2,1,3,0,0.8087560615012648,0.2,Mid-Low,46-60,3-5,0.021,Low,26700.0
186,33,No,Travel_Rarely,931,Research & Development,14,3,Medical,4,Female,72,3,1,Research Scientist,2,Married,2756,4673,1,No,13,3,4,1,8,5,3,8,7,1,6,0,0.9889069877320681,0.1111111111111111,Low,26-35,6-10,0.027,Low,16536.0
187,40,No,Travel_Rarely,989,Research & Development,4,1,Medical,4,Female,46,3,5,Manager,3,Married,19033,6499,1,No,14,3,2,1,21,2,3,20,8,9,9,0,0.9917242847951574,0.42857142857142855,High,36-45,10+,0.059,Low,114198.0
188,55,No,Travel_Rarely,692,Research & Development,14,4,Medical,3,Male,61,4,5,Research Director,2,Single,18722,13339,8,No,11,3,4,0,36,3,3,24,15,2,15,0,0.9755194693393021,0.08,High,46-60,10+,0.008,Low,112332.0
189,34,No,Travel_Frequently,1069,Research & Development,2,1,Life Sciences,4,Male,45,2,2,Manufacturing Director,3,Married,9547,14074,1,No,17,3,3,0,10,2,2,10,9,1,9,0,1.7350998020567583,0.09090909090909091,High,26-35,6-10,0.034,Low,57282.0
190,51,No,Travel_Rarely,313,Research & Development,3,3,Medical,4,Female,98,3,4,Healthcare Representative,2,Single,13734,7192,3,No,18,3,3,0,21,6,3,7,7,1,0,0,0.8858483109113356,0.125,High,46-60,6-10,0.021,Low,82404.0
191,52,No,Travel_Rarely,699,Research & Development,1,4,Life Sciences,3,Male,65,2,5,Manager,3,Married,19999,5678,0,No,14,3,1,1,34,5,3,33,18,11,9,0,1.0420582131885858,0.3235294117647059,High,46-60,10+,0.082,Low,119994.0
192,27,No,Travel_Rarely,894,Research & Development,9,3,Medical,4,Female,99,3,1,Research Scientist,2,Single,2279,11781,1,No,16,3,4,0,7,2,2,7,7,0,3,0,0.8177500090861332,0.0,Low,26-35,6-10,0.111,Low,13674.0
193,35,Yes,Travel_Rarely,556,Research & Development,23,2,Life Sciences,2,Male,50,2,2,Manufacturing Director,3,Married,5916,15497,3,Yes,13,3,1,0,8,1,3,1,0,0,1,1,1.07519120445876,0.0,Mid-High,26-35,0-2,0.901,High,35496.0
194,43,No,Non-Travel,1344,Research & Development,7,3,Medical,4,Male,37,4,1,Research Scientist,4,Divorced,2089,5228,4,No,14,3,4,3,7,3,4,5,4,2,2,0,0.7495742733571444,0.3333333333333333,Low,36-45,3-5,0.009,Low,12534.0
195,45,No,Non-Travel,1195,Research & Development,2,2,Medical,1,Male,65,2,4,Manager,4,Married,16792,20462,9,No,23,4,4,1,22,1,3,20,8,11,8,0,1.083090493434043,0.5238095238095238,High,36-45,10+,0.188,Low,100752.0
196,37,No,Travel_Rarely,290,Research & Development,21,3,Life Sciences,2,Male,65,4,1,Research Scientist,1,Married,3564,22977,1,Yes,12,3,1,1,8,3,2,8,7,1,7,0,1.278833274411136,0.1111111111111111,Mid-Low,36-45,6-10,0.672,High,21384.0
197,35,No,Travel_Frequently,138,Research & Development,2,3,Medical,2,Female,37,3,2,Laboratory Technician,2,Single,4425,15986,5,No,11,3,4,0,10,5,3,6,2,1,2,0,0.8042124881220442,0.14285714285714285,Mid-Low,26-35,6-10,0.855,High,26550.0
198,42,No,Non-Travel,926,Research & Development,21,2,Medical,3,Female,36,3,2,Manufacturing Director,3,Divorced,5265,16439,2,No,16,3,2,1,11,5,3,5,3,0,2,0,0.9568765536638559,0.0,Mid-High,36-45,3-5,0.004,Low,31590.0
199,38,No,Travel_Rarely,1261,Research & Development,2,4,Life Sciences,4,Male,88,3,2,Manufacturing Director,3,Married,6553,7259,9,No,14,3,2,0,14,3,3,1,0,0,0,0,1.1909614541613007,0.0,Mid-High,36-45,0-2,0.149,Low,39318.0
200,38,No,Travel_Rarely,1084,Research & Development,29,3,Technical Degree,4,Male,54,3,2,Manufacturing Director,4,Married,6261,4185,3,No,18,3,1,1,9,3,1,7,7,1,7,0,1.1378925170920042,0.125,Mid-High,36-45,6-10,0.061,Low,37566.0
201,27,No,Travel_Frequently,472,Research & Development,1,1,Technical Degree,3,Male,60,2,2,Manufacturing Director,1,Married,4298,9679,5,No,19,3,3,1,6,1,3,2,2,2,0,0,0.7811311353556035,0.6666666666666666,Mid-Low,26-35,0-2,0.81,High,25788.0
202,49,No,Non-Travel,1002,Research & Development,18,4,Life Sciences,4,Male,92,3,2,Manufacturing Director,4,Divorced,6804,23793,1,Yes,15,3,1,2,7,0,3,7,7,1,7,0,1.2365789308886754,0.125,Mid-High,46-60,6-10,0.005,Low,40824.0
203,34,No,Travel_Frequently,878,Research & Development,10,4,Medical,4,Male,43,3,1,Research Scientist,3,Divorced,3815,5972,1,Yes,17,3,4,1,5,4,4,5,3,2,0,0,1.3688970095057473,0.3333333333333333,Mid-Low,26-35,3-5,0.198,Low,22890.0
204,40,No,Travel_Rarely,905,Research & Development,19,2,Medical,3,Male,99,3,2,Laboratory Technician,4,Married,2741,16523,8,Yes,15,3,3,1,15,2,4,7,2,3,7,0,0.49815738529774534,0.375,Low,36-45,6-10,0.841,High,16446.0
205,38,Yes,Travel_Rarely,1180,Research & Development,29,1,Medical,2,Male,70,3,2,Healthcare Representative,1,Married,6673,11354,7,Yes,19,3,2,0,17,2,3,1,0,0,0,1,1.2127706063815595,0.0,Mid-High,36-45,0-2,0.747,High,40038.0
206,29,Yes,Travel_Rarely,121,Sales,27,3,Marketing,2,Female,35,3,3,Sales Executive,4,Married,7639,24525,1,No,22,4,4,3,10,3,2,10,4,1,9,1,0.778119963871877,0.09090909090909091,Mid-High,26-35,6-10,0.07,Low,45834.0
207,22,No,Travel_Rarely,1136,Research & Development,5,3,Life Sciences,4,Male,60,4,1,Research Scientist,2,Divorced,2328,12392,1,Yes,16,3,1,1,4,2,2,4,2,2,2,0,0.8353321725109777,0.4,Low,18-25,3-5,0.396,Medium,13968.0
208,36,No,Travel_Frequently,635,Research & Development,18,1,Medical,2,Female,73,3,1,Laboratory Technician,4,Single,2153,7703,1,No,13,3,1,0,8,2,3,8,1,1,7,0,0.7725387317079617,0.1111111111111111,Low,36-45,6-10,0.721,High,12918.0
209,40,No,Non-Travel,1151,Research & Development,9,5,Life Sciences,4,Male,63,2,2,Healthcare Representative,4,Married,4876,14242,9,No,14,3,4,1,5,5,1,3,2,0,2,0,0.8861785518831835,0.0,Mid-Low,36-45,3-5,0.066,Low,29256.0
210,46,No,Travel_Rarely,644,Research & Development,1,4,Medical,4,Male,97,3,3,Healthcare Representative,1,Divorced,9396,12368,7,No,16,3,3,1,17,3,3,4,2,0,3,0,0.9570906114072726,0.0,High,46-60,3-5,0.034,Low,56376.0
211,32,Yes,Travel_Rarely,1045,Sales,4,4,Medical,4,Male,32,1,3,Sales Executive,4,Married,10400,25812,1,No,11,3,3,0,14,2,2,14,8,9,8,1,1.0593595528560702,0.6,High,26-35,10+,0.26,Medium,62400.0
212,30,No,Non-Travel,829,Research & Development,1,1,Life Sciences,3,Male,88,2,3,Manufacturing Director,3,Single,8474,20925,1,No,22,4,3,0,12,2,3,11,8,5,8,0,0.8631743125867634,0.4166666666666667,High,26-35,10+,0.053,Low,50844.0
213,27,No,Travel_Frequently,1242,Sales,20,3,Life Sciences,4,Female,90,3,2,Sales Executive,3,Single,9981,12916,1,No,14,3,4,0,7,2,3,7,7,0,7,0,1.8139762359200278,0.0,High,26-35,6-10,0.126,Low,59886.0
214,51,No,Travel_Rarely,1469,Research & Development,8,4,Life Sciences,2,Male,81,2,3,Research Director,2,Married,12490,15736,5,No,16,3,4,2,16,5,1,10,9,4,7,0,1.2722500783819535,0.36363636363636365,High,46-60,6-10,0.025,Low,74940.0
215,30,Yes,Travel_Rarely,1005,Research & Development,3,3,Technical Degree,4,Female,88,3,1,Research Scientist,1,Single,2657,8556,5,Yes,11,3,3,0,8,5,3,5,2,0,4,1,0.9533838412206476,0.0,Low,26-35,3-5,0.653,High,15942.0
216,41,No,Travel_Rarely,896,Sales,6,3,Life Sciences,4,Female,75,3,3,Manager,4,Single,13591,14674,3,Yes,18,3,3,0,16,3,3,1,0,0,0,0,1.3843995848910433,0.0,High,36-45,0-2,0.084,Low,81546.0
217,30,Yes,Travel_Frequently,334,Sales,26,4,Marketing,3,Female,52,2,2,Sales Executive,1,Single,6696,22967,5,No,15,3,3,0,9,5,2,6,3,0,1,1,1.2169506938904424,0.0,Mid-High,26-35,6-10,0.921,High,40176.0
218,29,Yes,Travel_Rarely,992,Research & Development,1,3,Technical Degree,3,Male,85,3,1,Research Scientist,3,Single,2058,19757,0,No,14,3,4,0,7,1,2,6,2,1,5,1,0.7384508638434674,0.14285714285714285,Low,26-35,6-10,0.476,Medium,12348.0
219,45,No,Non-Travel,1052,Sales,6,3,Medical,4,Female,57,2,3,Sales Executive,4,Single,8865,16840,6,No,12,3,4,0,23,2,3,19,7,12,8,0,0.9030021573143329,0.6,High,36-45,10+,0.152,Low,53190.0
220,54,No,Travel_Rarely,1147,Sales,3,3,Marketing,4,Female,52,3,2,Sales Executive,1,Married,5940,17011,2,No,14,3,4,1,16,4,3,6,2,0,5,0,1.0795530349028117,0.0,Mid-High,46-60,6-10,0.032,Low,35640.0
221,36,No,Travel_Rarely,1396,Research & Development,5,2,Life Sciences,4,Male,62,3,2,Laboratory Technician,2,Single,5914,9945,8,No,16,3,4,0,16,3,4,13,11,3,7,0,1.0748277185884223,0.21428571428571427,Mid-High,36-45,10+,0.22,Low,35484.0
222,33,No,Travel_Rarely,147,Research & Development,4,4,Medical,3,Female,47,2,1,Research Scientist,2,Married,2622,13248,6,No,21,4,4,0,7,3,3,3,2,1,1,0,0.9408251530600444,0.25,Low,26-35,3-5,0.245,Low,15732.0
223,37,No,Travel_Frequently,663,Research & Development,11,3,Other,2,Male,47,3,3,Research Director,4,Divorced,12185,10056,1,Yes,14,3,3,3,10,1,3,10,8,0,7,0,1.24118232226454,0.0,High,36-45,6-10,0.074,Low,73110.0
224,38,No,Travel_Rarely,119,Sales,3,3,Life Sciences,1,Male,76,3,3,Sales Executive,3,Divorced,10609,9647,0,No,12,3,3,2,17,6,2,16,10,5,13,0,1.0806486054086586,0.29411764705882354,High,36-45,10+,0.037,Low,63654.0
225,31,No,Non-Travel,979,Research & Development,1,4,Medical,3,Male,90,1,2,Manufacturing Director,3,Married,4345,4381,0,No,12,3,4,1,6,2,3,5,4,1,4,0,0.7896730533085382,0.16666666666666666,Mid-Low,26-35,3-5,0.006,Low,26070.0
226,59,No,Travel_Rarely,142,Research & Development,3,3,Life Sciences,3,Male,70,2,1,Research Scientist,4,Married,2177,8456,3,No,17,3,1,1,7,6,3,1,0,0,0,0,0.7811504035895181,0.0,Low,46-60,0-2,0.11,Low,13062.0
227,37,No,Travel_Frequently,319,Sales,4,4,Marketing,1,Male,41,3,1,Sales Representative,4,Divorced,2793,2539,4,No,17,3,3,1,13,2,3,9,8,5,8,0,1.0021833152161344,0.5,Low,36-45,6-10,0.299,Medium,16758.0
228,29,No,Travel_Frequently,1413,Sales,1,1,Medical,2,Female,42,3,3,Sales Executive,4,Married,7918,6599,1,No,14,3,4,1,11,5,3,11,10,4,1,0,0.8065393211071503,0.3333333333333333,Mid-High,26-35,10+,0.13,Low,47508.0
229,35,No,Travel_Frequently,944,Sales,1,3,Marketing,3,Female,92,3,3,Sales Executive,3,Single,8789,9096,1,No,14,3,1,0,10,3,4,10,7,0,8,0,0.8952606836588463,0.0,High,26-35,6-10,0.252,Medium,52734.0
230,29,Yes,Travel_Rarely,896,Research & Development,18,1,Medical,3,Male,86,2,1,Research Scientist,4,Single,2389,14961,1,Yes,13,3,3,0,4,3,2,4,3,0,1,1,0.8572201718766004,0.0,Low,26-35,3-5,0.852,High,14334.0
231,52,No,Travel_Rarely,1323,Research & Development,2,3,Life Sciences,3,Female,89,2,1,Laboratory Technician,4,Single,3212,3300,7,No,15,3,2,0,6,3,2,2,2,2,2,0,1.152528753481641,0.6666666666666666,Mid-Low,46-60,0-2,0.417,Medium,19272.0
232,42,No,Travel_Rarely,532,Research & Development,4,2,Technical Degree,3,Male,58,3,5,Manager,4,Married,19232,4933,1,No,11,3,4,0,22,3,3,22,17,11,15,0,1.0020932824662674,0.4782608695652174,High,36-45,10+,0.068,Low,115392.0
233,59,No,Travel_Rarely,818,Human Resources,6,2,Medical,2,Male,52,3,1,Human Resources,3,Married,2267,25657,8,No,17,3,4,0,7,2,2,2,2,2,2,0,0.813444173145355,0.6666666666666666,Low,46-60,0-2,0.491,Medium,13602.0
234,50,No,Travel_Rarely,854,Sales,1,4,Medical,4,Female,68,3,5,Manager,4,Divorced,19517,24118,3,No,11,3,3,1,32,3,2,7,0,0,6,0,1.0169433545078068,0.0,High,46-60,6-10,0.001,Low,117102.0
235,33,Yes,Travel_Rarely,813,Research & Development,14,3,Medical,3,Male,58,3,1,Laboratory Technician,4,Married,2436,22149,5,Yes,13,3,3,1,8,2,1,5,4,0,4,1,0.8740846959779818,0.0,Low,26-35,3-5,0.836,High,14616.0
236,43,No,Travel_Rarely,1034,Sales,16,3,Marketing,4,Female,80,3,4,Manager,4,Married,16064,7744,5,Yes,22,4,3,1,22,3,3,17,13,1,9,0,1.0361342119178458,0.05555555555555555,High,36-45,10+,0.025,Low,96384.0
237,33,Yes,Travel_Rarely,465,Research & Development,2,2,Life Sciences,1,Female,39,3,1,Laboratory Technician,1,Married,2707,21509,7,No,20,4,1,0,13,3,4,9,7,1,7,1,0.9713248243072236,0.1,Low,26-35,6-10,0.432,Medium,16242.0
238,52,No,Non-Travel,771,Sales,2,4,Life Sciences,1,Male,79,2,5,Manager,3,Single,19068,21030,1,Yes,18,3,4,0,33,2,4,33,7,15,12,0,0.9935479778528904,0.4411764705882353,High,46-60,10+,0.714,High,114408.0
239,32,No,Travel_Rarely,1401,Sales,4,2,Life Sciences,3,Female,56,3,1,Sales Representative,2,Married,3931,20990,2,No,11,3,1,1,6,5,3,4,3,1,2,0,1.4105200902666035,0.2,Mid-Low,26-35,3-5,0.331,Medium,23586.0
240,32,Yes,Travel_Rarely,515,Research & Development,1,3,Life Sciences,4,Male,62,2,1,Laboratory Technician,3,Single,3730,9571,0,Yes,14,3,4,0,4,2,1,3,2,1,2,1,1.338397338258568,0.25,Mid-Low,26-35,3-5,0.702,High,22380.0
241,39,No,Travel_Rarely,1431,Research & Development,1,4,Medical,3,Female,96,3,1,Laboratory Technician,3,Divorced,2232,15417,7,No,14,3,3,3,7,1,3,3,2,1,2,0,0.8008854849847518,0.25,Low,36-45,3-5,0.226,Low,13392.0
242,32,No,Non-Travel,976,Sales,26,4,Marketing,3,Male,100,3,2,Sales Executive,4,Married,4465,12069,0,No,18,3,1,0,4,2,3,3,2,2,2,0,0.8114822055287971,0.5,Mid-Low,26-35,3-5,0.039,Low,26790.0
243,41,No,Travel_Rarely,1411,Research & Development,19,2,Life Sciences,3,Male,36,3,2,Research Scientist,1,Divorced,3072,19877,2,No,16,3,1,2,17,2,2,1,0,0,0,0,0.5583142968386259,0.0,Mid-Low,36-45,0-2,0.184,Low,18432.0
244,40,No,Travel_Rarely,1300,Research & Development,24,2,Technical Degree,1,Male,62,3,2,Research Scientist,4,Divorced,3319,24447,1,No,17,3,1,2,9,3,3,9,8,4,7,0,0.6032048018253253,0.4,Mid-Low,36-45,6-10,0.341,Medium,19914.0
245,45,No,Travel_Rarely,252,Research & Development,1,3,Other,3,Male,70,4,5,Manager,4,Married,19202,15970,0,No,11,3,3,1,25,2,3,24,0,1,7,0,1.0005301169882106,0.04,High,36-45,10+,0.049,Low,115212.0
246,31,No,Travel_Frequently,1327,Research & Development,3,4,Medical,2,Male,73,3,3,Research Director,3,Divorced,13675,13523,9,No,12,3,1,1,9,3,3,2,2,2,2,0,1.3929559505102653,0.6666666666666666,High,26-35,0-2,0.088,Low,82050.0
247,33,No,Travel_Rarely,832,Research & Development,5,4,Life Sciences,3,Female,63,2,1,Research Scientist,4,Married,2911,14776,1,No,13,3,3,1,2,2,2,2,2,0,2,0,1.0445240353004537,0.0,Low,26-35,0-2,0.089,Low,17466.0
248,34,No,Travel_Rarely,470,Research & Development,2,4,Life Sciences,4,Male,84,2,2,Manufacturing Director,1,Married,5957,23687,6,No,13,3,2,1,13,3,3,11,9,5,9,0,1.0826426648006817,0.4166666666666667,Mid-High,26-35,10+,0.229,Low,35742.0
249,37,No,Travel_Rarely,1017,Research & Development,1,2,Medical,3,Female,83,2,1,Research Scientist,1,Married,3920,18697,2,No,14,3,1,1,17,2,2,3,1,0,2,0,1.4065730739875568,0.0,Mid-Low,36-45,3-5,0.158,Low,23520.0
250,45,No,Travel_Frequently,1199,Research & Development,7,4,Life Sciences,1,Male,77,4,2,Manufacturing Director,3,Married,6434,5118,4,No,17,3,4,1,9,1,3,3,2,0,2,0,1.1693340448762106,0.0,Mid-High,36-45,3-5,0.225,Low,38604.0
251,37,Yes,Travel_Frequently,504,Research & Development,10,3,Medical,1,Male,61,3,3,Manufacturing Director,3,Divorced,10048,22573,6,No,11,3,2,2,17,5,3,1,0,0,0,1,1.0235043064517109,0.0,High,36-45,0-2,0.321,Medium,60288.0
252,39,No,Travel_Frequently,505,Research & Development,2,4,Technical Degree,3,Female,64,3,3,Healthcare Representative,3,Single,10938,6420,0,No,25,4,4,0,20,1,3,19,6,11,8,0,1.1141610374172783,0.55,High,36-45,10+,0.59,High,65628.0
253,29,No,Travel_Rarely,665,Research & Development,15,3,Life Sciences,3,Male,60,3,1,Research Scientist,4,Single,2340,22673,1,No,19,3,1,0,6,1,3,6,5,1,5,0,0.8396380084517558,0.14285714285714285,Low,26-35,6-10,0.201,Low,14040.0
254,42,No,Travel_Rarely,916,Research & Development,17,2,Life Sciences,4,Female,82,4,2,Research Scientist,1,Single,6545,23016,3,Yes,13,3,3,0,10,1,3,3,2,0,2,0,1.18950751067995,0.0,Mid-High,36-45,3-5,0.527,High,39270.0
255,29,No,Travel_Rarely,1247,Sales,20,2,Marketing,4,Male,45,3,2,Sales Executive,4,Divorced,6931,10732,2,No,14,3,4,1,10,2,3,3,2,0,2,0,1.2596602836551158,0.0,Mid-High,26-35,3-5,0.049,Low,41586.0
256,25,No,Travel_Rarely,685,Research & Development,1,3,Life Sciences,1,Female,62,3,2,Manufacturing Director,3,Married,4898,7505,0,No,12,3,4,2,5,3,3,4,2,1,2,0,0.8901768964568977,0.2,Mid-Low,18-25,3-5,0.082,Low,29388.0
257,42,No,Travel_Rarely,269,Research & Development,2,3,Medical,4,Female,56,2,1,Laboratory Technician,1,Divorced,2593,8007,0,Yes,11,3,3,1,10,4,3,9,6,7,8,0,0.9304193828698304,0.7,Low,36-45,6-10,0.522,High,15558.0
258,40,No,Travel_Rarely,1416,Research & Development,2,2,Medical,1,Male,49,3,5,Research Director,3,Divorced,19436,5949,0,No,19,3,4,1,22,5,3,21,7,3,9,0,1.0127228077170536,0.13636363636363635,High,36-45,10+,0.005,Low,116616.0
259,51,No,Travel_Rarely,833,Research & Development,1,3,Life Sciences,3,Male,96,3,1,Research Scientist,4,Married,2723,23231,1,No,11,3,2,0,1,0,2,1,0,0,0,0,0.9770659388949279,0.0,Low,46-60,0-2,0.211,Low,16338.0
260,31,Yes,Travel_Frequently,307,Research & Development,29,2,Medical,3,Male,71,2,1,Laboratory Technician,2,Single,3479,11652,0,No,11,3,2,0,6,2,4,5,4,1,4,1,1.2483336031639567,0.16666666666666666,Mid-Low,26-35,3-5,0.806,High,20874.0
261,32,No,Travel_Frequently,1311,Research & Development,7,3,Life Sciences,2,Male,100,4,1,Laboratory Technician,2,Married,2794,26062,1,No,20,4,3,0,5,3,1,5,1,0,3,0,1.0025421348778658,0.0,Low,26-35,3-5,0.649,High,16764.0
262,38,No,Non-Travel,1327,Sales,2,2,Life Sciences,4,Male,39,2,2,Sales Executive,4,Married,5249,19682,3,No,18,3,4,1,13,0,3,8,7,7,5,0,0.9539686667011548,0.7777777777777778,Mid-High,36-45,6-10,0.017,Low,31494.0
263,32,No,Travel_Rarely,128,Research & Development,2,1,Technical Degree,4,Male,84,2,2,Laboratory Technician,1,Single,2176,19737,4,No,13,3,4,0,9,5,3,6,2,0,4,0,0.39547262692736,0.0,Low,26-35,6-10,0.742,High,13056.0
264,46,No,Travel_Rarely,488,Sales,2,3,Technical Degree,3,Female,75,1,4,Manager,2,Married,16872,14977,3,Yes,12,3,2,1,28,2,2,7,7,7,7,0,1.088250524369889,0.875,High,46-60,6-10,0.819,High,101232.0
265,28,Yes,Travel_Rarely,529,Research & Development,2,4,Life Sciences,1,Male,79,3,1,Laboratory Technician,3,Single,3485,14935,2,No,11,3,3,0,5,5,1,0,0,0,0,1,1.2504865211343459,0.0,Mid-Low,26-35,0-2,0.65,High,20910.0
266,29,No,Travel_Rarely,1210,Sales,2,3,Medical,1,Male,78,2,2,Sales Executive,2,Married,6644,3687,2,No,19,3,2,2,10,2,3,0,0,0,0,0,1.2075000612616635,0.0,Mid-High,26-35,0-2,0.449,Medium,39864.0
267,31,No,Travel_Rarely,1463,Research & Development,23,3,Medical,2,Male,64,2,2,Healthcare Representative,4,Married,5582,14408,0,No,21,4,2,1,10,2,3,9,0,7,8,0,1.014489064112373,0.7,Mid-High,26-35,6-10,0.267,Medium,33492.0
268,25,No,Non-Travel,675,Research & Development,5,2,Life Sciences,2,Male,85,4,2,Healthcare Representative,1,Divorced,4000,18384,1,No,12,3,4,2,6,2,3,6,3,1,5,0,0.7269717406752941,0.14285714285714285,Mid-Low,18-25,6-10,0.01,Low,24000.0
269,45,No,Travel_Rarely,1385,Research & Development,20,2,Medical,3,Male,79,3,4,Healthcare Representative,4,Married,13496,7501,0,Yes,14,3,2,0,21,2,3,20,7,4,10,0,0.8704972188771942,0.19047619047619047,High,36-45,10+,0.196,Low,80976.0
270,36,No,Travel_Rarely,1403,Research & Development,6,3,Life Sciences,4,Male,47,3,1,Laboratory Technician,4,Married,3210,20251,0,No,11,3,3,1,16,4,3,15,13,10,11,0,1.151811114158178,0.625,Mid-Low,36-45,10+,0.052,Low,19260.0
271,55,No,Travel_Rarely,452,Research & Development,1,3,Medical,4,Male,81,3,5,Manager,1,Single,19045,18938,0,Yes,14,3,3,0,37,2,3,36,10,4,13,0,0.9923495509863801,0.10810810810810811,High,46-60,10+,0.372,Medium,114270.0
272,47,Yes,Non-Travel,666,Research & Development,29,4,Life Sciences,1,Male,88,3,3,Manager,2,Married,11849,10268,1,Yes,12,3,4,1,10,2,2,10,7,9,9,1,1.2069568597876514,0.8181818181818182,High,46-60,6-10,0.243,Low,71094.0
273,28,No,Travel_Rarely,1158,Research & Development,9,3,Medical,4,Male,94,3,1,Research Scientist,4,Married,2070,2613,1,No,23,4,4,1,5,3,2,5,2,0,4,0,0.7427566997842456,0.0,Low,26-35,3-5,0.042,Low,12420.0
274,37,No,Travel_Rarely,228,Sales,6,4,Medical,3,Male,98,3,2,Sales Executive,4,Married,6502,22825,4,No,14,3,2,1,7,5,4,5,4,0,1,0,1.1816925644676906,0.0,Mid-High,36-45,3-5,0.108,Low,39012.0
275,21,No,Travel_Rarely,996,Research & Development,3,2,Medical,4,Male,100,2,1,Research Scientist,3,Single,3230,10531,1,No,17,3,1,0,3,4,4,3,2,1,0,0,1.1589875073928084,0.25,Mid-Low,18-25,3-5,0.309,Medium,19380.0
276,37,No,Non-Travel,728,Research & Development,1,4,Medical,1,Female,80,3,3,Research Director,4,Divorced,13603,11677,2,Yes,18,3,1,2,15,2,3,5,2,0,2,0,1.3856219228366464,0.0,High,36-45,3-5,0.009,Low,81618.0
277,35,No,Travel_Rarely,1315,Research & Development,22,3,Life Sciences,2,Female,71,4,3,Manager,2,Divorced,11996,19100,7,No,18,3,2,1,10,6,2,7,7,6,2,0,1.22193049962129,0.75,High,26-35,6-10,0.068,Low,71976.0
278,38,No,Travel_Rarely,322,Sales,7,2,Medical,1,Female,44,4,2,Sales Executive,1,Divorced,5605,19191,1,Yes,24,4,3,1,8,3,3,8,0,7,7,0,1.0186691516212558,0.7777777777777778,Mid-High,36-45,6-10,0.621,High,33630.0
279,26,No,Travel_Frequently,1479,Research & Development,1,3,Life Sciences,3,Female,84,3,2,Manufacturing Director,2,Divorced,6397,26767,1,No,20,4,1,1,6,6,1,6,5,1,4,0,1.162609556274964,0.14285714285714285,Mid-High,26-35,6-10,0.018,Low,38382.0
280,50,No,Travel_Rarely,797,Research & Development,4,1,Life Sciences,1,Male,96,3,5,Research Director,2,Divorced,19144,15815,3,No,14,3,1,2,28,4,2,10,4,1,6,0,0.9975079970639675,0.09090909090909091,High,46-60,6-10,0.01,Low,114864.0
281,53,No,Travel_Rarely,1070,Research & Development,3,4,Medical,3,Male,45,3,4,Research Director,3,Married,17584,21016,3,Yes,16,3,4,3,21,5,2,5,3,1,3,0,1.134174799698917,0.16666666666666666,High,46-60,3-5,0.063,Low,105504.0
282,42,No,Travel_Rarely,635,Sales,1,1,Life Sciences,2,Male,99,3,2,Sales Executive,3,Married,4907,24532,1,No,25,4,3,0,20,3,3,20,16,11,6,0,0.8918125828734171,0.5238095238095238,Mid-Low,36-45,10+,0.121,Low,29442.0
283,29,No,Travel_Frequently,442,Sales,2,2,Life Sciences,2,Male,44,3,2,Sales Executive,4,Single,4554,20260,1,No,18,3,1,0,10,3,2,10,7,0,9,0,0.8276573267588224,0.0,Mid-Low,26-35,6-10,0.18,Low,27324.0
284,55,No,Travel_Rarely,147,Research & Development,20,2,Technical Degree,2,Male,37,3,2,Laboratory Technician,4,Married,5415,15972,3,Yes,19,3,4,1,12,4,3,10,7,0,8,0,0.9841379939391794,0.0,Mid-High,46-60,6-10,0.507,High,32490.0
285,26,No,Travel_Frequently,496,Research & Development,11,2,Medical,1,Male,60,3,2,Healthcare Representative,1,Married,4741,22722,1,Yes,13,3,3,1,5,3,3,5,3,3,3,0,0.8616432556353923,0.5,Mid-Low,26-35,3-5,0.922,High,28446.0
286,37,No,Travel_Rarely,1372,Research & Development,1,3,Life Sciences,4,Female,42,3,1,Research Scientist,4,Single,2115,15881,1,No,12,3,2,0,17,3,3,17,12,5,7,0,0.758903584562164,0.2777777777777778,Low,36-45,10+,0.061,Low,12690.0
287,44,Yes,Travel_Frequently,920,Research & Development,24,3,Life Sciences,4,Male,43,3,1,Laboratory Technician,3,Divorced,3161,19920,3,Yes,22,4,4,1,19,0,1,1,0,0,0,1,1.1342289507333334,0.0,Mid-Low,36-45,0-2,0.631,High,18966.0
288,38,No,Travel_Rarely,688,Research & Development,23,4,Life Sciences,4,Male,82,3,2,Healthcare Representative,4,Divorced,5745,18899,9,No,14,3,2,1,10,2,3,2,2,1,2,0,1.0441131625448912,0.3333333333333333,Mid-High,36-45,0-2,0.132,Low,34470.0
289,26,Yes,Travel_Rarely,1449,Research & Development,16,4,Medical,1,Male,45,3,1,Laboratory Technician,2,Divorced,2373,14180,2,Yes,13,3,4,1,5,2,3,3,2,0,2,1,0.8514790572888961,0.0,Low,26-35,3-5,0.869,High,14238.0
290,28,No,Travel_Rarely,1117,Research & Development,8,2,Life Sciences,4,Female,66,3,1,Research Scientist,4,Single,3310,4488,1,No,21,4,4,0,5,3,3,5,3,0,2,0,1.18769308033133,0.0,Mid-Low,26-35,3-5,0.038,Low,19860.0
291,49,No,Travel_Frequently,636,Research & Development,10,4,Life Sciences,3,Female,35,3,5,Research Director,1,Single,18665,25594,9,Yes,11,3,4,0,22,4,3,3,2,1,2,0,0.9725494549309942,0.25,High,46-60,3-5,0.8,High,111990.0
292,36,No,Travel_Rarely,506,Research & Development,3,3,Technical Degree,3,Male,30,3,2,Research Scientist,2,Single,4485,26285,4,No,12,3,4,0,10,2,3,8,0,7,7,0,0.8151170642321736,0.7777777777777778,Mid-Low,36-45,6-10,0.838,High,26910.0
293,31,No,Travel_Frequently,444,Sales,5,3,Marketing,4,Female,84,3,1,Sales Representative,2,Divorced,2789,3909,1,No,11,3,3,1,2,5,2,2,2,2,2,0,1.0007480365692083,0.6666666666666666,Low,26-35,0-2,0.432,Medium,16734.0
294,26,Yes,Travel_Rarely,950,Sales,4,4,Marketing,4,Male,48,2,2,Sales Executive,4,Single,5828,8450,1,Yes,12,3,2,0,8,0,3,8,7,7,4,1,1.0591978261639035,0.7777777777777778,Mid-High,26-35,6-10,0.912,High,34968.0
295,37,No,Travel_Frequently,889,Research & Development,9,3,Medical,2,Male,53,3,1,Research Scientist,4,Married,2326,11411,1,Yes,12,3,3,3,4,3,2,4,2,1,2,0,0.8346145331875147,0.2,Low,36-45,3-5,0.734,High,13956.0
296,42,No,Travel_Frequently,555,Sales,26,3,Marketing,3,Female,77,3,4,Sales Executive,2,Married,13525,14864,5,No,14,3,4,1,23,2,4,20,4,4,8,0,0.8723677300914384,0.19047619047619047,High,36-45,10+,0.833,High,81150.0
297,18,Yes,Travel_Rarely,230,Research & Development,3,3,Life Sciences,3,Male,54,3,1,Laboratory Technician,3,Single,1420,25233,1,No,13,3,3,0,0,2,3,0,0,0,0,1,0.5095239196587579,0.0,Low,18-25,0-2,0.667,High,8520.0
298,35,No,Travel_Rarely,1232,Sales,16,3,Marketing,3,Male,96,3,3,Sales Executive,2,Married,8020,5100,0,No,15,3,3,2,12,3,2,11,9,6,9,0,0.8169291936447772,0.5,Mid-High,26-35,10+,0.222,Low,48120.0
299,36,No,Travel_Frequently,566,Research & Development,18,4,Life Sciences,3,Male,81,4,1,Laboratory Technician,4,Married,3688,7122,4,No,18,3,4,2,4,2,3,1,0,0,0,0,1.3233269124658444,0.0,Mid-Low,36-45,0-2,0.173,Low,22128.0
300,51,No,Travel_Rarely,1302,Research & Development,2,3,Medical,4,Male,84,1,2,Manufacturing Director,2,Divorced,5482,16321,5,No,18,3,4,1,13,3,3,4,1,1,2,0,0.9963147705954907,0.2,Mid-High,46-60,3-5,0.087,Low,32892.0
301,41,No,Travel_Rarely,334,Sales,2,4,Life Sciences,4,Male,88,3,4,Manager,2,Single,16015,15896,1,No,19,3,2,0,22,2,3,22,10,0,4,0,1.0329736929696403,0.0,High,36-45,10+,0.06,Low,96090.0
302,18,No,Travel_Rarely,812,Sales,10,3,Medical,4,Female,69,2,1,Sales Representative,3,Single,1200,9724,1,No,12,3,1,0,0,2,3,0,0,0,0,0,0.43058359407782354,0.0,Low,18-25,0-2,0.786,High,7200.0
303,28,No,Travel_Rarely,1476,Research & Development,16,2,Medical,2,Male,68,4,2,Healthcare Representative,1,Single,5661,4824,0,No,19,3,3,0,9,2,3,8,3,0,7,0,1.02884675599071,0.0,Mid-High,26-35,6-10,0.106,Low,33966.0
304,31,No,Travel_Rarely,218,Sales,7,3,Technical Degree,2,Male,100,4,2,Sales Executive,4,Married,6929,12241,4,No,11,3,2,1,10,3,2,8,7,7,7,0,1.2592967977847782,0.7777777777777778,Mid-High,26-35,6-10,0.454,Medium,41574.0
305,39,No,Travel_Rarely,1132,Research & Development,1,3,Medical,3,Male,48,4,3,Healthcare Representative,4,Divorced,9613,10942,0,No,17,3,1,3,19,5,2,18,10,3,7,0,0.9791945559235964,0.15789473684210525,High,36-45,10+,0.004,Low,57678.0
306,36,No,Non-Travel,1105,Research & Development,24,4,Life Sciences,2,Female,47,3,2,Laboratory Technician,2,Married,5674,6927,7,No,15,3,3,1,11,3,3,9,8,0,8,0,1.0312094141479047,0.0,Mid-High,36-45,6-10,0.081,Low,34044.0
307,32,No,Travel_Rarely,906,Sales,7,3,Life Sciences,4,Male,91,2,2,Sales Executive,3,Married,5484,16985,1,No,14,3,3,1,13,3,2,13,8,4,8,0,0.9966782564658283,0.2857142857142857,Mid-High,26-35,10+,0.063,Low,32904.0
308,38,No,Travel_Rarely,849,Research & Development,25,2,Life Sciences,1,Female,81,2,3,Research Director,2,Married,12061,26707,3,No,17,3,3,1,19,2,3,10,8,0,1,0,1.2285514968266407,0.0,High,36-45,6-10,0.079,Low,72366.0
309,58,No,Non-Travel,390,Research & Development,1,4,Life Sciences,4,Male,32,1,2,Healthcare Representative,3,Divorced,5660,17056,2,Yes,13,3,4,1,12,2,3,5,3,1,2,0,1.0286650130555413,0.16666666666666666,Mid-High,46-60,3-5,0.101,Low,33960.0
310,31,No,Travel_Rarely,691,Research & Development,5,4,Technical Degree,3,Male,86,3,1,Research Scientist,4,Married,4821,10077,0,Yes,12,3,3,1,6,4,3,5,2,0,3,0,1.729869589207656,0.0,Mid-Low,26-35,3-5,0.395,Medium,28926.0
311,31,No,Travel_Rarely,106,Human Resources,2,3,Human Resources,1,Male,62,2,2,Human Resources,1,Married,6410,17822,3,No,12,3,4,0,9,1,3,2,2,1,0,0,1.1649722144321588,0.3333333333333333,Mid-High,26-35,0-2,0.885,High,38460.0
312,45,No,Travel_Frequently,1249,Research & Development,7,3,Life Sciences,1,Male,97,3,3,Laboratory Technician,1,Divorced,5210,20308,1,No,18,3,1,1,24,2,3,24,9,9,11,0,0.5306983913827044,0.36,Mid-High,36-45,10+,0.616,High,31260.0
313,31,No,Travel_Rarely,192,Research & Development,2,4,Life Sciences,3,Male,32,3,1,Research Scientist,4,Divorced,2695,7747,0,Yes,18,3,2,1,3,2,1,2,2,2,2,0,0.9670189883664454,0.6666666666666666,Low,26-35,0-2,0.394,Medium,16170.0
314,33,No,Travel_Frequently,553,Research & Development,5,4,Life Sciences,4,Female,74,3,3,Manager,2,Married,11878,23364,6,No,11,3,2,2,12,2,3,10,6,8,8,0,1.2099108431561925,0.7272727272727273,High,26-35,6-10,0.167,Low,71268.0
315,39,No,Travel_Rarely,117,Research & Development,10,1,Medical,3,Male,99,3,4,Manager,1,Married,17068,5355,1,Yes,14,3,4,0,21,3,3,21,9,11,10,0,1.1008926001627113,0.5,High,36-45,10+,0.701,High,102408.0
316,43,No,Travel_Frequently,185,Research & Development,10,4,Life Sciences,3,Female,33,3,1,Laboratory Technician,4,Single,2455,10675,0,No,19,3,1,0,9,5,3,8,7,1,7,0,0.8809022695508807,0.1111111111111111,Low,36-45,6-10,0.232,Low,14730.0
317,49,No,Travel_Rarely,1091,Research & Development,1,2,Technical Degree,3,Female,90,2,4,Healthcare Representative,3,Single,13964,17810,7,Yes,12,3,4,0,25,2,3,7,1,0,7,0,0.9006833998518925,0.0,High,46-60,6-10,0.572,High,83784.0
318,52,Yes,Travel_Rarely,723,Research & Development,8,4,Medical,3,Male,85,2,2,Research Scientist,2,Married,4941,17747,2,No,15,3,1,0,11,3,2,8,2,7,7,1,0.8979918426691571,0.7777777777777778,Mid-High,46-60,6-10,0.45,Medium,29646.0
319,27,No,Travel_Rarely,1220,Research & Development,5,3,Life Sciences,3,Female,85,3,1,Research Scientist,2,Single,2478,20938,1,Yes,12,3,2,0,4,2,2,4,3,1,2,0,0.8891551217707057,0.2,Low,26-35,3-5,0.72,High,14868.0
320,32,No,Travel_Rarely,588,Sales,8,2,Technical Degree,3,Female,65,2,2,Sales Executive,2,Married,5228,24624,1,Yes,11,3,4,0,13,2,3,13,12,11,9,0,0.9501520650626094,0.7857142857142857,Mid-High,26-35,10+,0.889,High,31368.0
321,27,No,Travel_Rarely,1377,Sales,2,3,Life Sciences,4,Male,74,3,2,Sales Executive,3,Single,4478,5242,1,Yes,11,3,1,0,5,3,3,5,4,0,4,0,0.8138448636859917,0.0,Mid-Low,26-35,3-5,0.572,High,26868.0
322,31,No,Travel_Rarely,691,Sales,7,3,Marketing,4,Male,73,3,2,Sales Executive,4,Divorced,7547,7143,4,No,12,3,4,3,13,3,3,7,7,1,7,0,1.3716139317191112,0.125,Mid-High,26-35,6-10,0.013,Low,45282.0
323,32,No,Travel_Rarely,1018,Research & Development,2,4,Medical,1,Female,74,4,2,Research Scientist,4,Single,5055,10557,7,No,16,3,3,0,10,0,2,7,7,0,7,0,0.918710537278403,0.0,Mid-High,26-35,6-10,0.252,Medium,30330.0
324,28,Yes,Travel_Rarely,1157,Research & Development,2,4,Medical,1,Male,84,1,1,Research Scientist,4,Married,3464,24737,5,Yes,13,3,4,0,5,4,2,3,2,2,2,1,1.242951308237984,0.5,Mid-Low,26-35,3-5,0.785,High,20784.0
325,30,No,Travel_Rarely,1275,Research & Development,28,2,Medical,4,Female,64,3,2,Research Scientist,4,Married,5775,11934,1,No,13,3,4,2,11,2,3,10,8,1,9,0,1.0495654505999559,0.09090909090909091,Mid-High,26-35,6-10,0.021,Low,34650.0
326,31,No,Travel_Frequently,798,Research & Development,7,2,Life Sciences,3,Female,48,2,3,Manufacturing Director,3,Married,8943,14034,1,No,24,4,1,1,10,2,3,10,9,8,9,0,0.9109473539607534,0.7272727272727273,High,26-35,6-10,0.08,Low,53658.0
327,39,No,Travel_Frequently,672,Research & Development,7,2,Medical,3,Male,54,2,5,Manager,4,Married,19272,21141,1,No,15,3,1,1,21,2,3,21,9,13,3,0,1.0041775031036764,0.5909090909090909,High,36-45,10+,0.712,High,115632.0
328,39,Yes,Travel_Rarely,1162,Sales,3,2,Medical,4,Female,41,3,2,Sales Executive,3,Married,5238,17778,4,Yes,18,3,1,0,12,3,2,1,0,0,0,1,0.9519694944142977,0.0,Mid-High,36-45,0-2,0.446,Medium,31428.0
329,33,No,Travel_Frequently,508,Sales,10,3,Marketing,2,Male,46,2,2,Sales Executive,4,Single,4682,4317,3,No,14,3,3,0,9,6,2,7,7,0,1,0,0.8509204224604318,0.0,Mid-Low,26-35,6-10,0.592,High,28092.0
330,47,No,Travel_Rarely,1482,Research & Development,5,5,Life Sciences,4,Male,42,3,5,Research Director,3,Married,18300,16375,4,No,11,3,2,1,21,2,3,3,2,1,1,0,0.9535309416146367,0.25,High,46-60,3-5,0.016,Low,109800.0
331,43,No,Travel_Frequently,559,Research & Development,10,4,Life Sciences,3,Female,82,2,2,Laboratory Technician,3,Divorced,5257,6227,1,No,11,3,2,1,9,3,4,9,7,0,0,0,0.9554226101825053,0.0,Mid-High,36-45,6-10,0.197,Low,31542.0
332,27,No,Non-Travel,210,Sales,1,1,Marketing,3,Male,73,3,2,Sales Executive,2,Married,6349,22107,0,Yes,13,3,4,1,6,0,3,5,4,1,4,0,1.1538858953868607,0.16666666666666666,Mid-High,26-35,3-5,0.386,Medium,38094.0
333,54,No,Travel_Frequently,928,Research & Development,20,4,Life Sciences,4,Female,31,3,2,Research Scientist,3,Single,4869,16885,3,No,12,3,4,0,20,4,2,4,3,0,3,0,0.8849063513370018,0.0,Mid-Low,46-60,3-5,0.226,Low,29214.0
334,43,No,Travel_Rarely,1001,Research & Development,7,3,Life Sciences,3,Female,43,3,3,Healthcare Representative,1,Married,9985,9262,8,No,16,3,1,1,10,1,2,1,0,0,0,0,1.0170870322372942,0.0,High,36-45,0-2,0.335,Medium,59910.0
335,45,No,Travel_Rarely,549,Research & Development,8,4,Other,4,Male,75,3,2,Research Scientist,4,Married,3697,9278,9,No,14,3,1,2,12,3,3,10,9,9,8,0,0.6719036313191407,0.8181818181818182,Mid-Low,36-45,6-10,0.222,Low,22182.0
336,40,No,Travel_Rarely,1124,Sales,1,2,Medical,2,Male,57,1,2,Sales Executive,4,Married,7457,13273,2,Yes,22,4,3,3,6,2,2,4,3,0,2,0,1.355257067553917,0.0,Mid-High,36-45,3-5,0.557,High,44742.0
337,29,Yes,Travel_Rarely,318,Research & Development,8,4,Other,2,Male,77,1,1,Laboratory Technician,1,Married,2119,4759,1,Yes,11,3,4,0,7,4,2,7,7,0,7,1,0.76033886320909,0.0,Low,26-35,6-10,0.897,High,12714.0
338,29,No,Travel_Rarely,738,Research & Development,9,5,Other,2,Male,30,2,1,Laboratory Technician,4,Single,3983,7621,0,No,17,3,3,0,4,2,3,3,2,2,2,0,1.4291787126766426,0.5,Mid-Low,26-35,3-5,0.474,Medium,23898.0
339,30,No,Travel_Rarely,570,Sales,5,3,Marketing,4,Female,30,2,2,Sales Executive,3,Divorced,6118,5431,1,No,13,3,3,3,10,2,3,10,9,1,2,0,1.1119032773628623,0.09090909090909091,Mid-High,26-35,6-10,0.066,Low,36708.0
340,27,No,Travel_Rarely,1130,Sales,8,4,Marketing,2,Female,56,3,2,Sales Executive,2,Married,6214,3415,1,No,18,3,1,1,8,3,3,8,7,0,7,0,1.1293505991390695,0.0,Mid-High,26-35,6-10,0.174,Low,37284.0
341,37,No,Travel_Rarely,1192,Research & Development,5,2,Medical,4,Male,61,3,2,Manufacturing Director,4,Divorced,6347,23177,7,No,16,3,3,2,8,2,2,6,2,0,4,0,1.153522409516523,0.0,Mid-High,36-45,6-10,0.06,Low,38082.0
342,38,No,Travel_Rarely,343,Research & Development,15,2,Life Sciences,3,Male,92,2,3,Research Director,4,Divorced,11510,15682,0,Yes,14,3,2,1,12,3,3,11,10,2,9,0,1.1724258128243623,0.16666666666666666,High,36-45,10+,0.03,Low,69060.0
343,31,No,Travel_Rarely,1232,Research & Development,7,4,Medical,3,Female,39,3,3,Manufacturing Director,4,Single,7143,25713,1,Yes,14,3,3,0,11,2,2,11,9,4,10,0,0.7275966621202797,0.3333333333333333,Mid-High,26-35,10+,0.331,Medium,42858.0
344,29,No,Travel_Rarely,144,Sales,10,1,Marketing,4,Female,39,2,2,Sales Executive,2,Divorced,8268,11866,1,Yes,14,3,1,2,7,2,3,7,7,1,7,0,1.502650587975833,0.125,Mid-High,26-35,6-10,0.376,Medium,49608.0
345,35,No,Travel_Rarely,1296,Research & Development,5,4,Technical Degree,3,Male,62,3,3,Manufacturing Director,2,Single,8095,18264,0,No,13,3,4,0,17,5,3,16,6,0,13,0,0.824568805804797,0.0,Mid-High,26-35,10+,0.134,Low,48570.0
346,23,No,Travel_Rarely,1309,Research & Development,26,1,Life Sciences,3,Male,83,3,1,Research Scientist,4,Divorced,2904,16092,1,No,12,3,3,2,4,2,2,4,2,0,2,0,1.042012297668333,0.0,Low,18-25,3-5,0.114,Low,17424.0
347,41,No,Travel_Rarely,483,Research & Development,6,3,Medical,4,Male,95,2,2,Manufacturing Director,2,Single,6032,10110,6,Yes,15,3,4,0,8,3,3,5,4,1,2,0,1.0962733849383435,0.16666666666666666,Mid-High,36-45,3-5,0.733,High,36192.0
348,47,No,Travel_Frequently,1309,Sales,4,1,Medical,2,Male,99,3,2,Sales Representative,3,Single,2976,25751,3,No,19,3,1,0,5,3,3,0,0,0,0,0,0.5408669750624189,0.0,Mid-Low,46-60,0-2,0.816,High,17856.0
349,42,No,Travel_Rarely,810,Research & Development,23,5,Life Sciences,1,Female,44,3,4,Research Director,4,Single,15992,15901,2,No,14,3,2,0,16,2,3,1,0,0,0,0,1.0314901840755846,0.0,High,36-45,0-2,0.166,Low,95952.0
350,29,No,Non-Travel,746,Sales,2,3,Life Sciences,4,Male,61,3,2,Sales Executive,3,Married,4649,16928,1,No,14,3,1,1,4,3,2,4,3,0,2,0,0.8449229055998606,0.0,Mid-Low,26-35,3-5,0.024,Low,27894.0
351,42,No,Travel_Rarely,544,Human Resources,2,1,Technical Degree,3,Male,52,3,1,Human Resources,3,Divorced,2696,24017,0,Yes,11,3,3,1,4,5,3,3,2,1,0,0,0.9673778080281769,0.25,Low,36-45,3-5,0.564,High,16176.0
352,32,No,Travel_Rarely,1062,Research & Development,2,3,Medical,3,Female,75,3,1,Laboratory Technician,2,Married,2370,3956,1,No,13,3,3,1,8,4,3,8,0,0,7,0,0.8504025983037015,0.0,Low,26-35,6-10,0.16,Low,14220.0
353,48,No,Travel_Rarely,530,Sales,29,1,Medical,1,Female,91,3,3,Manager,3,Married,12504,23978,3,No,21,4,2,1,15,3,1,0,0,0,0,0,1.2736761393184906,0.0,High,46-60,0-2,0.396,Medium,75024.0
354,37,No,Travel_Rarely,1319,Research & Development,6,3,Medical,3,Male,51,4,2,Research Scientist,1,Divorced,5974,17001,4,Yes,13,3,1,2,13,2,3,7,7,6,7,0,1.0857322946985517,0.75,Mid-High,36-45,6-10,0.334,Medium,35844.0
355,30,No,Non-Travel,641,Sales,25,2,Technical Degree,4,Female,85,3,2,Sales Executive,3,Married,4736,6069,7,Yes,12,3,2,1,4,2,4,2,2,2,2,0,0.8607345409595483,0.6666666666666666,Mid-Low,26-35,0-2,0.832,High,28416.0
356,26,No,Travel_Rarely,933,Sales,1,3,Life Sciences,3,Male,57,3,2,Sales Executive,3,Married,5296,20156,1,No,17,3,2,1,8,3,3,8,7,7,7,0,0.9625105846540895,0.7777777777777778,Mid-High,26-35,6-10,0.094,Low,31776.0
357,42,No,Travel_Rarely,1332,Research & Development,2,4,Other,1,Male,98,2,2,Healthcare Representative,4,Single,6781,17078,3,No,23,4,2,0,14,6,3,1,0,0,0,0,1.2323988433797923,0.0,Mid-High,36-45,0-2,0.093,Low,40686.0
358,21,Yes,Travel_Frequently,756,Sales,1,1,Technical Degree,1,Female,99,2,1,Sales Representative,2,Single,2174,9150,1,Yes,11,3,3,0,3,3,3,3,2,1,2,1,0.7800739446043237,0.25,Low,18-25,3-5,0.997,High,13044.0
359,36,No,Non-Travel,845,Sales,1,5,Medical,4,Female,45,3,2,Sales Executive,4,Single,6653,15276,4,No,15,3,2,0,7,6,3,1,0,0,0,0,1.209135747678183,0.0,Mid-High,36-45,0-2,0.049,Low,39918.0
360,36,No,Travel_Frequently,541,Sales,3,4,Medical,1,Male,48,2,3,Sales Executive,4,Married,9699,7246,4,No,11,3,1,1,16,2,3,13,9,1,12,0,0.9879546445337524,0.07142857142857142,High,36-45,10+,0.365,Medium,58194.0
361,57,No,Travel_Rarely,593,Research & Development,1,4,Medical,4,Male,88,3,2,Healthcare Representative,3,Married,6755,2967,2,No,11,3,3,0,15,2,3,3,2,1,2,0,1.227673527065403,0.25,Mid-High,46-60,3-5,0.014,Low,40530.0
362,40,No,Travel_Rarely,1171,Research & Development,10,4,Life Sciences,4,Female,46,4,1,Laboratory Technician,3,Married,2213,22495,3,Yes,13,3,3,1,10,3,3,7,7,1,7,0,0.794067911411853,0.125,Low,36-45,6-10,0.136,Low,13278.0
363,21,No,Non-Travel,895,Sales,9,2,Medical,1,Male,39,3,1,Sales Representative,4,Single,2610,2851,1,No,24,4,3,0,3,3,2,3,2,2,2,0,0.9365193171192662,0.5,Low,18-25,3-5,0.543,High,15660.0
364,33,Yes,Travel_Rarely,350,Sales,5,3,Marketing,4,Female,34,3,1,Sales Representative,3,Single,2851,9150,1,Yes,13,3,2,0,1,2,3,1,0,0,0,1,1.0229948555965624,0.0,Low,26-35,0-2,0.898,High,17106.0
365,37,No,Travel_Rarely,921,Research & Development,10,3,Medical,3,Female,98,3,1,Laboratory Technician,1,Married,3452,17663,6,No,20,4,2,1,17,3,3,5,4,0,3,0,1.2386454722972058,0.0,Mid-Low,36-45,3-5,0.259,Medium,20712.0
366,46,No,Non-Travel,1144,Research & Development,7,4,Medical,3,Female,30,3,2,Manufacturing Director,3,Married,5258,16044,2,No,14,3,3,0,7,2,4,1,0,0,0,0,0.9556043531176741,0.0,Mid-High,46-60,0-2,0.038,Low,31548.0
367,41,Yes,Travel_Frequently,143,Sales,4,3,Marketing,1,Male,56,3,2,Sales Executive,2,Single,9355,9558,1,No,18,3,3,0,8,5,3,8,7,7,7,1,1.7002051585043443,0.7777777777777778,High,36-45,6-10,0.51,High,56130.0
368,50,No,Travel_Rarely,1046,Research & Development,10,3,Technical Degree,4,Male,100,2,3,Healthcare Representative,4,Single,10496,2755,6,No,15,3,4,0,20,2,3,4,3,1,3,0,1.0691382564208955,0.2,High,46-60,3-5,0.343,Medium,62976.0
369,40,Yes,Travel_Rarely,575,Sales,22,2,Marketing,3,Male,68,2,2,Sales Executive,3,Married,6380,6110,2,Yes,12,3,1,2,8,6,3,6,4,1,0,1,1.1595199263770941,0.14285714285714285,Mid-High,36-45,6-10,0.798,High,38280.0
370,31,No,Travel_Rarely,408,Research & Development,9,4,Life Sciences,3,Male,42,2,1,Research Scientist,2,Single,2657,7551,0,Yes,16,3,4,0,3,5,3,2,2,2,2,0,0.9533838412206476,0.6666666666666666,Low,26-35,0-2,0.585,High,15942.0
371,21,Yes,Travel_Rarely,156,Sales,12,3,Life Sciences,3,Female,90,4,1,Sales Representative,2,Single,2716,25422,1,No,15,3,4,0,1,0,3,1,0,0,0,1,0.9745542012628072,0.0,Low,18-25,0-2,0.603,High,16296.0
372,29,No,Travel_Rarely,1283,Research & Development,23,3,Life Sciences,4,Male,54,3,1,Research Scientist,4,Single,2201,18168,9,No,16,3,4,0,6,4,3,3,2,1,2,0,0.7897620754710747,0.25,Low,26-35,3-5,0.468,Medium,13206.0
373,35,No,Travel_Rarely,755,Research & Development,9,4,Life Sciences,3,Male,97,2,2,Healthcare Representative,2,Single,6540,19394,9,No,19,3,3,0,10,5,3,1,1,0,0,0,1.188598796004106,0.0,Mid-High,26-35,0-2,0.333,Medium,39240.0
374,27,No,Travel_Rarely,1469,Research & Development,1,2,Medical,4,Male,82,3,1,Laboratory Technician,2,Divorced,3816,17881,1,No,11,3,2,1,5,2,3,5,2,0,4,0,1.3692558291674788,0.0,Mid-Low,26-35,3-5,0.121,Low,22896.0
375,28,No,Travel_Rarely,304,Sales,9,4,Life Sciences,2,Male,92,3,2,Sales Executive,4,Single,5253,20750,1,No,16,3,4,0,7,1,3,7,5,0,7,0,0.95469563844183,0.0,Mid-High,26-35,6-10,0.162,Low,31518.0
376,49,No,Travel_Rarely,1261,Research & Development,7,3,Other,2,Male,31,2,3,Healthcare Representative,3,Single,10965,12066,8,No,24,4,3,0,26,2,3,5,2,0,0,0,1.1169112977948856,0.0,High,46-60,3-5,0.381,Medium,65790.0
377,51,No,Travel_Rarely,1178,Sales,14,2,Life Sciences,3,Female,87,3,2,Sales Executive,4,Married,4936,14862,4,No,11,3,3,1,18,2,2,7,7,0,7,0,0.897083127993313,0.0,Mid-High,46-60,6-10,0.043,Low,29616.0
378,36,No,Travel_Rarely,329,Research & Development,2,3,Life Sciences,4,Female,96,3,1,Research Scientist,3,Married,2543,11868,4,No,13,3,2,1,6,3,3,2,2,2,2,0,0.9124783997832544,0.6666666666666666,Low,36-45,0-2,0.077,Low,15258.0
379,34,Yes,Non-Travel,1362,Sales,19,3,Marketing,1,Male,67,4,2,Sales Executive,4,Single,5304,4652,8,Yes,13,3,2,0,9,3,2,5,2,0,4,1,0.96396452813544,0.0,Mid-High,26-35,3-5,0.865,High,31824.0
380,55,No,Travel_Rarely,1311,Research & Development,2,3,Life Sciences,3,Female,97,3,4,Manager,4,Single,16659,23258,2,Yes,13,3,3,0,30,2,3,5,4,1,2,0,1.0745119420031994,0.16666666666666666,High,46-60,3-5,0.031,Low,99954.0
381,24,No,Travel_Rarely,1371,Sales,10,4,Marketing,4,Female,77,3,2,Sales Executive,3,Divorced,4260,5915,1,Yes,12,3,4,1,5,2,4,5,2,0,3,0,0.7742249038191883,0.0,Mid-Low,18-25,3-5,0.248,Low,25560.0
382,30,No,Travel_Rarely,202,Sales,2,1,Technical Degree,3,Male,72,3,1,Sales Representative,2,Married,2476,17434,1,No,18,3,1,1,1,3,3,1,0,0,0,0,0.8884374824472425,0.0,Low,26-35,0-2,0.845,High,14856.0
383,26,Yes,Travel_Frequently,575,Research & Development,3,1,Technical Degree,3,Male,73,3,1,Research Scientist,1,Single,3102,6582,0,No,22,4,3,0,7,2,3,6,4,0,4,1,1.1130585906911739,0.0,Mid-Low,26-35,6-10,0.561,High,18612.0
384,22,No,Travel_Rarely,253,Research & Development,11,3,Medical,1,Female,43,3,1,Research Scientist,2,Married,2244,24440,1,No,13,3,4,1,2,1,3,2,1,1,2,0,0.80519132092553,0.3333333333333333,Low,18-25,0-2,0.507,High,13464.0
385,36,No,Travel_Rarely,164,Sales,2,2,Medical,2,Male,61,2,3,Sales Executive,3,Married,7596,3809,1,No,13,3,2,2,10,2,3,10,9,9,0,0,0.773739919566799,0.8181818181818182,Mid-High,36-45,6-10,0.556,High,45576.0
386,30,Yes,Travel_Frequently,464,Research & Development,4,3,Technical Degree,3,Male,40,3,1,Research Scientist,4,Single,2285,3427,9,Yes,23,4,3,0,3,4,3,1,0,0,0,1,0.8199029270565223,0.0,Low,26-35,0-2,0.971,High,13710.0
387,37,No,Travel_Rarely,1107,Research & Development,14,3,Life Sciences,4,Female,95,3,1,Laboratory Technician,1,Divorced,3034,26914,1,No,12,3,3,1,18,2,2,18,7,12,17,0,1.0886588536934305,0.631578947368421,Mid-Low,36-45,10+,0.13,Low,18204.0
388,40,No,Travel_Rarely,759,Sales,2,2,Marketing,4,Female,46,3,2,Sales Executive,2,Divorced,5715,22553,7,No,12,3,3,2,8,5,3,5,4,1,3,0,1.0386608744898265,0.16666666666666666,Mid-High,36-45,3-5,0.078,Low,34290.0
389,42,No,Travel_Rarely,201,Research & Development,1,4,Life Sciences,2,Female,95,3,1,Laboratory Technician,1,Divorced,2576,20490,3,No,16,3,2,1,8,5,3,5,2,1,2,0,0.9243194486203945,0.16666666666666666,Low,36-45,3-5,0.269,Medium,15456.0
390,37,No,Travel_Rarely,1305,Research & Development,10,4,Life Sciences,3,Male,49,3,2,Manufacturing Director,2,Single,4197,21123,2,Yes,12,3,4,0,18,2,2,1,0,0,1,0,0.7627750989035523,0.0,Mid-Low,36-45,0-2,0.496,Medium,25182.0
391,43,No,Travel_Rarely,982,Research & Development,12,3,Life Sciences,1,Male,59,2,4,Research Director,2,Divorced,14336,4345,1,No,11,3,3,1,25,3,3,25,10,3,9,0,0.9246775437035757,0.11538461538461539,High,36-45,10+,0.039,Low,86016.0
392,40,No,Travel_Rarely,555,Research & Development,2,3,Medical,2,Female,78,2,2,Laboratory Technician,3,Married,3448,13436,6,No,22,4,2,1,20,3,3,1,0,0,0,0,0.6266496404621036,0.0,Mid-Low,36-45,0-2,0.313,Medium,20688.0
393,54,No,Travel_Rarely,821,Research & Development,5,2,Medical,1,Male,86,3,5,Research Director,1,Married,19406,8509,4,No,11,3,3,1,24,4,2,4,2,1,2,0,1.0111596422389968,0.2,High,46-60,3-5,0.141,Low,116436.0
394,34,No,Non-Travel,1381,Sales,4,4,Marketing,3,Female,72,3,2,Sales Executive,3,Married,6538,12740,9,No,15,3,1,1,6,3,3,3,2,1,2,0,1.1882353101337684,0.25,Mid-High,26-35,3-5,0.179,Low,39228.0
395,31,No,Travel_Rarely,480,Research & Development,7,2,Medical,2,Female,31,3,2,Manufacturing Director,1,Married,4306,4156,1,No,12,3,2,1,13,5,1,13,10,3,12,0,0.7825850788369542,0.21428571428571427,Mid-Low,26-35,10+,0.102,Low,25836.0
396,43,No,Travel_Frequently,313,Research & Development,21,3,Medical,4,Male,61,3,1,Laboratory Technician,4,Married,2258,15238,7,No,20,4,1,1,8,1,3,3,2,1,2,0,0.8102147961897713,0.25,Low,36-45,3-5,0.707,High,13548.0
397,43,No,Travel_Rarely,1473,Research & Development,8,4,Other,3,Female,74,3,2,Healthcare Representative,3,Divorced,4522,2227,4,Yes,14,3,4,0,8,3,3,5,2,0,2,0,0.82184155283342,0.0,Mid-Low,36-45,3-5,0.101,Low,27132.0
398,25,No,Travel_Rarely,891,Sales,4,2,Life Sciences,2,Female,99,2,2,Sales Executive,4,Single,4487,12090,1,Yes,11,3,2,0,5,3,3,5,4,1,3,0,0.8154805501025112,0.16666666666666666,Mid-Low,18-25,3-5,0.693,High,26922.0
399,37,No,Non-Travel,1063,Research & Development,25,5,Medical,2,Female,72,3,2,Research Scientist,3,Married,4449,23866,3,Yes,15,3,1,2,15,2,3,13,11,10,7,0,0.808574318566096,0.7142857142857143,Mid-Low,36-45,10+,0.522,High,26694.0
400,31,No,Travel_Rarely,329,Research & Development,1,2,Life Sciences,4,Male,98,2,1,Laboratory Technician,1,Married,2218,16193,1,No,12,3,3,1,4,3,3,4,2,3,2,0,0.7958620097205105,0.6,Low,26-35,3-5,0.497,Medium,13308.0
401,39,No,Travel_Frequently,1218,Research & Development,1,1,Life Sciences,2,Male,52,3,5,Manager,3,Divorced,19197,8213,1,Yes,14,3,3,1,21,3,3,21,8,1,6,0,1.0002695894085345,0.045454545454545456,High,36-45,10+,0.17,Low,115182.0
402,56,No,Travel_Frequently,906,Sales,6,3,Life Sciences,3,Female,86,4,4,Sales Executive,1,Married,13212,18256,9,No,11,3,4,3,36,0,2,7,7,7,7,0,0.8521791090549415,0.875,High,46-60,6-10,0.135,Low,79272.0
403,30,No,Travel_Rarely,1082,Sales,12,3,Technical Degree,2,Female,83,3,2,Sales Executive,3,Single,6577,19558,0,No,11,3,2,0,6,6,3,5,4,4,4,0,1.1953232846053523,0.6666666666666666,Mid-High,26-35,3-5,0.564,High,39462.0
404,41,No,Travel_Rarely,645,Sales,1,3,Marketing,2,Male,49,4,3,Sales Executive,1,Married,8392,19566,1,No,16,3,3,1,10,2,3,10,7,0,7,0,0.8548216699584751,0.0,High,36-45,6-10,0.177,Low,50352.0
405,28,No,Travel_Rarely,1300,Research & Development,17,2,Medical,3,Male,79,3,2,Laboratory Technician,1,Divorced,4558,13535,1,No,12,3,4,1,10,2,3,10,0,1,8,0,0.8283842984994977,0.09090909090909091,Mid-Low,26-35,6-10,0.255,Medium,27348.0
406,25,Yes,Travel_Rarely,688,Research & Development,3,3,Medical,1,Male,91,3,1,Laboratory Technician,1,Married,4031,9396,5,No,13,3,3,1,6,5,3,2,2,0,2,1,1.4464020564397555,0.0,Mid-Low,18-25,0-2,0.408,Medium,24186.0
407,52,No,Travel_Rarely,319,Research & Development,3,3,Medical,4,Male,39,2,3,Manufacturing Director,3,Married,7969,19609,2,Yes,14,3,3,0,28,4,3,5,4,0,4,0,0.8117342573759637,0.0,Mid-High,46-60,3-5,0.121,Low,47814.0
408,45,No,Travel_Rarely,192,Research & Development,10,2,Life Sciences,1,Male,69,3,1,Research Scientist,4,Married,2654,9655,3,No,21,4,4,2,8,3,2,2,2,0,2,0,0.9523073822354531,0.0,Low,36-45,0-2,0.091,Low,15924.0
409,52,No,Travel_Rarely,1490,Research & Development,4,2,Life Sciences,4,Female,30,3,4,Manager,4,Married,16555,10310,2,No,13,3,4,0,31,2,1,5,2,1,4,0,1.0678039017866,0.16666666666666666,High,46-60,3-5,0.007,Low,99330.0
410,42,No,Travel_Frequently,532,Research & Development,29,2,Life Sciences,1,Female,92,3,2,Research Scientist,3,Divorced,4556,12932,2,No,11,3,2,1,19,3,3,5,4,0,2,0,0.82802081262916,0.0,Mid-Low,36-45,3-5,0.393,Medium,27336.0
411,30,No,Travel_Rarely,317,Research & Development,2,3,Life Sciences,3,Female,43,1,2,Manufacturing Director,4,Single,6091,24793,2,No,20,4,3,0,11,2,3,5,4,0,2,0,1.1069962181133042,0.0,Mid-High,26-35,3-5,0.198,Low,36546.0
412,60,No,Travel_Rarely,422,Research & Development,7,3,Life Sciences,1,Female,41,3,5,Manager,1,Married,19566,3854,5,No,11,3,4,0,33,5,1,29,8,11,10,0,1.019496524788633,0.36666666666666664,High,46-60,10+,0.45,Medium,117396.0
413,46,No,Travel_Rarely,1485,Research & Development,18,3,Medical,3,Female,87,3,2,Manufacturing Director,3,Divorced,4810,26314,2,No,14,3,3,1,19,5,2,10,7,0,8,0,0.8741835181620412,0.0,Mid-Low,46-60,6-10,0.012,Low,28860.0
414,42,No,Travel_Frequently,1368,Research & Development,28,4,Technical Degree,4,Female,88,2,2,Healthcare Representative,4,Married,4523,4386,0,No,11,3,4,3,7,4,4,6,5,0,4,0,0.8220232957685889,0.0,Mid-Low,36-45,6-10,0.045,Low,27138.0
415,24,Yes,Travel_Rarely,1448,Sales,1,1,Technical Degree,1,Female,62,3,1,Sales Representative,2,Single,3202,21972,1,Yes,16,3,2,0,6,4,3,5,3,1,4,1,1.1489405568643258,0.16666666666666666,Mid-Low,18-25,3-5,0.971,High,19212.0
416,34,Yes,Travel_Frequently,296,Sales,6,2,Marketing,4,Female,33,1,1,Sales Representative,3,Divorced,2351,12253,0,No,16,3,4,1,3,3,2,2,2,1,0,1,0.8435850247308027,0.3333333333333333,Low,26-35,0-2,0.323,Medium,14106.0
417,38,No,Travel_Frequently,1490,Research & Development,2,2,Life Sciences,4,Male,42,3,1,Laboratory Technician,4,Married,1702,12106,1,Yes,23,4,3,1,1,3,3,1,0,0,0,0,0.6107110642670464,0.0,Low,36-45,0-2,0.685,High,10212.0
418,40,No,Travel_Rarely,1398,Sales,2,4,Life Sciences,3,Female,79,3,5,Manager,3,Married,18041,13022,0,No,14,3,4,0,21,2,3,20,15,1,12,0,0.9400356129874132,0.047619047619047616,High,36-45,10+,0.002,Low,108246.0
419,26,No,Travel_Rarely,1349,Research & Development,23,3,Life Sciences,1,Female,90,3,1,Research Scientist,4,Divorced,2886,3032,1,No,22,4,2,2,3,3,1,3,2,0,2,0,1.0355535437571657,0.0,Low,26-35,3-5,0.15,Low,17316.0
420,30,No,Non-Travel,1400,Research & Development,3,3,Life Sciences,3,Male,53,3,1,Laboratory Technician,4,Married,2097,16734,4,No,15,3,3,1,9,3,1,5,3,1,4,0,0.7524448306509967,0.16666666666666666,Low,26-35,3-5,0.13,Low,12582.0
421,29,No,Travel_Rarely,986,Research & Development,3,4,Medical,2,Male,93,2,3,Research Director,3,Married,11935,21526,1,No,18,3,3,0,10,2,3,10,2,0,7,0,1.2157169483978074,0.0,High,26-35,6-10,0.012,Low,71610.0
422,29,Yes,Travel_Rarely,408,Research & Development,25,5,Technical Degree,3,Female,71,2,1,Research Scientist,2,Married,2546,18300,5,No,16,3,2,0,6,2,4,2,2,1,1,1,0.9135548587684489,0.3333333333333333,Low,26-35,0-2,0.67,High,15276.0
423,19,Yes,Travel_Rarely,489,Human Resources,2,2,Technical Degree,1,Male,52,2,1,Human Resources,4,Single,2564,18437,1,No,12,3,3,0,1,3,4,1,0,0,0,1,0.9200136126796163,0.0,Low,18-25,0-2,0.794,High,15384.0
424,30,No,Non-Travel,1398,Sales,22,4,Other,3,Female,69,3,3,Sales Executive,1,Married,8412,2890,0,No,11,3,3,0,10,3,3,9,8,7,8,0,0.8568588998678137,0.7,High,26-35,6-10,0.111,Low,50472.0
425,57,No,Travel_Rarely,210,Sales,29,3,Marketing,1,Male,56,2,4,Manager,4,Divorced,14118,22102,3,No,12,3,3,1,32,3,2,1,0,0,0,0,0.9106164594033958,0.0,High,46-60,0-2,0.122,Low,84708.0
426,50,No,Travel_Rarely,1099,Research & Development,29,4,Life Sciences,2,Male,88,2,4,Manager,3,Married,17046,9314,0,No,15,3,2,1,28,2,3,27,10,15,7,0,1.0994735916553537,0.5357142857142857,High,46-60,10+,0.641,High,102276.0
427,30,No,Non-Travel,1116,Research & Development,2,3,Medical,3,Female,49,3,1,Laboratory Technician,4,Single,2564,7181,0,No,14,3,3,0,12,2,2,11,7,6,7,0,0.9200136126796163,0.5,Low,26-35,10+,0.153,Low,15384.0
428,60,No,Travel_Frequently,1499,Sales,28,3,Marketing,3,Female,80,2,3,Sales Executive,1,Married,10266,2845,4,No,19,3,4,0,22,5,4,18,13,13,11,0,1.0457101124635015,0.6842105263157895,High,46-60,10+,0.486,Medium,61596.0
429,47,No,Travel_Rarely,983,Research & Development,2,2,Medical,1,Female,65,3,2,Manufacturing Director,4,Divorced,5070,7389,5,No,13,3,3,3,20,2,3,5,0,0,4,0,0.9214366813059354,0.0,Mid-High,46-60,3-5,0.05,Low,30420.0
430,46,No,Travel_Rarely,1009,Research & Development,2,3,Life Sciences,1,Male,51,3,4,Research Director,3,Married,17861,2288,6,No,13,3,3,0,26,2,1,3,2,0,1,0,1.1520414068142832,0.0,High,46-60,3-5,0.161,Low,107166.0
431,35,No,Travel_Rarely,144,Research & Development,22,3,Life Sciences,4,Male,46,1,1,Laboratory Technician,3,Single,4230,19225,0,No,15,3,3,0,6,2,3,5,4,4,3,0,1.517807169124328,0.6666666666666666,Mid-Low,26-35,3-5,0.417,Medium,25380.0
432,54,No,Travel_Rarely,548,Research & Development,8,4,Life Sciences,3,Female,42,3,2,Laboratory Technician,3,Single,3780,23428,7,No,11,3,3,0,19,3,3,1,0,0,0,0,0.6869882949381529,0.0,Mid-Low,46-60,0-2,0.323,Medium,22680.0
433,34,No,Travel_Rarely,1303,Research & Development,2,4,Life Sciences,4,Male,62,2,1,Research Scientist,3,Divorced,2768,8416,3,No,12,3,3,1,14,3,3,7,3,5,7,0,0.9932128236728462,0.625,Low,26-35,6-10,0.069,Low,16608.0
434,46,No,Travel_Rarely,1125,Sales,10,3,Marketing,3,Female,94,2,3,Sales Executive,4,Married,9071,11563,2,Yes,19,3,3,1,15,3,3,3,2,1,2,0,0.9239856253805204,0.25,High,46-60,3-5,0.269,Medium,54426.0
435,31,No,Travel_Rarely,1274,Research & Development,9,1,Life Sciences,3,Male,33,3,3,Manufacturing Director,2,Divorced,10648,14394,1,No,25,4,4,1,13,6,4,13,8,0,8,0,1.0846212037318688,0.0,High,26-35,10+,0.007,Low,63888.0
436,33,Yes,Travel_Rarely,1277,Research & Development,15,1,Medical,2,Male,56,3,3,Manager,3,Married,13610,24619,7,Yes,12,3,4,0,15,2,4,7,6,7,7,1,1.386334953304915,0.875,High,26-35,6-10,0.379,Medium,81660.0
437,33,Yes,Travel_Rarely,587,Research & Development,10,1,Medical,1,Male,38,1,1,Laboratory Technician,4,Divorced,3408,6705,7,No,13,3,1,3,8,2,3,4,3,1,3,1,1.2228574071810188,0.2,Mid-Low,26-35,3-5,0.53,High,20448.0
438,30,No,Travel_Rarely,413,Sales,7,1,Marketing,4,Male,57,3,1,Sales Representative,2,Single,2983,18398,0,No,14,3,1,0,4,3,3,3,2,1,2,0,1.070359050945123,0.25,Mid-Low,26-35,3-5,0.719,High,17898.0
439,35,No,Travel_Rarely,1276,Research & Development,16,3,Life Sciences,4,Male,72,3,3,Healthcare Representative,3,Married,7632,14295,4,Yes,12,3,3,0,10,2,3,8,7,0,0,0,0.7774069334036084,0.0,Mid-High,26-35,6-10,0.32,Medium,45792.0
440,31,Yes,Travel_Frequently,534,Research & Development,20,3,Life Sciences,1,Male,66,3,3,Healthcare Representative,3,Married,9824,22908,3,No,12,3,1,0,12,2,3,1,0,0,0,1,1.0006873314671185,0.0,High,26-35,0-2,0.563,High,58944.0
441,34,Yes,Travel_Frequently,988,Human Resources,23,3,Human Resources,2,Female,43,3,3,Human Resources,1,Divorced,9950,11533,9,Yes,15,3,3,3,11,2,3,3,2,0,2,1,1.0135218798959518,0.0,High,26-35,3-5,0.986,High,59700.0
442,42,No,Travel_Frequently,1474,Research & Development,5,2,Other,2,Male,97,3,1,Laboratory Technician,3,Married,2093,9260,4,No,17,3,4,1,8,4,3,2,2,2,0,0,0.7510095520040706,0.6666666666666666,Low,36-45,0-2,0.514,High,12558.0
443,36,No,Non-Travel,635,Sales,10,4,Medical,2,Male,32,3,3,Sales Executive,4,Single,9980,15318,1,No,14,3,4,0,10,3,2,10,3,9,7,0,1.0165777247599597,0.8181818181818182,High,36-45,6-10,0.315,Medium,59880.0
444,22,Yes,Travel_Frequently,1368,Research & Development,4,1,Technical Degree,3,Male,99,2,1,Laboratory Technician,3,Single,3894,9129,5,No,16,3,3,0,4,3,3,2,2,1,2,1,1.3972437627825374,0.3333333333333333,Mid-Low,18-25,0-2,0.876,High,23364.0
445,48,No,Travel_Rarely,163,Sales,2,5,Marketing,2,Female,37,3,2,Sales Executive,4,Married,4051,19658,2,No,14,3,1,1,14,2,3,9,7,6,7,0,0.7362406303689042,0.6,Mid-Low,46-60,6-10,0.133,Low,24306.0
446,55,No,Travel_Rarely,1117,Sales,18,5,Life Sciences,1,Female,83,3,4,Manager,2,Single,16835,9873,3,No,23,4,4,0,37,2,3,10,9,7,7,0,1.0858640100620602,0.6363636363636364,High,46-60,6-10,0.087,Low,101010.0
447,41,No,Non-Travel,267,Sales,10,2,Life Sciences,4,Male,56,3,2,Sales Executive,4,Single,6230,13430,7,No,14,3,4,0,16,3,3,14,3,1,10,0,1.1322584861017706,0.06666666666666667,Mid-High,36-45,10+,0.047,Low,37380.0
448,35,No,Travel_Rarely,619,Sales,1,3,Marketing,2,Male,85,3,2,Sales Executive,3,Married,4717,18659,9,No,11,3,3,0,15,2,3,11,9,6,9,0,0.8572814251913407,0.5,Mid-Low,26-35,10+,0.499,Medium,28302.0
449,40,No,Travel_Rarely,302,Research & Development,6,3,Life Sciences,2,Female,75,3,4,Manufacturing Director,3,Single,13237,20364,7,No,15,3,3,0,22,3,3,20,6,5,13,0,0.8537916187223933,0.23809523809523808,High,36-45,10+,0.475,Medium,79422.0
450,39,No,Travel_Frequently,443,Research & Development,8,1,Life Sciences,3,Female,48,3,1,Laboratory Technician,3,Married,3755,17872,1,No,11,3,1,1,8,3,3,8,3,0,7,0,1.347367829801856,0.0,Mid-Low,36-45,6-10,0.215,Low,22530.0
451,31,No,Travel_Rarely,828,Sales,2,1,Life Sciences,2,Male,77,3,2,Sales Executive,4,Single,6582,8346,4,Yes,13,3,3,0,10,2,4,6,5,0,5,0,1.1962319992811965,0.0,Mid-High,26-35,6-10,0.54,High,39492.0
452,42,No,Travel_Rarely,319,Research & Development,24,3,Medical,4,Male,56,3,3,Manufacturing Director,1,Married,7406,6950,1,Yes,21,4,4,1,10,5,2,10,9,5,8,0,0.7543862354280823,0.45454545454545453,Mid-High,36-45,6-10,0.354,Medium,44436.0
453,45,No,Travel_Rarely,561,Sales,2,3,Other,4,Male,61,3,2,Sales Executive,2,Married,4805,16177,0,No,19,3,2,1,9,3,4,8,7,3,7,0,0.8732748034861971,0.3333333333333333,Mid-Low,36-45,6-10,0.03,Low,28830.0
454,26,Yes,Travel_Frequently,426,Human Resources,17,4,Life Sciences,2,Female,58,3,1,Human Resources,3,Divorced,2741,22808,0,Yes,11,3,2,1,8,2,2,7,7,1,0,1,0.9835246928060952,0.125,Low,26-35,6-10,0.855,High,16446.0
455,29,No,Travel_Rarely,232,Research & Development,19,3,Technical Degree,4,Male,34,3,2,Manufacturing Director,4,Divorced,4262,22645,4,No,12,3,2,2,8,2,4,3,2,1,2,0,0.7745883896895259,0.25,Mid-Low,26-35,3-5,0.225,Low,25572.0
456,33,No,Travel_Rarely,922,Research & Development,1,5,Medical,1,Female,95,4,4,Research Director,3,Divorced,16184,22578,4,No,19,3,3,1,10,2,3,6,1,0,5,0,1.0438742583216147,0.0,High,26-35,6-10,0.018,Low,97104.0
457,31,No,Travel_Rarely,688,Sales,7,3,Life Sciences,3,Male,44,2,3,Manager,4,Divorced,11557,25291,9,No,21,4,3,1,10,3,2,5,4,0,1,0,1.177213303111308,0.0,High,26-35,3-5,0.11,Low,69342.0
458,18,Yes,Travel_Frequently,1306,Sales,5,3,Marketing,2,Male,69,3,1,Sales Representative,2,Single,1878,8059,1,Yes,14,3,4,0,0,3,3,0,0,0,0,1,0.6738633247317939,0.0,Low,18-25,0-2,0.983,High,11268.0
459,40,No,Non-Travel,1094,Sales,28,3,Other,3,Male,58,1,3,Sales Executive,1,Divorced,10932,11373,3,No,15,3,3,1,20,2,3,1,0,0,1,0,1.113549868444477,0.0,High,36-45,0-2,0.208,Low,65592.0
460,41,No,Non-Travel,509,Research & Development,2,4,Other,1,Female,62,2,2,Healthcare Representative,3,Single,6811,2112,2,Yes,17,3,1,0,10,3,3,8,7,0,7,0,1.237851131434857,0.0,Mid-High,36-45,6-10,0.232,Low,40866.0
461,26,No,Travel_Rarely,775,Sales,29,2,Medical,1,Male,45,3,2,Sales Executive,3,Divorced,4306,4267,5,No,12,3,1,2,8,5,3,0,0,0,0,0,0.7825850788369542,0.0,Mid-Low,26-35,0-2,0.658,High,25836.0
462,35,No,Travel_Rarely,195,Sales,1,3,Medical,1,Female,80,3,2,Sales Executive,3,Single,4859,6698,1,No,16,3,4,0,5,3,3,5,4,0,3,0,0.8830889219853135,0.0,Mid-Low,26-35,3-5,0.22,Low,29154.0
463,34,No,Travel_Rarely,258,Sales,21,4,Life Sciences,4,Male,74,4,2,Sales Executive,4,Single,5337,19921,1,No,12,3,4,0,10,3,3,10,7,5,7,0,0.9699620449960112,0.45454545454545453,Mid-High,26-35,6-10,0.136,Low,32022.0
464,26,Yes,Travel_Rarely,471,Research & Development,24,3,Technical Degree,3,Male,66,1,1,Laboratory Technician,4,Single,2340,23213,1,Yes,18,3,2,0,1,3,1,1,0,0,0,1,0.8396380084517558,0.0,Low,26-35,0-2,0.996,High,14040.0
465,37,No,Travel_Rarely,799,Research & Development,1,3,Technical Degree,2,Female,59,3,3,Manufacturing Director,4,Single,7491,23848,4,No,17,3,4,0,12,3,4,6,5,1,2,0,0.7630444625427714,0.14285714285714285,Mid-High,36-45,6-10,0.243,Low,44946.0
466,46,No,Travel_Frequently,1034,Research & Development,18,1,Medical,1,Female,86,3,3,Healthcare Representative,3,Married,10527,8984,5,No,11,3,4,0,28,3,2,2,2,1,2,0,1.0722959627803703,0.3333333333333333,High,46-60,0-2,0.098,Low,63162.0
467,41,No,Travel_Rarely,1276,Sales,2,5,Life Sciences,2,Female,91,3,4,Manager,1,Married,16595,5626,7,No,16,3,2,1,22,2,3,18,16,11,8,0,1.0703839172545226,0.5789473684210527,High,36-45,10+,0.111,Low,99570.0
468,37,No,Non-Travel,142,Sales,9,4,Medical,1,Male,69,3,3,Sales Executive,2,Divorced,8834,24666,1,No,13,3,4,1,9,6,3,9,5,7,7,0,0.8998444509548581,0.7,High,36-45,6-10,0.08,Low,53004.0
469,52,No,Travel_Rarely,956,Research & Development,6,2,Technical Degree,4,Male,78,3,2,Research Scientist,1,Divorced,5577,22087,3,Yes,12,3,2,2,18,3,3,10,9,6,9,0,1.0135803494365287,0.5454545454545454,Mid-High,46-60,6-10,0.413,Medium,33462.0
470,32,Yes,Non-Travel,1474,Sales,11,4,Other,4,Male,60,4,2,Sales Executive,3,Married,4707,23914,8,No,12,3,4,0,6,2,3,4,2,1,2,1,0.8554639958396524,0.2,Mid-Low,26-35,3-5,0.027,Low,28242.0
471,24,No,Travel_Frequently,535,Sales,24,3,Medical,4,Male,38,3,1,Sales Representative,4,Married,2400,5530,0,No,13,3,3,2,3,3,3,2,2,2,1,0,0.8611671881556471,0.6666666666666666,Low,18-25,0-2,0.524,High,14400.0
472,38,No,Travel_Rarely,1495,Research & Development,10,3,Medical,3,Female,76,3,2,Healthcare Representative,3,Married,9824,22174,3,No,19,3,3,1,18,4,3,1,0,0,0,0,1.7854425950985224,0.0,High,36-45,0-2,0.013,Low,58944.0
473,37,No,Travel_Rarely,446,Research & Development,1,4,Life Sciences,2,Female,65,3,2,Manufacturing Director,2,Married,6447,15701,6,No,12,3,2,1,8,2,2,6,5,4,3,0,1.1716967030334053,0.5714285714285714,Mid-High,36-45,6-10,0.466,Medium,38682.0
474,49,No,Travel_Rarely,1245,Research & Development,18,4,Life Sciences,4,Male,58,2,5,Research Director,3,Divorced,19502,2125,1,Yes,17,3,3,1,31,5,3,31,9,0,9,0,1.0161617717687785,0.0,High,46-60,10+,0.024,Low,117012.0
475,24,No,Travel_Rarely,691,Research & Development,23,3,Medical,2,Male,89,4,1,Research Scientist,4,Married,2725,21630,1,Yes,11,3,2,2,6,3,3,6,5,1,4,0,0.9777835782183909,0.14285714285714285,Low,18-25,6-10,0.488,Medium,16350.0
476,26,No,Travel_Rarely,703,Sales,28,2,Marketing,1,Male,66,3,2,Sales Executive,2,Married,6272,7428,1,No,20,4,4,2,6,5,4,5,3,1,4,0,1.1398916893788613,0.16666666666666666,Mid-High,26-35,3-5,0.318,Medium,37632.0
477,24,No,Travel_Rarely,823,Research & Development,17,2,Other,4,Male,94,2,1,Laboratory Technician,2,Married,2127,9100,1,No,21,4,4,1,1,2,3,1,0,0,0,0,0.7632094205029423,0.0,Low,18-25,0-2,0.628,High,12762.0
478,50,No,Travel_Frequently,1246,Human Resources,3,3,Medical,1,Male,99,3,5,Manager,2,Married,18200,7999,1,No,11,3,3,1,32,2,3,32,5,10,7,0,0.9483203900211141,0.30303030303030304,High,46-60,10+,0.411,Medium,109200.0
479,25,No,Travel_Rarely,622,Sales,13,1,Medical,2,Male,40,3,1,Sales Representative,3,Married,2096,26376,1,No,11,3,3,0,7,1,3,7,4,0,6,0,0.7520860109892651,0.0,Low,18-25,6-10,0.642,High,12576.0
480,24,Yes,Travel_Frequently,1287,Research & Development,7,3,Life Sciences,1,Female,55,3,1,Laboratory Technician,3,Married,2886,14168,1,Yes,16,3,4,1,6,4,3,6,3,1,2,1,1.0355535437571657,0.14285714285714285,Low,18-25,6-10,0.696,High,17316.0
481,30,Yes,Travel_Frequently,448,Sales,12,4,Life Sciences,2,Male,74,2,1,Sales Representative,1,Married,2033,14470,1,No,18,3,3,1,1,2,4,1,0,0,0,1,0.7294803723001794,0.0,Low,26-35,0-2,0.902,High,12198.0
482,34,No,Travel_Rarely,254,Research & Development,1,2,Life Sciences,2,Male,83,2,1,Research Scientist,4,Married,3622,22794,1,Yes,13,3,4,1,6,3,3,6,5,1,3,0,1.299644814791564,0.14285714285714285,Mid-Low,26-35,6-10,0.286,Medium,21732.0
483,31,Yes,Travel_Rarely,1365,Sales,13,4,Medical,2,Male,46,3,2,Sales Executive,1,Divorced,4233,11512,2,No,17,3,3,0,9,2,1,3,1,1,2,1,0.76931784456963,0.25,Mid-Low,26-35,3-5,0.431,Medium,25398.0
484,35,No,Travel_Rarely,538,Research & Development,25,2,Other,1,Male,54,2,2,Laboratory Technician,4,Single,3681,14004,4,No,14,3,4,0,9,3,3,3,2,0,2,0,0.6689957443564394,0.0,Mid-Low,26-35,3-5,0.878,High,22086.0
485,31,No,Travel_Rarely,525,Sales,6,4,Medical,1,Male,66,4,2,Sales Executive,4,Divorced,5460,6219,4,No,22,4,4,2,13,4,4,7,7,5,7,0,0.9923164260217765,0.625,Mid-High,26-35,6-10,0.038,Low,32760.0
486,27,No,Travel_Rarely,798,Research & Development,6,4,Medical,1,Female,66,2,1,Research Scientist,3,Divorced,2187,5013,0,No,12,3,3,2,6,5,2,5,3,0,3,0,0.7847386002068334,0.0,Low,26-35,3-5,0.062,Low,13122.0
487,37,No,Travel_Rarely,558,Sales,2,3,Marketing,4,Male,75,3,2,Sales Executive,3,Married,9602,3010,4,Yes,11,3,3,1,17,3,2,3,0,1,0,0,1.7450956634910435,0.25,High,36-45,3-5,0.473,Medium,57612.0
488,20,No,Travel_Rarely,959,Research & Development,1,3,Life Sciences,4,Female,83,2,1,Research Scientist,2,Single,2836,11757,1,No,13,3,4,0,1,0,4,1,0,0,0,0,1.0176125606705897,0.0,Low,18-25,0-2,0.341,Medium,17016.0
489,42,No,Travel_Rarely,622,Research & Development,2,4,Life Sciences,3,Female,81,3,2,Healthcare Representative,4,Married,4089,5718,1,No,13,3,2,2,10,4,3,10,2,2,2,0,0.7431468619053194,0.18181818181818182,Mid-Low,36-45,6-10,0.039,Low,24534.0
490,43,No,Travel_Rarely,782,Research & Development,6,4,Other,2,Male,50,2,4,Research Director,4,Divorced,16627,2671,4,Yes,14,3,3,1,21,3,2,1,0,0,0,0,1.0724479296288612,0.0,High,36-45,0-2,0.244,Low,99762.0
491,38,No,Travel_Rarely,362,Research & Development,1,1,Life Sciences,3,Female,43,3,1,Research Scientist,1,Single,2619,14561,3,No,17,3,4,0,8,3,2,0,0,0,0,0,0.9397486940748498,0.0,Low,36-45,0-2,0.525,High,15714.0
492,43,No,Travel_Frequently,1001,Research & Development,9,5,Medical,4,Male,72,3,2,Laboratory Technician,3,Divorced,5679,19627,3,Yes,13,3,2,1,10,3,3,8,7,4,7,0,1.0321181288237489,0.4444444444444444,Mid-High,36-45,6-10,0.556,High,34074.0
493,48,No,Travel_Rarely,1236,Research & Development,1,4,Life Sciences,4,Female,40,2,4,Manager,1,Married,15402,17997,7,No,11,3,1,1,21,3,1,3,2,0,2,0,0.9934349559237216,0.0,High,46-60,3-5,0.069,Low,92412.0
494,44,No,Travel_Rarely,1112,Human Resources,1,4,Life Sciences,1,Female,50,2,2,Human Resources,3,Single,5985,26894,4,No,11,3,2,0,10,1,4,2,2,0,2,0,1.0877314669854088,0.0,Mid-High,36-45,0-2,0.621,High,35910.0
495,34,No,Travel_Rarely,204,Sales,14,3,Technical Degree,3,Female,31,3,1,Sales Representative,3,Divorced,2579,2912,1,Yes,18,3,4,2,8,3,3,8,2,0,6,0,0.9253959076055891,0.0,Low,26-35,6-10,0.759,High,15474.0
496,27,Yes,Travel_Rarely,1420,Sales,2,1,Marketing,3,Male,85,3,1,Sales Representative,1,Divorced,3041,16346,0,No,11,3,2,1,5,3,3,4,3,0,2,1,1.0911705913255512,0.0,Mid-Low,26-35,3-5,0.292,Medium,18246.0
497,21,No,Travel_Rarely,1343,Sales,22,1,Technical Degree,3,Male,49,3,1,Sales Representative,3,Single,3447,24444,1,No,11,3,3,0,3,2,3,3,2,1,2,0,1.236851373988548,0.25,Mid-Low,18-25,3-5,0.86,High,20682.0
498,44,No,Travel_Rarely,1315,Research & Development,3,4,Other,4,Male,35,3,5,Manager,4,Married,19513,9358,4,Yes,12,3,1,1,26,2,4,2,2,0,1,0,1.016734932444066,0.0,High,36-45,0-2,0.125,Low,117078.0
499,22,No,Travel_Rarely,604,Research & Development,6,1,Medical,1,Male,69,3,1,Research Scientist,3,Married,2773,12145,0,No,20,4,4,0,3,3,3,2,2,2,2,0,0.9950069219815039,0.6666666666666666,Low,18-25,0-2,0.128,Low,16638.0
500,33,No,Travel_Rarely,1216,Sales,8,4,Marketing,3,Male,39,3,2,Sales Executive,3,Divorced,7104,20431,0,No,12,3,4,0,6,3,3,5,0,1,2,0,1.2911018114393225,0.16666666666666666,Mid-High,26-35,3-5,0.156,Low,42624.0
501,32,No,Travel_Rarely,646,Research & Development,9,4,Life Sciences,1,Female,92,3,2,Research Scientist,4,Married,6322,18089,1,Yes,12,3,4,1,6,2,2,6,4,0,5,0,1.1489788361373023,0.0,Mid-High,26-35,6-10,0.367,Medium,37932.0
502,30,No,Travel_Frequently,160,Research & Development,3,3,Medical,3,Female,71,3,1,Research Scientist,3,Divorced,2083,22653,1,No,20,4,3,1,1,2,3,1,0,0,0,0,0.7474213553867554,0.0,Low,26-35,0-2,0.238,Low,12498.0
503,53,No,Travel_Rarely,238,Sales,1,1,Medical,4,Female,34,3,2,Sales Executive,1,Single,8381,7507,7,No,20,4,4,0,18,2,4,14,7,8,10,0,1.52318753964991,0.5333333333333333,High,46-60,10+,0.333,Medium,50286.0
504,34,No,Travel_Rarely,1397,Research & Development,1,5,Life Sciences,2,Male,42,3,1,Research Scientist,4,Married,2691,7660,1,No,12,3,4,1,10,4,2,10,9,8,8,0,0.9655837097195192,0.7272727272727273,Low,26-35,6-10,0.046,Low,16146.0
505,45,Yes,Travel_Frequently,306,Sales,26,4,Life Sciences,1,Female,100,3,2,Sales Executive,1,Married,4286,5630,2,No,14,3,4,2,5,4,3,1,1,0,0,1,0.7789502201335776,0.0,Mid-Low,36-45,0-2,0.435,Medium,25716.0
506,26,No,Travel_Rarely,991,Research & Development,6,3,Life Sciences,3,Female,71,3,1,Laboratory Technician,4,Married,2659,17759,1,Yes,13,3,3,1,3,2,3,3,2,0,2,0,0.9541014805441107,0.0,Low,26-35,3-5,0.512,High,15954.0
507,37,No,Travel_Rarely,482,Research & Development,3,3,Other,3,Male,36,3,3,Manufacturing Director,3,Married,9434,9606,1,No,15,3,3,1,10,2,3,10,7,7,8,0,0.960961348235016,0.6363636363636364,High,36-45,6-10,0.034,Low,56604.0
508,29,No,Travel_Rarely,1176,Sales,3,2,Medical,2,Female,62,3,2,Sales Executive,3,Married,5561,3487,1,No,14,3,1,1,6,5,2,6,0,1,2,0,1.0106724624738277,0.14285714285714285,Mid-High,26-35,6-10,0.265,Medium,33366.0
509,35,No,Travel_Rarely,1017,Research & Development,6,4,Life Sciences,2,Male,82,1,2,Research Scientist,4,Single,6646,19368,1,No,13,3,2,0,17,3,3,17,11,11,8,0,1.2078635471320012,0.6111111111111112,Mid-High,26-35,10+,0.425,Medium,39876.0
510,33,No,Travel_Frequently,1296,Research & Development,6,3,Life Sciences,3,Male,30,3,2,Healthcare Representative,4,Divorced,7725,5335,3,No,23,4,3,1,15,2,1,13,11,4,7,0,1.4039641741791618,0.2857142857142857,Mid-High,26-35,10+,0.015,Low,46350.0
511,54,No,Travel_Rarely,397,Human Resources,19,4,Medical,3,Male,88,3,3,Human Resources,2,Married,10725,6729,2,No,15,3,3,1,16,1,4,9,7,7,1,0,1.0924645388828225,0.7,High,46-60,6-10,0.402,Medium,64350.0
512,36,No,Travel_Rarely,913,Research & Development,9,2,Medical,2,Male,48,2,2,Manufacturing Director,2,Divorced,8847,13934,2,Yes,11,3,3,1,13,2,3,3,2,0,2,0,1.6078797474385818,0.0,High,36-45,3-5,0.318,Medium,53082.0
513,27,No,Travel_Rarely,1115,Research & Development,3,4,Medical,1,Male,54,2,1,Research Scientist,4,Single,2045,15174,0,No,13,3,4,0,5,0,3,4,2,1,1,0,0.7337862082409576,0.2,Low,26-35,3-5,0.565,High,12270.0
514,20,Yes,Travel_Rarely,1362,Research & Development,10,1,Medical,4,Male,32,3,1,Research Scientist,3,Single,1009,26999,1,Yes,11,3,4,0,1,5,3,1,0,1,1,1,0.3620490386871033,0.5,Low,18-25,0-2,0.593,High,6054.0
515,33,Yes,Travel_Frequently,1076,Research & Development,3,3,Life Sciences,1,Male,70,3,1,Research Scientist,1,Single,3348,3164,1,Yes,11,3,1,0,10,3,3,10,8,9,7,1,1.2013282274771278,0.8181818181818182,Mid-Low,26-35,6-10,0.939,High,20088.0
516,35,No,Non-Travel,727,Research & Development,3,3,Life Sciences,3,Male,41,2,1,Laboratory Technician,3,Married,1281,16900,1,No,18,3,3,2,1,3,3,1,0,0,0,0,0.4596479866780766,0.0,Low,26-35,0-2,0.16,Low,7686.0
517,23,No,Travel_Rarely,885,Research & Development,4,3,Medical,1,Male,58,4,1,Research Scientist,1,Married,2819,8544,2,No,16,3,1,1,5,3,4,3,2,0,2,0,1.0115126264211538,0.0,Low,18-25,3-5,0.266,Medium,16914.0
518,25,No,Travel_Rarely,810,Sales,8,3,Life Sciences,4,Male,57,4,2,Sales Executive,2,Married,4851,15678,0,No,22,4,3,1,4,4,3,3,2,1,2,0,0.881634978503963,0.25,Mid-Low,18-25,3-5,0.043,Low,29106.0
519,38,No,Travel_Rarely,243,Sales,7,4,Marketing,4,Female,46,2,2,Sales Executive,4,Single,4028,7791,0,No,20,4,1,0,8,2,3,7,7,0,5,0,0.7320605428600212,0.0,Mid-Low,36-45,6-10,0.1,Low,24168.0
520,29,No,Travel_Frequently,806,Research & Development,1,4,Life Sciences,2,Male,76,1,1,Research Scientist,4,Divorced,2720,18959,1,No,18,3,4,1,10,5,3,10,7,2,8,0,0.9759894799097334,0.18181818181818182,Low,26-35,6-10,0.05,Low,16320.0
521,48,No,Travel_Rarely,817,Sales,2,1,Marketing,2,Male,56,4,2,Sales Executive,2,Married,8120,18597,3,No,12,3,4,0,12,3,3,2,2,2,2,0,1.475752633570847,0.6666666666666666,Mid-High,46-60,0-2,0.12,Low,48720.0
522,27,No,Travel_Frequently,1410,Sales,3,1,Medical,4,Female,71,4,2,Sales Executive,4,Divorced,4647,16673,1,Yes,20,4,2,2,6,3,3,6,5,0,4,0,0.844559419729523,0.0,Mid-Low,26-35,6-10,0.087,Low,27882.0
523,37,No,Travel_Rarely,1225,Research & Development,10,2,Life Sciences,4,Male,80,4,1,Research Scientist,4,Single,4680,15232,3,No,17,3,1,0,4,2,3,1,0,0,0,0,1.6792760169035117,0.0,Mid-Low,36-45,0-2,0.079,Low,28080.0
524,50,No,Travel_Rarely,1207,Research & Development,28,1,Medical,4,Male,74,4,1,Laboratory Technician,3,Married,3221,3297,1,Yes,11,3,3,3,20,3,3,20,8,3,8,0,1.1557581304372246,0.14285714285714285,Mid-Low,46-60,10+,0.365,Medium,19326.0
525,34,No,Travel_Rarely,1442,Research & Development,9,3,Medical,4,Female,46,2,3,Healthcare Representative,2,Single,8621,17654,1,No,14,3,2,0,9,3,4,8,7,7,7,0,0.878147952420402,0.7777777777777778,High,26-35,6-10,0.136,Low,51726.0
526,24,Yes,Travel_Rarely,693,Sales,3,2,Life Sciences,1,Female,65,3,2,Sales Executive,3,Single,4577,24785,9,No,14,3,1,0,4,3,3,2,2,2,0,1,0.8318374142677053,0.6666666666666666,Mid-Low,18-25,0-2,0.794,High,27462.0
527,39,No,Travel_Rarely,408,Research & Development,2,4,Technical Degree,4,Female,80,2,2,Healthcare Representative,3,Single,4553,20978,1,No,11,3,1,0,20,4,3,20,7,11,10,0,0.8274755838236536,0.5238095238095238,Mid-Low,36-45,10+,0.311,Medium,27318.0
528,32,No,Travel_Rarely,929,Sales,10,3,Marketing,4,Male,55,3,2,Sales Executive,4,Single,5396,21703,1,No,12,3,4,0,10,2,2,10,7,0,8,0,0.9806848781709718,0.0,Mid-High,26-35,6-10,0.122,Low,32376.0
529,50,Yes,Travel_Frequently,562,Sales,8,2,Technical Degree,2,Male,50,3,2,Sales Executive,3,Married,6796,23452,3,Yes,14,3,1,1,18,4,3,4,3,1,3,1,1.2351249874073247,0.2,Mid-High,46-60,3-5,0.89,High,40776.0
530,38,No,Travel_Rarely,827,Research & Development,1,4,Life Sciences,2,Female,33,4,2,Healthcare Representative,4,Single,7625,19383,0,No,13,3,3,0,10,4,2,9,7,1,8,0,1.3857898806622795,0.1,Mid-High,36-45,6-10,0.017,Low,45750.0
531,27,No,Travel_Rarely,608,Research & Development,1,2,Life Sciences,3,Female,68,3,3,Manufacturing Director,1,Married,7412,6009,1,No,11,3,4,0,9,3,3,9,7,0,7,0,0.7549974044008838,0.0,Mid-High,26-35,6-10,0.018,Low,44472.0
532,32,No,Travel_Rarely,1018,Research & Development,3,2,Life Sciences,3,Female,39,3,3,Research Director,4,Single,11159,19373,3,No,15,3,4,0,10,6,3,7,7,7,7,0,1.1366724279154699,0.875,High,26-35,6-10,0.003,Low,66954.0
533,47,No,Travel_Rarely,703,Sales,14,4,Marketing,4,Male,42,3,2,Sales Executive,1,Single,4960,11825,2,No,12,3,4,0,20,2,3,7,7,1,7,0,0.9014449584373647,0.125,Mid-High,46-60,6-10,0.1,Low,29760.0
534,40,No,Travel_Frequently,580,Sales,5,4,Life Sciences,4,Male,48,2,3,Sales Executive,1,Married,10475,23772,5,Yes,21,4,3,1,20,2,3,18,13,1,12,0,1.06699916501609,0.05263157894736842,High,36-45,10+,0.559,High,62850.0
535,53,No,Travel_Rarely,970,Research & Development,7,3,Life Sciences,3,Male,59,4,4,Research Director,3,Married,14814,13514,3,No,19,3,3,0,32,3,3,5,1,1,3,0,0.9555087285452546,0.16666666666666666,High,46-60,3-5,0.002,Low,88884.0
536,41,No,Travel_Rarely,427,Human Resources,10,4,Human Resources,2,Male,73,2,5,Manager,4,Divorced,19141,8861,3,No,15,3,2,3,23,2,2,21,6,12,6,0,0.9973516805161619,0.5454545454545454,High,36-45,10+,0.465,Medium,114846.0
537,60,No,Travel_Rarely,1179,Sales,16,4,Marketing,1,Male,84,3,2,Sales Executive,1,Single,5405,11924,8,No,14,3,4,0,10,1,3,2,2,2,2,0,0.9823205645874912,0.6666666666666666,Mid-High,46-60,0-2,0.884,High,32430.0
538,27,No,Travel_Frequently,294,Research & Development,10,2,Life Sciences,4,Male,32,3,3,Manufacturing Director,1,Divorced,8793,4809,1,No,21,4,3,2,9,4,2,9,7,1,7,0,0.895668129640714,0.1,High,26-35,6-10,0.116,Low,52758.0
539,41,No,Travel_Rarely,314,Human Resources,1,3,Human Resources,4,Male,59,2,5,Manager,3,Married,19189,19562,1,No,12,3,2,1,22,3,3,22,7,2,10,0,0.9998527452810527,0.08695652173913043,High,36-45,10+,0.066,Low,115134.0
540,50,No,Travel_Rarely,316,Sales,8,4,Marketing,4,Male,54,3,1,Sales Representative,2,Married,3875,9983,7,No,15,3,4,1,4,2,3,2,2,2,2,0,1.3904261892096386,0.6666666666666666,Mid-Low,46-60,0-2,0.554,High,23250.0
541,28,Yes,Travel_Rarely,654,Research & Development,1,2,Life Sciences,1,Female,67,1,1,Research Scientist,2,Single,2216,3872,7,Yes,13,3,4,0,10,4,3,7,7,3,7,1,0.7951443703970474,0.375,Low,26-35,6-10,0.81,High,13296.0
542,36,No,Non-Travel,427,Research & Development,8,3,Life Sciences,1,Female,63,4,3,Research Director,1,Married,11713,20335,9,No,14,3,1,1,10,2,3,8,7,0,5,0,1.193103696404149,0.0,High,36-45,6-10,0.04,Low,70278.0
543,38,No,Travel_Rarely,168,Research & Development,1,3,Life Sciences,3,Female,81,3,3,Manufacturing Director,3,Single,7861,15397,4,Yes,14,3,4,0,10,4,4,1,0,0,0,0,0.8007332158655354,0.0,Mid-High,36-45,0-2,0.308,Medium,47166.0
544,44,No,Non-Travel,381,Research & Development,24,3,Medical,1,Male,49,1,1,Laboratory Technician,3,Single,3708,2104,2,No,14,3,3,0,9,5,3,5,2,1,4,0,1.3305033057004747,0.16666666666666666,Mid-Low,36-45,3-5,0.621,High,22248.0
545,47,No,Travel_Frequently,217,Sales,3,3,Medical,4,Female,49,3,4,Sales Executive,3,Divorced,13770,10225,9,Yes,12,3,4,2,28,2,2,22,2,11,13,0,0.8881703248324663,0.4782608695652174,High,46-60,10+,0.915,High,82620.0
546,30,No,Travel_Rarely,501,Sales,27,5,Marketing,3,Male,99,3,2,Sales Executive,4,Divorced,5304,25275,7,No,23,4,4,1,10,2,2,8,7,7,7,0,0.96396452813544,0.7777777777777778,Mid-High,26-35,6-10,0.312,Medium,31824.0
547,29,No,Travel_Rarely,1396,Sales,10,3,Life Sciences,3,Male,99,3,1,Sales Representative,3,Single,2642,2755,1,No,11,3,3,0,1,6,3,1,0,0,0,0,0.9480015462946748,0.0,Low,26-35,0-2,0.498,Medium,15852.0
548,42,Yes,Travel_Frequently,933,Research & Development,19,3,Medical,3,Male,57,4,1,Research Scientist,3,Divorced,2759,20366,6,Yes,12,3,4,0,7,2,3,2,2,2,2,1,0.9899834467172626,0.6666666666666666,Low,36-45,0-2,0.593,High,16554.0
549,43,No,Travel_Frequently,775,Sales,15,3,Life Sciences,4,Male,47,2,2,Sales Executive,4,Married,6804,23683,3,No,18,3,3,1,7,5,3,2,2,2,2,0,1.2365789308886754,0.6666666666666666,Mid-High,36-45,0-2,0.133,Low,40824.0
550,34,No,Travel_Rarely,970,Research & Development,8,2,Medical,2,Female,96,3,2,Healthcare Representative,3,Single,6142,7360,3,No,11,3,4,0,10,2,3,5,1,4,3,0,1.1162651078069141,0.6666666666666666,Mid-High,26-35,3-5,0.411,Medium,36852.0
551,23,No,Travel_Rarely,650,Research & Development,9,1,Medical,2,Male,37,3,1,Laboratory Technician,1,Married,2500,4344,1,No,14,3,4,1,5,2,4,4,3,0,2,0,0.8970491543287991,0.0,Low,18-25,3-5,0.544,High,15000.0
552,39,No,Travel_Rarely,141,Human Resources,3,3,Human Resources,3,Female,44,4,2,Human Resources,2,Married,6389,18767,9,No,15,3,3,1,12,3,1,8,3,3,6,0,1.1611556127936136,0.3333333333333333,Mid-High,36-45,6-10,0.337,Medium,38334.0
553,56,No,Travel_Rarely,832,Research & Development,9,3,Medical,3,Male,81,3,4,Healthcare Representative,4,Married,11103,20420,7,No,11,3,3,0,30,1,2,10,7,1,1,0,0.7161477935087054,0.09090909090909091,High,46-60,6-10,0.099,Low,66618.0
554,40,No,Travel_Rarely,804,Research & Development,2,1,Medical,4,Female,86,2,1,Research Scientist,4,Single,2342,22929,0,Yes,20,4,4,0,5,2,2,4,2,2,3,0,0.840355647775219,0.4,Low,36-45,3-5,0.513,High,14052.0
555,27,No,Travel_Rarely,975,Research & Development,7,3,Medical,4,Female,55,2,2,Healthcare Representative,1,Single,6811,23398,8,No,19,3,1,0,9,2,1,7,6,0,7,0,1.237851131434857,0.0,Mid-High,26-35,6-10,0.454,Medium,40866.0
556,29,No,Travel_Rarely,1090,Sales,10,3,Marketing,4,Male,83,3,1,Sales Representative,2,Divorced,2297,17967,1,No,14,3,4,2,2,2,3,2,2,2,2,0,0.8242087629973005,0.6666666666666666,Low,26-35,0-2,0.346,Medium,13782.0
557,53,No,Travel_Rarely,346,Research & Development,6,3,Life Sciences,4,Male,86,3,2,Laboratory Technician,4,Single,2450,10919,2,No,17,3,4,0,19,4,3,2,2,2,2,0,0.44527019116361766,0.6666666666666666,Low,46-60,0-2,0.056,Low,14700.0
558,35,No,Non-Travel,1225,Research & Development,2,4,Life Sciences,4,Female,61,3,2,Healthcare Representative,1,Divorced,5093,4761,2,No,11,3,1,1,16,2,4,1,0,0,0,0,0.9256167688148182,0.0,Mid-High,26-35,0-2,0.008,Low,30558.0
559,32,No,Travel_Frequently,430,Research & Development,24,4,Life Sciences,1,Male,80,3,2,Laboratory Technician,4,Married,5309,21146,1,No,15,3,4,2,10,2,3,10,8,4,7,0,0.9648732428112842,0.36363636363636365,Mid-High,26-35,6-10,0.493,Medium,31854.0
560,38,No,Travel_Rarely,268,Research & Development,2,5,Medical,4,Male,92,3,1,Research Scientist,3,Married,3057,20471,6,Yes,13,3,2,1,6,0,1,1,0,0,1,0,1.0969117059132554,0.0,Mid-Low,36-45,0-2,0.768,High,18342.0
561,34,No,Travel_Rarely,167,Research & Development,8,5,Life Sciences,2,Female,32,3,2,Manufacturing Director,1,Divorced,5121,4187,3,No,14,3,3,1,7,3,3,0,0,0,0,0,0.9307055709995453,0.0,Mid-High,26-35,0-2,0.119,Low,30726.0
562,52,No,Travel_Rarely,621,Sales,3,4,Marketing,3,Male,31,2,4,Manager,1,Married,16856,10084,1,No,11,3,1,0,34,3,4,34,6,1,16,0,1.0872185181827199,0.02857142857142857,High,46-60,10+,0.086,Low,101136.0
563,33,Yes,Travel_Rarely,527,Research & Development,1,4,Other,4,Male,63,3,1,Research Scientist,4,Single,2686,5207,1,Yes,13,3,3,0,10,2,2,10,9,7,8,1,0.9637896114108617,0.6363636363636364,Low,26-35,6-10,0.381,Medium,16116.0
564,25,No,Travel_Rarely,883,Sales,26,1,Medical,3,Female,32,3,2,Sales Executive,4,Single,6180,22807,1,No,23,4,2,0,6,5,2,6,5,1,4,0,1.1231713393433294,0.14285714285714285,Mid-High,18-25,6-10,0.207,Low,37080.0
565,45,No,Travel_Rarely,954,Sales,2,2,Technical Degree,2,Male,46,1,2,Sales Representative,3,Single,6632,12388,0,No,13,3,1,0,9,3,3,8,7,3,1,0,1.2053191460396377,0.3333333333333333,Mid-High,36-45,6-10,0.947,High,39792.0
566,23,No,Travel_Rarely,310,Research & Development,10,1,Medical,1,Male,79,4,1,Research Scientist,3,Single,3505,19630,1,No,18,3,4,0,2,3,3,2,2,0,2,0,1.2576629143689761,0.0,Mid-Low,18-25,0-2,0.228,Low,21030.0
567,47,Yes,Travel_Frequently,719,Sales,27,2,Life Sciences,2,Female,77,4,2,Sales Executive,3,Single,6397,10339,4,Yes,12,3,4,0,8,2,3,5,4,1,3,1,1.162609556274964,0.16666666666666666,Mid-High,46-60,3-5,0.83,High,38382.0
568,34,No,Travel_Rarely,304,Sales,2,3,Other,4,Male,60,3,2,Sales Executive,4,Single,6274,18686,1,No,22,4,3,0,6,5,3,6,5,1,4,0,1.140255175249199,0.14285714285714285,Mid-High,26-35,6-10,0.06,Low,37644.0
569,55,Yes,Travel_Rarely,725,Research & Development,2,3,Medical,4,Male,78,3,5,Manager,1,Married,19859,21199,5,Yes,13,3,4,1,24,2,3,5,2,1,4,1,1.0347634409576543,0.16666666666666666,High,46-60,3-5,0.093,Low,119154.0
570,36,No,Non-Travel,1434,Sales,8,4,Life Sciences,1,Male,76,2,3,Sales Executive,1,Single,7587,14229,1,No,15,3,2,0,10,1,3,10,7,0,9,0,0.7728231661075966,0.0,Mid-High,36-45,6-10,0.27,Medium,45522.0
571,52,No,Non-Travel,715,Research & Development,19,4,Medical,4,Male,41,3,1,Research Scientist,4,Married,4258,26589,0,No,18,3,1,1,5,3,3,4,3,1,2,0,1.5278541196528106,0.2,Mid-Low,46-60,3-5,0.015,Low,25548.0
572,26,No,Travel_Frequently,575,Research & Development,1,2,Life Sciences,1,Female,71,1,1,Laboratory Technician,4,Divorced,4364,5288,3,No,14,3,1,1,5,2,3,2,2,2,0,0,1.5658890037963515,0.6666666666666666,Mid-Low,26-35,0-2,0.698,High,26184.0
573,29,No,Travel_Rarely,657,Research & Development,27,3,Medical,2,Female,66,3,2,Healthcare Representative,3,Married,4335,25549,4,No,12,3,1,1,11,3,2,8,7,1,1,0,0.78785562395685,0.1111111111111111,Mid-Low,26-35,6-10,0.316,Medium,26010.0
574,26,Yes,Travel_Rarely,1146,Sales,8,3,Technical Degree,4,Male,38,2,2,Sales Executive,1,Single,5326,3064,6,No,17,3,3,0,6,2,2,4,3,1,2,1,0.9679628727091542,0.2,Mid-High,26-35,3-5,0.892,High,31956.0
575,34,No,Travel_Rarely,182,Research & Development,1,4,Life Sciences,2,Female,72,4,1,Research Scientist,4,Single,3280,13551,2,No,16,3,3,0,10,2,3,4,2,1,3,0,1.1769284904793844,0.2,Mid-Low,26-35,3-5,0.075,Low,19680.0
576,54,No,Travel_Rarely,376,Research & Development,19,4,Medical,4,Female,95,3,2,Manufacturing Director,1,Divorced,5485,22670,9,Yes,11,3,2,2,9,4,3,5,3,1,4,0,0.9968599994009971,0.16666666666666666,Mid-High,46-60,3-5,0.61,High,32910.0
577,27,No,Travel_Frequently,829,Sales,8,1,Marketing,3,Male,84,3,2,Sales Executive,4,Married,4342,24008,0,No,19,3,2,1,5,3,3,4,2,1,1,0,0.7891278245030318,0.2,Mid-Low,26-35,3-5,0.236,Low,26052.0
578,37,No,Travel_Rarely,571,Research & Development,10,1,Life Sciences,4,Female,82,3,1,Research Scientist,1,Divorced,2782,19905,0,Yes,13,3,2,2,6,3,2,5,3,4,3,0,0.9982362989370875,0.6666666666666666,Low,36-45,3-5,0.302,Medium,16692.0
579,38,No,Travel_Frequently,240,Research & Development,2,4,Life Sciences,1,Female,75,4,2,Manufacturing Director,1,Single,5980,26085,6,Yes,12,3,4,0,17,2,3,15,7,4,12,0,1.0868227523095648,0.25,Mid-High,36-45,10+,0.732,High,35880.0
580,34,No,Travel_Rarely,121,Research & Development,2,4,Medical,3,Female,86,2,1,Research Scientist,1,Single,4381,7530,1,No,11,3,3,0,6,3,3,6,5,1,3,0,1.5719889380457874,0.14285714285714285,Mid-Low,26-35,6-10,0.276,Medium,26286.0
581,35,No,Travel_Rarely,384,Sales,8,4,Life Sciences,1,Female,72,3,1,Sales Representative,4,Married,2572,20317,1,No,16,3,2,1,3,1,2,3,2,0,2,0,0.9228841699734684,0.0,Low,26-35,3-5,0.426,Medium,15432.0
582,30,No,Travel_Rarely,921,Research & Development,1,3,Life Sciences,4,Male,38,1,1,Laboratory Technician,3,Married,3833,24375,3,No,21,4,3,2,7,2,3,2,2,0,2,0,1.3753557634169147,0.0,Mid-Low,26-35,0-2,0.156,Low,22998.0
583,40,No,Travel_Frequently,791,Research & Development,2,2,Medical,3,Female,38,4,2,Healthcare Representative,2,Married,4244,9931,1,No,24,4,4,1,8,2,3,8,7,3,7,0,0.7713170168564871,0.3333333333333333,Mid-Low,36-45,6-10,0.017,Low,25464.0
584,34,No,Travel_Rarely,1111,Sales,8,2,Life Sciences,3,Female,93,3,2,Sales Executive,1,Married,6500,13305,5,No,17,3,2,1,6,1,3,3,2,1,2,0,1.181329078597353,0.25,Mid-High,26-35,3-5,0.449,Medium,39000.0
585,42,No,Travel_Frequently,570,Research & Development,8,3,Life Sciences,2,Male,66,3,5,Manager,4,Divorced,18430,16225,1,No,13,3,2,1,24,4,2,24,7,14,9,0,0.9603046586862162,0.56,High,36-45,10+,0.268,Medium,110580.0
586,23,Yes,Travel_Rarely,1243,Research & Development,6,3,Life Sciences,3,Male,63,4,1,Laboratory Technician,1,Married,1601,3445,1,Yes,21,4,3,2,1,2,3,0,0,0,0,1,0.5744702784321629,0.0,Low,18-25,0-2,0.665,High,9606.0
587,24,No,Non-Travel,1092,Research & Development,9,3,Life Sciences,3,Male,60,2,1,Laboratory Technician,2,Divorced,2694,26551,1,No,11,3,3,3,1,4,3,1,0,0,0,0,0.9666601687047138,0.0,Low,18-25,0-2,0.155,Low,16164.0
588,52,No,Travel_Rarely,1325,Research & Development,11,4,Life Sciences,4,Female,82,3,2,Laboratory Technician,3,Married,3149,21821,8,No,20,4,2,1,9,3,3,5,2,1,4,0,0.5723085028466253,0.16666666666666666,Mid-Low,46-60,3-5,0.185,Low,18894.0
589,50,No,Travel_Rarely,691,Research & Development,2,3,Medical,3,Male,64,3,4,Research Director,3,Married,17639,6881,5,No,16,3,4,0,30,3,3,4,3,0,3,0,1.137722320967311,0.0,High,46-60,3-5,0.012,Low,105834.0
590,29,Yes,Travel_Rarely,805,Research & Development,1,2,Life Sciences,2,Female,36,2,1,Laboratory Technician,1,Married,2319,6689,1,Yes,11,3,4,1,1,1,3,1,0,0,0,1,0.832102795555394,0.0,Low,26-35,0-2,0.883,High,13914.0
591,33,No,Travel_Rarely,213,Research & Development,7,3,Medical,3,Male,49,3,3,Research Director,3,Married,11691,25995,0,No,11,3,4,0,14,3,4,13,9,3,7,0,1.1908627435038766,0.21428571428571427,High,26-35,10+,0.005,Low,70146.0
592,33,Yes,Travel_Rarely,118,Sales,16,3,Marketing,1,Female,69,3,2,Sales Executive,1,Single,5324,26507,5,No,15,3,3,0,6,3,3,3,2,0,2,1,0.9675993868388165,0.0,Mid-High,26-35,3-5,0.782,High,31944.0
593,47,No,Travel_Rarely,202,Research & Development,2,2,Other,3,Female,33,3,4,Manager,4,Married,16752,12982,1,Yes,11,3,3,1,26,3,2,26,14,3,0,0,1.08051047796612,0.1111111111111111,High,46-60,10+,0.176,Low,100512.0
594,36,No,Travel_Rarely,676,Research & Development,1,3,Other,3,Female,35,3,2,Manufacturing Director,2,Married,5228,23361,0,No,15,3,1,1,10,2,3,9,7,0,5,0,0.9501520650626094,0.0,Mid-High,36-45,6-10,0.07,Low,31368.0
595,29,No,Travel_Rarely,1252,Research & Development,23,2,Life Sciences,3,Male,81,4,1,Research Scientist,3,Married,2700,23779,1,No,24,4,3,1,10,3,3,10,7,0,7,0,0.9688130866751029,0.0,Low,26-35,6-10,0.031,Low,16200.0
596,58,Yes,Travel_Rarely,286,Research & Development,2,4,Life Sciences,4,Male,31,3,5,Research Director,2,Single,19246,25761,7,Yes,12,3,4,0,40,2,3,31,15,13,8,1,1.0028227596893606,0.40625,High,46-60,10+,0.407,Medium,115476.0
597,35,No,Travel_Rarely,1258,Research & Development,1,4,Life Sciences,4,Female,40,4,1,Research Scientist,3,Single,2506,13301,3,No,13,3,3,0,7,0,3,2,2,2,2,0,0.8992020722991881,0.6666666666666666,Low,26-35,0-2,0.078,Low,15036.0
598,42,No,Travel_Rarely,932,Research & Development,1,2,Life Sciences,4,Female,43,2,2,Manufacturing Director,4,Married,6062,4051,9,Yes,13,3,4,1,8,4,3,4,3,0,2,0,1.1017256729934082,0.0,Mid-High,36-45,3-5,0.248,Low,36372.0
599,28,Yes,Travel_Rarely,890,Research & Development,2,4,Medical,3,Male,46,3,1,Research Scientist,3,Single,4382,16374,6,No,17,3,4,0,5,3,2,2,2,2,1,1,1.572347757707519,0.6666666666666666,Mid-Low,26-35,0-2,0.224,Low,26292.0
600,36,No,Travel_Rarely,1041,Human Resources,13,3,Human Resources,3,Male,36,3,1,Human Resources,2,Married,2143,25527,4,No,13,3,2,1,8,2,3,5,2,0,4,0,0.7689505350906465,0.0,Low,36-45,3-5,0.684,High,12858.0
601,32,No,Travel_Rarely,859,Research & Development,4,3,Life Sciences,3,Female,98,2,2,Manufacturing Director,3,Married,6162,19124,1,No,12,3,3,1,14,3,3,14,13,6,8,0,1.1198999665102907,0.4,Mid-High,26-35,10+,0.035,Low,36972.0
602,40,No,Travel_Frequently,720,Research & Development,16,4,Medical,1,Male,51,2,2,Laboratory Technician,3,Single,5094,11983,6,No,14,3,4,0,10,6,3,1,0,0,0,0,0.9257985117499871,0.0,Mid-High,36-45,0-2,0.869,High,30564.0
603,30,No,Travel_Rarely,946,Research & Development,2,3,Medical,3,Female,52,2,2,Manufacturing Director,4,Single,6877,20234,5,Yes,24,4,2,0,12,4,2,0,0,0,0,0,1.2498461651559996,0.0,Mid-High,26-35,0-2,0.358,Medium,41262.0
604,45,No,Travel_Rarely,252,Research & Development,2,3,Life Sciences,2,Female,95,2,1,Research Scientist,3,Single,2274,6153,1,No,14,3,4,0,1,3,3,1,0,0,0,0,0.8159559107774756,0.0,Low,36-45,0-2,0.252,Medium,13644.0
605,42,No,Travel_Rarely,933,Research & Development,29,3,Life Sciences,2,Male,98,3,2,Manufacturing Director,2,Married,4434,11806,1,No,13,3,4,1,10,3,2,9,8,7,8,0,0.8058481745385636,0.7,Mid-Low,36-45,6-10,0.239,Low,26604.0
606,38,No,Travel_Frequently,471,Research & Development,12,3,Life Sciences,1,Male,45,2,2,Healthcare Representative,1,Divorced,6288,4284,2,No,15,3,3,1,13,3,2,4,3,1,2,0,1.1427995763415624,0.2,Mid-High,36-45,3-5,0.598,High,37728.0
607,34,No,Travel_Frequently,702,Research & Development,16,4,Life Sciences,3,Female,100,2,1,Research Scientist,4,Single,2553,8306,1,No,16,3,3,0,6,3,3,5,2,1,3,0,0.9160665964005695,0.16666666666666666,Low,26-35,3-5,0.372,Medium,15318.0
608,49,Yes,Travel_Rarely,1184,Sales,11,3,Marketing,3,Female,43,3,3,Sales Executive,4,Married,7654,5860,1,No,18,3,1,2,9,3,4,9,8,7,7,1,0.7796478863038809,0.7,Mid-High,46-60,6-10,0.04,Low,45924.0
609,55,Yes,Travel_Rarely,436,Sales,2,1,Medical,3,Male,37,3,2,Sales Executive,4,Single,5160,21519,4,No,16,3,3,0,12,3,2,9,7,7,3,1,0.9377935454711295,0.7,Mid-High,46-60,6-10,0.22,Low,30960.0
610,43,No,Travel_Rarely,589,Research & Development,14,2,Life Sciences,2,Male,94,3,4,Research Director,1,Married,17159,5200,6,No,24,4,3,1,22,3,3,4,1,1,0,0,1.1067621353522359,0.2,High,36-45,3-5,0.065,Low,102954.0
611,27,No,Travel_Rarely,269,Research & Development,5,1,Technical Degree,3,Male,42,2,3,Research Director,4,Divorced,12808,8842,1,Yes,16,3,2,1,9,3,3,9,8,0,8,0,1.3046420339404372,0.0,High,26-35,6-10,0.034,Low,76848.0
612,35,No,Travel_Rarely,950,Research & Development,7,3,Other,3,Male,59,3,3,Manufacturing Director,3,Single,10221,18869,3,No,21,4,2,0,17,3,4,8,5,1,6,0,1.0411263451674897,0.1111111111111111,High,26-35,6-10,0.127,Low,61326.0
613,28,No,Travel_Rarely,760,Sales,2,4,Marketing,2,Female,81,3,2,Sales Executive,2,Married,4779,3698,1,Yes,20,4,1,0,8,2,3,8,7,7,5,0,0.8685494871718077,0.7777777777777778,Mid-Low,26-35,6-10,0.837,High,28674.0
614,34,No,Travel_Rarely,829,Human Resources,3,2,Human Resources,3,Male,88,3,1,Human Resources,4,Married,3737,2243,0,No,19,3,3,1,4,1,1,3,2,0,2,0,1.3409090758906888,0.0,Mid-Low,26-35,3-5,0.146,Low,22422.0
615,26,Yes,Travel_Frequently,887,Research & Development,5,2,Medical,3,Female,88,2,1,Research Scientist,3,Married,2366,20898,1,Yes,14,3,1,1,8,2,3,8,7,1,7,1,0.8489673196567754,0.1111111111111111,Low,26-35,6-10,0.516,High,14196.0
616,27,No,Non-Travel,443,Research & Development,3,3,Medical,4,Male,50,3,1,Research Scientist,4,Married,1706,16571,1,No,11,3,3,3,0,6,2,0,0,0,0,0,0.6121463429139724,0.0,Low,26-35,0-2,0.025,Low,10236.0
617,51,No,Travel_Rarely,1318,Sales,26,4,Marketing,1,Female,66,3,4,Manager,3,Married,16307,5594,2,No,14,3,3,1,29,2,2,20,6,4,17,0,1.0518078058854776,0.19047619047619047,High,46-60,10+,0.029,Low,97842.0
618,44,No,Travel_Rarely,625,Research & Development,4,3,Medical,4,Male,50,3,2,Healthcare Representative,2,Single,5933,5197,9,No,12,3,4,0,10,2,2,5,2,2,3,0,1.0782808343566301,0.3333333333333333,Mid-High,36-45,3-5,0.274,Medium,35598.0
619,25,No,Travel_Rarely,180,Research & Development,2,1,Medical,1,Male,65,4,1,Research Scientist,1,Single,3424,21632,7,No,13,3,3,0,6,3,2,4,3,0,1,0,1.2285985217687232,0.0,Mid-Low,18-25,3-5,0.779,High,20544.0
620,33,No,Travel_Rarely,586,Sales,1,3,Medical,1,Male,48,4,2,Sales Executive,1,Divorced,4037,21816,1,No,22,4,1,1,9,5,3,9,8,0,8,0,0.7336962292765407,0.0,Mid-Low,26-35,6-10,0.064,Low,24222.0
621,35,No,Travel_Rarely,1343,Research & Development,27,1,Medical,3,Female,53,2,1,Research Scientist,1,Single,2559,17852,1,No,11,3,4,0,6,3,2,6,5,1,1,0,0.9182195143709587,0.14285714285714285,Low,26-35,6-10,0.673,High,15354.0
622,36,No,Travel_Rarely,928,Sales,1,2,Life Sciences,2,Male,56,3,2,Sales Executive,4,Married,6201,2823,1,Yes,14,3,4,1,18,1,2,18,14,4,11,0,1.1269879409818748,0.21052631578947367,Mid-High,36-45,10+,0.179,Low,37206.0
623,32,No,Travel_Rarely,117,Sales,13,4,Life Sciences,2,Male,73,3,2,Sales Executive,4,Divorced,4403,9250,2,No,11,3,3,1,8,3,2,5,2,0,3,0,0.80021414354833,0.0,Mid-Low,26-35,3-5,0.191,Low,26418.0
624,30,No,Travel_Frequently,1012,Research & Development,5,4,Life Sciences,2,Male,75,2,1,Research Scientist,4,Divorced,3761,2373,9,No,12,3,2,1,10,3,2,5,4,0,3,0,1.3495207477722453,0.0,Mid-Low,26-35,3-5,0.352,Medium,22566.0
625,53,No,Travel_Rarely,661,Sales,7,2,Marketing,1,Female,78,2,3,Sales Executive,4,Married,10934,20715,7,Yes,18,3,4,1,35,3,3,5,2,0,4,0,1.1137535914354106,0.0,High,46-60,3-5,0.621,High,65604.0
626,45,No,Travel_Rarely,930,Sales,9,3,Marketing,4,Male,74,3,3,Sales Executive,1,Divorced,10761,19239,4,Yes,12,3,3,1,18,2,3,5,4,0,2,0,1.0961315527196318,0.0,High,36-45,3-5,0.535,High,64566.0
627,32,No,Travel_Rarely,638,Research & Development,8,2,Medical,3,Female,91,4,2,Research Scientist,3,Married,5175,22162,5,No,12,3,3,1,9,3,2,5,3,1,3,0,0.9405196894986618,0.16666666666666666,Mid-High,26-35,3-5,0.106,Low,31050.0
628,52,No,Travel_Frequently,890,Research & Development,25,4,Medical,3,Female,81,2,4,Manufacturing Director,4,Married,13826,19028,3,No,22,4,3,0,31,3,3,9,8,0,0,0,0.8917823464875584,0.0,High,46-60,6-10,0.096,Low,82956.0
629,37,No,Travel_Rarely,342,Sales,16,4,Marketing,4,Male,66,2,2,Sales Executive,3,Divorced,6334,24558,4,No,19,3,4,2,9,2,3,1,0,0,0,0,1.1511597513593284,0.0,Mid-High,36-45,0-2,0.212,Low,38004.0
630,28,No,Travel_Rarely,1169,Human Resources,8,2,Medical,2,Male,63,2,1,Human Resources,4,Divorced,4936,23965,1,No,13,3,4,1,6,6,3,5,1,0,4,0,1.7711338503067808,0.0,Mid-High,26-35,3-5,0.05,Low,29616.0
631,22,No,Travel_Rarely,1230,Research & Development,1,2,Life Sciences,4,Male,33,2,2,Manufacturing Director,4,Married,4775,19146,6,No,22,4,1,2,4,2,1,2,2,2,2,0,0.8678225154311324,0.6666666666666666,Mid-Low,18-25,0-2,0.266,Medium,28650.0
632,44,No,Travel_Rarely,986,Research & Development,8,4,Life Sciences,1,Male,62,4,1,Laboratory Technician,4,Married,2818,5044,2,Yes,24,4,3,1,10,2,2,3,2,0,2,0,1.0111538067594223,0.0,Low,36-45,3-5,0.559,High,16908.0
633,42,No,Travel_Frequently,1271,Research & Development,2,1,Medical,2,Male,35,3,1,Research Scientist,4,Single,2515,9068,5,Yes,14,3,4,0,8,2,3,2,1,2,2,0,0.9024314492547718,0.6666666666666666,Low,36-45,0-2,0.728,High,15090.0
634,36,No,Travel_Rarely,1278,Human Resources,8,3,Life Sciences,1,Male,77,2,1,Human Resources,1,Married,2342,8635,0,No,21,4,3,0,6,3,3,5,4,0,3,0,0.840355647775219,0.0,Low,36-45,3-5,0.397,Medium,14052.0
635,25,No,Travel_Rarely,141,Sales,3,1,Other,3,Male,98,3,2,Sales Executive,1,Married,4194,14363,1,Yes,18,3,4,0,5,3,3,5,3,0,3,0,0.7622298700980459,0.0,Mid-Low,18-25,3-5,0.753,High,25164.0
636,35,No,Travel_Rarely,607,Research & Development,9,3,Life Sciences,4,Female,66,2,3,Manufacturing Director,3,Married,10685,23457,1,Yes,20,4,2,1,17,2,3,17,14,5,15,0,1.0883900790641452,0.2777777777777778,High,26-35,10+,0.174,Low,64110.0
637,35,Yes,Travel_Frequently,130,Research & Development,25,4,Life Sciences,4,Female,96,3,1,Research Scientist,2,Divorced,2022,16612,1,Yes,19,3,1,1,10,3,2,10,2,7,8,1,0.7255333560211327,0.6363636363636364,Low,26-35,6-10,0.836,High,12132.0
638,32,No,Non-Travel,300,Research & Development,1,3,Life Sciences,4,Male,61,3,1,Laboratory Technician,4,Divorced,2314,9148,0,No,12,3,2,1,4,2,3,3,0,0,2,0,0.8303086972467364,0.0,Low,26-35,3-5,0.037,Low,13884.0
639,25,No,Travel_Rarely,583,Sales,4,1,Marketing,3,Male,87,2,2,Sales Executive,1,Married,4256,18154,1,No,12,3,1,0,5,1,4,5,2,0,3,0,0.7734979320785129,0.0,Mid-Low,18-25,3-5,0.742,High,25536.0
640,49,No,Travel_Rarely,1418,Research & Development,1,3,Technical Degree,3,Female,36,3,1,Research Scientist,1,Married,3580,10554,2,No,16,3,2,1,7,2,3,4,2,0,2,0,1.2845743889988401,0.0,Mid-Low,46-60,3-5,0.179,Low,21480.0
641,24,No,Non-Travel,1269,Research & Development,4,1,Life Sciences,1,Male,46,2,1,Laboratory Technician,4,Married,3162,10778,0,No,17,3,4,0,6,2,2,5,2,3,4,0,1.134587770395065,0.5,Mid-Low,18-25,3-5,0.193,Low,18972.0
642,32,No,Travel_Frequently,379,Sales,5,2,Life Sciences,2,Male,48,3,2,Sales Executive,2,Married,6524,8891,1,No,14,3,4,1,10,3,3,10,8,5,3,0,1.1856909090414047,0.45454545454545453,Mid-High,26-35,6-10,0.502,High,39144.0
643,38,No,Travel_Rarely,395,Sales,9,3,Marketing,2,Male,98,2,1,Sales Representative,2,Married,2899,12102,0,No,19,3,4,1,3,3,3,2,2,1,2,0,1.0402181993596753,0.3333333333333333,Low,36-45,0-2,0.589,High,17394.0
644,42,No,Travel_Rarely,1265,Research & Development,3,3,Life Sciences,3,Female,95,4,2,Laboratory Technician,4,Married,5231,23726,2,Yes,13,3,2,1,17,1,2,5,3,1,3,0,0.950697293868116,0.16666666666666666,Mid-High,36-45,3-5,0.337,Medium,31386.0
645,31,No,Travel_Rarely,1222,Research & Development,11,4,Life Sciences,4,Male,48,3,1,Research Scientist,4,Married,2356,14871,3,Yes,19,3,2,1,8,2,3,6,4,0,2,0,0.8453791230394602,0.0,Low,26-35,6-10,0.271,Medium,14136.0
646,29,Yes,Travel_Rarely,341,Sales,1,3,Medical,2,Female,48,2,1,Sales Representative,3,Divorced,2800,23522,6,Yes,19,3,3,3,5,3,3,3,2,0,2,1,1.004695052848255,0.0,Low,26-35,3-5,0.74,High,16800.0
647,53,No,Travel_Rarely,868,Sales,8,3,Marketing,1,Male,73,3,4,Sales Executive,4,Married,11836,22789,5,No,14,3,3,1,28,3,3,2,0,2,2,0,0.763426576958393,0.6666666666666666,High,46-60,0-2,0.199,Low,71016.0
648,35,No,Travel_Rarely,672,Research & Development,25,3,Technical Degree,4,Male,78,2,3,Manufacturing Director,2,Married,10903,9129,3,No,16,3,1,0,16,2,3,13,10,4,8,0,1.1105958850759359,0.2857142857142857,High,26-35,10+,0.665,High,65418.0
649,37,No,Travel_Frequently,1231,Sales,21,2,Medical,3,Female,54,3,1,Sales Representative,4,Married,2973,21222,5,No,15,3,2,1,10,3,3,5,4,0,0,0,1.0667708543278078,0.0,Mid-Low,36-45,3-5,0.648,High,17838.0
650,53,No,Travel_Rarely,102,Research & Development,23,4,Life Sciences,4,Female,72,3,4,Research Director,4,Single,14275,20206,6,No,18,3,3,0,33,0,3,12,9,3,8,0,0.9207430201149932,0.23076923076923078,High,46-60,10+,0.012,Low,85650.0
651,43,No,Travel_Frequently,422,Research & Development,1,3,Life Sciences,4,Female,33,3,2,Healthcare Representative,4,Married,5562,21782,4,No,13,3,2,1,12,2,2,5,2,2,2,0,1.0108542054089964,0.3333333333333333,Mid-High,36-45,3-5,0.094,Low,33372.0
652,47,No,Travel_Rarely,249,Sales,2,2,Marketing,3,Female,35,3,2,Sales Executive,4,Married,4537,17783,0,Yes,22,4,1,1,8,2,3,7,6,7,7,0,0.8245676968609523,0.875,Mid-Low,46-60,6-10,0.264,Medium,27222.0
653,37,No,Non-Travel,1252,Sales,19,2,Medical,1,Male,32,3,3,Sales Executive,2,Single,7642,4814,1,Yes,13,3,4,0,10,2,3,10,0,0,9,0,0.7784255483582777,0.0,Mid-High,36-45,6-10,0.79,High,45852.0
654,50,No,Non-Travel,881,Research & Development,2,4,Life Sciences,1,Male,98,3,4,Manager,1,Divorced,17924,4544,1,No,11,3,4,1,31,3,3,31,6,14,7,0,1.156104931176262,0.4375,High,46-60,10+,0.34,Medium,107544.0
655,39,No,Travel_Rarely,1383,Human Resources,2,3,Life Sciences,4,Female,42,2,2,Human Resources,4,Married,5204,7790,8,No,11,3,3,2,13,2,3,5,4,0,4,0,0.9457902346185577,0.0,Mid-High,36-45,3-5,0.087,Low,31224.0
656,33,No,Travel_Rarely,1075,Human Resources,3,2,Human Resources,4,Male,57,3,1,Human Resources,2,Divorced,2277,22650,3,Yes,11,3,3,1,7,4,4,4,3,0,3,0,0.8170323697626701,0.0,Low,26-35,3-5,0.457,Medium,13662.0
657,32,Yes,Travel_Rarely,374,Research & Development,25,4,Life Sciences,1,Male,87,3,1,Laboratory Technician,4,Single,2795,18016,1,Yes,24,4,3,0,1,2,1,1,0,0,1,1,1.0029009545395973,0.0,Low,26-35,0-2,0.963,High,16770.0
658,29,No,Travel_Rarely,1086,Research & Development,7,1,Medical,1,Female,62,2,1,Laboratory Technician,4,Divorced,2532,6054,6,No,14,3,3,3,8,5,3,4,3,0,3,0,0.9085313835042077,0.0,Low,26-35,3-5,0.233,Low,15192.0
659,44,No,Travel_Rarely,661,Research & Development,9,2,Life Sciences,2,Male,61,3,1,Research Scientist,1,Married,2559,7508,1,Yes,13,3,4,0,8,0,3,8,7,7,1,0,0.9182195143709587,0.7777777777777778,Low,36-45,6-10,0.879,High,15354.0
660,28,No,Travel_Rarely,821,Sales,5,4,Medical,1,Male,98,3,2,Sales Executive,4,Single,4908,24252,1,No,14,3,2,0,4,3,3,4,2,0,2,0,0.891994325808586,0.0,Mid-Low,26-35,3-5,0.515,High,29448.0
661,58,Yes,Travel_Frequently,781,Research & Development,2,1,Life Sciences,4,Male,57,2,1,Laboratory Technician,4,Divorced,2380,13384,9,Yes,14,3,4,1,3,3,2,1,0,0,0,1,0.8539907949210167,0.0,Low,46-60,0-2,0.724,High,14280.0
662,43,No,Travel_Rarely,177,Research & Development,8,3,Life Sciences,1,Female,55,3,2,Manufacturing Director,2,Divorced,4765,23814,4,No,21,4,3,1,4,2,4,1,0,0,0,0,0.8660050860794442,0.0,Mid-Low,36-45,0-2,0.28,Medium,28590.0
663,20,Yes,Travel_Rarely,500,Sales,2,3,Medical,3,Female,49,2,1,Sales Representative,3,Single,2044,22052,1,No,13,3,4,0,2,3,2,2,2,0,2,1,0.7334273885792261,0.0,Low,18-25,0-2,0.557,High,12264.0
664,21,Yes,Travel_Rarely,1427,Research & Development,18,1,Other,4,Female,65,3,1,Research Scientist,4,Single,2693,8870,1,No,19,3,1,0,1,3,2,1,0,0,0,1,0.9663013490429824,0.0,Low,18-25,0-2,0.178,Low,16158.0
665,36,No,Travel_Rarely,1425,Research & Development,14,1,Life Sciences,3,Male,68,3,2,Healthcare Representative,4,Married,6586,4821,0,Yes,17,3,1,1,17,2,2,16,8,4,11,0,1.1969589710218718,0.23529411764705882,Mid-High,36-45,10+,0.134,Low,39516.0
666,47,No,Travel_Rarely,1454,Sales,2,4,Life Sciences,4,Female,65,2,1,Sales Representative,4,Single,3294,13137,1,Yes,18,3,1,0,3,3,2,3,2,1,2,0,1.1819519657436257,0.25,Mid-Low,46-60,3-5,0.859,High,19764.0
667,22,Yes,Travel_Rarely,617,Research & Development,3,1,Life Sciences,2,Female,34,3,2,Manufacturing Director,3,Married,4171,10022,0,Yes,19,3,1,1,4,3,4,3,2,0,2,1,0.758049782589163,0.0,Mid-Low,18-25,3-5,0.25,Low,25026.0
668,41,Yes,Travel_Rarely,1085,Research & Development,2,4,Life Sciences,2,Female,57,1,1,Laboratory Technician,4,Divorced,2778,17725,4,Yes,13,3,3,1,10,1,2,7,7,1,0,1,0.9968010202901615,0.125,Low,36-45,6-10,0.769,High,16668.0
669,28,No,Travel_Rarely,995,Research & Development,9,3,Medical,3,Female,77,3,1,Research Scientist,3,Divorced,2377,9834,5,No,18,3,2,1,6,2,3,2,2,2,2,0,0.8529143359358221,0.6666666666666666,Low,26-35,0-2,0.106,Low,14262.0
670,39,Yes,Travel_Rarely,1122,Research & Development,6,3,Medical,4,Male,70,3,1,Laboratory Technician,1,Married,2404,4303,7,Yes,21,4,4,0,8,2,1,2,2,2,2,1,0.8626024668025731,0.6666666666666666,Low,36-45,0-2,0.915,High,14424.0
671,27,No,Travel_Rarely,618,Research & Development,4,3,Life Sciences,2,Female,76,3,1,Research Scientist,3,Single,2318,17808,1,No,19,3,3,0,1,2,3,1,1,0,0,0,0.8317439758936624,0.0,Low,26-35,0-2,0.286,Medium,13908.0
672,34,No,Travel_Rarely,546,Research & Development,10,3,Life Sciences,2,Male,83,3,1,Laboratory Technician,2,Divorced,2008,6896,1,No,14,3,2,2,1,3,3,1,0,1,0,0,0.7205098807568914,0.5,Low,26-35,0-2,0.431,Medium,12048.0
673,42,No,Travel_Rarely,462,Sales,14,2,Medical,3,Female,68,2,2,Sales Executive,3,Single,6244,7824,7,No,17,3,1,0,10,6,3,5,4,0,3,0,1.1348028871941342,0.0,Mid-High,36-45,3-5,0.391,Medium,37464.0
674,33,No,Travel_Rarely,1198,Research & Development,1,4,Other,3,Male,100,2,1,Research Scientist,1,Single,2799,3339,3,Yes,11,3,2,0,6,1,3,3,2,0,2,0,1.0043362331865233,0.0,Low,26-35,3-5,0.847,High,16794.0
675,58,No,Travel_Rarely,1272,Research & Development,5,3,Technical Degree,3,Female,37,2,3,Healthcare Representative,2,Divorced,10552,9255,2,Yes,13,3,4,1,24,3,3,6,0,0,4,0,1.0748425001670434,0.0,High,46-60,6-10,0.345,Medium,63312.0
676,31,No,Travel_Rarely,154,Sales,7,4,Life Sciences,2,Male,41,2,1,Sales Representative,3,Married,2329,11737,3,No,15,3,2,0,13,2,4,7,7,5,2,0,0.8356909921727091,0.625,Low,26-35,6-10,0.631,High,13974.0
677,35,No,Travel_Rarely,1137,Research & Development,21,1,Life Sciences,4,Female,51,3,2,Healthcare Representative,4,Married,4014,19170,1,Yes,25,4,4,1,10,2,1,10,6,0,7,0,0.7295161417676577,0.0,Mid-Low,26-35,6-10,0.078,Low,24084.0
678,49,No,Travel_Rarely,527,Research & Development,8,2,Other,1,Female,51,3,3,Laboratory Technician,2,Married,7403,22477,4,No,11,3,3,1,29,3,2,26,9,1,7,0,0.7540806509416815,0.037037037037037035,Mid-High,46-60,10+,0.561,High,44418.0
679,48,No,Travel_Rarely,1469,Research & Development,20,4,Medical,4,Male,51,3,1,Research Scientist,3,Married,2259,5543,4,No,17,3,1,2,13,2,2,0,0,0,0,0,0.8105736158515028,0.0,Low,46-60,0-2,0.206,Low,13554.0
680,31,No,Non-Travel,1188,Sales,20,2,Marketing,4,Female,45,3,2,Sales Executive,3,Married,6932,24406,1,No,13,3,4,1,9,2,2,9,8,0,0,0,1.2598420265902848,0.0,Mid-High,26-35,6-10,0.055,Low,41592.0
681,36,No,Travel_Rarely,188,Research & Development,7,4,Other,2,Male,65,3,1,Research Scientist,4,Single,4678,23293,2,No,18,3,3,0,8,6,3,6,2,0,1,0,1.6785583775800488,0.0,Mid-Low,36-45,6-10,0.103,Low,28068.0
682,38,No,Travel_Rarely,1333,Research & Development,1,3,Technical Degree,4,Female,80,3,3,Research Director,1,Married,13582,16292,1,No,13,3,2,1,15,3,3,15,12,5,11,0,1.3834828314318408,0.3125,High,36-45,10+,0.007,Low,81492.0
683,32,No,Non-Travel,1184,Research & Development,1,3,Life Sciences,3,Female,70,2,1,Laboratory Technician,2,Married,2332,3974,6,No,20,4,3,0,5,3,3,3,0,0,2,0,0.8367674511579037,0.0,Low,26-35,3-5,0.272,Medium,13992.0
684,25,Yes,Travel_Rarely,867,Sales,19,2,Marketing,3,Male,36,2,1,Sales Representative,2,Married,2413,18798,1,Yes,18,3,3,3,1,2,3,1,0,0,0,1,0.8658318437581568,0.0,Low,18-25,0-2,0.951,High,14478.0
685,40,No,Travel_Rarely,658,Sales,10,4,Marketing,1,Male,67,2,3,Sales Executive,2,Divorced,9705,20652,2,No,12,3,2,1,11,2,2,1,0,0,0,0,0.9885658135065539,0.0,High,36-45,0-2,0.717,High,58230.0
686,26,No,Travel_Frequently,1283,Sales,1,3,Medical,3,Male,52,2,2,Sales Executive,1,Single,4294,11148,1,No,12,3,2,0,7,2,3,7,7,0,7,0,0.7804041636149283,0.0,Mid-Low,26-35,6-10,0.478,Medium,25764.0
687,41,No,Travel_Rarely,263,Research & Development,6,3,Medical,4,Male,59,3,1,Laboratory Technician,1,Single,4721,3119,2,Yes,13,3,3,0,20,3,3,18,13,2,17,0,1.6939876230345041,0.10526315789473684,Mid-Low,36-45,10+,0.266,Medium,28326.0
688,36,No,Travel_Rarely,938,Research & Development,2,4,Medical,3,Male,79,3,1,Laboratory Technician,3,Single,2519,12287,4,No,21,4,3,0,16,6,3,11,8,3,9,0,0.9038667279016979,0.25,Low,36-45,10+,0.097,Low,15114.0
689,19,Yes,Travel_Rarely,419,Sales,21,3,Other,4,Male,37,2,1,Sales Representative,2,Single,2121,9947,1,Yes,13,3,2,0,1,3,4,1,0,0,0,1,0.7610565025325531,0.0,Low,18-25,0-2,0.963,High,12726.0
690,20,Yes,Travel_Rarely,129,Research & Development,4,3,Technical Degree,1,Male,84,3,1,Laboratory Technician,1,Single,2973,13008,1,No,19,3,2,0,1,2,3,1,0,0,0,1,1.0667708543278078,0.0,Mid-Low,18-25,0-2,0.958,High,17838.0
691,31,No,Travel_Rarely,616,Research & Development,12,3,Medical,4,Female,41,3,2,Healthcare Representative,4,Married,5855,17369,0,Yes,11,3,3,2,10,2,1,9,7,8,5,0,1.0641048854134618,0.8,Mid-High,26-35,6-10,0.314,Medium,35130.0
692,40,No,Travel_Frequently,1469,Research & Development,9,4,Medical,4,Male,35,3,1,Research Scientist,2,Divorced,3617,25063,8,Yes,14,3,4,1,3,2,3,1,1,0,0,0,1.2978507164829065,0.0,Mid-Low,36-45,0-2,0.6,High,21702.0
693,32,No,Travel_Rarely,498,Research & Development,3,4,Medical,3,Female,93,3,2,Manufacturing Director,1,Married,6725,13554,1,No,12,3,3,1,8,2,4,8,7,6,3,0,1.2222212390103382,0.6666666666666666,Mid-High,26-35,6-10,0.16,Low,40350.0
694,36,Yes,Travel_Rarely,530,Sales,3,1,Life Sciences,3,Male,51,2,3,Sales Executive,4,Married,10325,5518,1,Yes,11,3,1,1,16,6,3,16,7,3,7,1,1.0517199406960505,0.17647058823529413,High,36-45,10+,0.386,Medium,61950.0
695,33,No,Travel_Rarely,1069,Research & Development,1,3,Life Sciences,2,Female,42,2,2,Healthcare Representative,4,Single,6949,12291,0,No,14,3,1,0,6,3,3,5,0,1,4,0,1.2629316564881548,0.16666666666666666,Mid-High,26-35,3-5,0.169,Low,41694.0
696,37,Yes,Travel_Rarely,625,Sales,1,4,Life Sciences,1,Male,46,2,3,Sales Executive,3,Married,10609,14922,5,No,11,3,3,0,17,2,1,14,1,11,7,1,1.0806486054086586,0.7333333333333333,High,36-45,10+,0.916,High,63654.0
697,45,No,Non-Travel,805,Research & Development,4,2,Life Sciences,3,Male,57,3,2,Laboratory Technician,2,Married,4447,23163,1,No,12,3,2,0,9,5,2,9,7,0,8,0,0.8082108326957582,0.0,Mid-Low,36-45,6-10,0.036,Low,26682.0
698,29,No,Travel_Frequently,1404,Sales,20,3,Technical Degree,3,Female,84,3,1,Sales Representative,4,Married,2157,18203,1,No,15,3,2,1,3,5,3,3,1,0,2,0,0.7739740103548878,0.0,Low,26-35,3-5,0.821,High,12942.0
699,35,No,Travel_Rarely,1219,Sales,18,3,Medical,3,Female,86,3,2,Sales Executive,3,Married,4601,6179,1,No,16,3,2,0,5,3,3,5,2,1,0,0,0.8361992447117571,0.16666666666666666,Mid-Low,26-35,3-5,0.286,Medium,27606.0
700,52,No,Travel_Rarely,1053,Research & Development,1,2,Life Sciences,4,Male,70,3,4,Manager,4,Married,17099,13829,2,No,15,3,2,1,26,2,2,9,8,7,8,0,1.1028921121503517,0.7,High,46-60,6-10,0.014,Low,102594.0
701,58,Yes,Travel_Rarely,289,Research & Development,2,3,Technical Degree,4,Male,51,3,1,Research Scientist,3,Single,2479,26227,4,No,24,4,1,0,7,4,3,1,0,0,0,1,0.8895139414324371,0.0,Low,46-60,0-2,0.417,Medium,14874.0
702,53,No,Travel_Rarely,1376,Sales,2,2,Medical,3,Male,45,3,4,Manager,3,Divorced,14852,13938,6,No,13,3,3,1,22,3,4,17,13,15,2,0,0.9579597432397814,0.8333333333333334,High,46-60,10+,0.11,Low,89112.0
703,30,No,Travel_Rarely,231,Sales,8,2,Other,3,Male,62,3,3,Sales Executive,3,Divorced,7264,9977,5,No,11,3,1,1,10,2,4,8,4,7,7,0,0.7399219030717783,0.7777777777777778,Mid-High,26-35,6-10,0.235,Low,43584.0
704,38,No,Non-Travel,152,Sales,10,3,Technical Degree,3,Female,85,3,2,Sales Executive,4,Single,5666,19899,1,Yes,13,3,2,0,6,1,3,5,3,1,3,0,1.0297554706665542,0.16666666666666666,Mid-High,36-45,3-5,0.741,High,33996.0
705,35,No,Travel_Rarely,882,Sales,3,4,Life Sciences,4,Male,92,3,3,Sales Executive,4,Divorced,7823,6812,6,No,13,3,2,1,12,2,3,10,9,0,8,0,0.7968624790377921,0.0,Mid-High,26-35,6-10,0.015,Low,46938.0
706,39,No,Travel_Rarely,903,Sales,2,5,Life Sciences,1,Male,41,4,3,Sales Executive,3,Single,7880,2560,0,No,18,3,4,0,9,3,3,8,7,0,7,0,0.802668584279407,0.0,Mid-High,36-45,6-10,0.054,Low,47280.0
707,40,Yes,Non-Travel,1479,Sales,24,3,Life Sciences,2,Female,100,4,4,Sales Executive,2,Single,13194,17071,4,Yes,16,3,4,0,22,2,2,1,0,0,0,1,0.8510181020943762,0.0,High,36-45,0-2,0.431,Medium,79164.0
708,47,No,Travel_Frequently,1379,Research & Development,16,4,Medical,3,Male,64,4,2,Manufacturing Director,3,Divorced,5067,6759,1,Yes,19,3,3,0,20,3,4,19,10,2,7,0,0.9208914525004288,0.1,Mid-High,46-60,10+,0.124,Low,30402.0
709,36,No,Non-Travel,1229,Sales,8,4,Technical Degree,1,Male,84,3,2,Sales Executive,4,Divorced,5079,25952,4,No,13,3,4,2,12,3,3,7,7,0,7,0,0.9230723677224547,0.0,Mid-High,36-45,6-10,0.057,Low,30474.0
710,31,Yes,Non-Travel,335,Research & Development,9,2,Medical,3,Male,46,2,1,Research Scientist,1,Single,2321,10322,0,Yes,22,4,1,0,4,0,3,3,2,1,2,1,0.832820434878857,0.25,Low,26-35,3-5,0.795,High,13926.0
711,33,No,Non-Travel,722,Sales,17,3,Life Sciences,4,Male,38,3,4,Manager,3,Single,17444,20489,1,No,11,3,4,0,10,2,3,10,8,6,0,0,1.1251447455611867,0.5454545454545454,High,26-35,6-10,0.126,Low,104664.0
712,29,Yes,Travel_Rarely,906,Research & Development,10,3,Life Sciences,4,Female,92,2,1,Research Scientist,1,Single,2404,11479,6,Yes,20,4,3,0,3,5,3,0,0,0,0,1,0.8626024668025731,0.0,Low,26-35,0-2,0.876,High,14424.0
713,33,No,Travel_Rarely,461,Research & Development,13,1,Life Sciences,2,Female,53,3,1,Research Scientist,4,Single,3452,17241,3,No,18,3,1,0,5,4,3,3,2,0,2,0,1.2386454722972058,0.0,Mid-Low,26-35,3-5,0.187,Low,20712.0
714,45,No,Travel_Rarely,974,Research & Development,1,4,Medical,4,Female,91,3,1,Laboratory Technician,4,Divorced,2270,11005,3,No,14,3,4,2,8,2,3,5,3,0,2,0,0.8145206321305495,0.0,Low,36-45,3-5,0.031,Low,13620.0
715,50,No,Travel_Rarely,1126,Research & Development,1,2,Medical,4,Male,66,3,4,Research Director,4,Divorced,17399,6615,9,No,22,4,3,1,32,1,2,5,4,1,3,0,1.1222422281597735,0.16666666666666666,High,46-60,3-5,0.004,Low,104394.0
716,33,No,Travel_Frequently,827,Research & Development,1,4,Other,3,Female,84,4,2,Healthcare Representative,2,Married,5488,20161,1,Yes,13,3,1,1,6,2,3,6,5,1,2,0,0.9974052282065036,0.14285714285714285,Mid-High,26-35,6-10,0.404,Medium,32928.0
717,41,No,Travel_Frequently,840,Research & Development,9,3,Medical,1,Male,64,3,5,Research Director,3,Divorced,19419,3735,2,No,17,3,2,1,21,2,4,18,16,0,11,0,1.0118370139461548,0.0,High,36-45,10+,0.007,Low,116514.0
718,27,No,Travel_Rarely,1134,Research & Development,16,4,Technical Degree,3,Female,37,3,1,Laboratory Technician,2,Married,2811,12086,9,No,14,3,2,1,4,2,3,2,2,2,2,0,1.0086420691273017,0.6666666666666666,Low,26-35,0-2,0.881,High,16866.0
719,45,No,Non-Travel,248,Research & Development,23,2,Life Sciences,4,Male,42,3,2,Laboratory Technician,1,Married,3633,14039,1,Yes,15,3,3,1,9,2,3,9,8,0,8,0,0.6602720834683359,0.0,Mid-Low,36-45,6-10,0.228,Low,21798.0
720,47,No,Travel_Rarely,955,Sales,4,2,Life Sciences,4,Female,83,3,2,Sales Executive,4,Single,4163,8571,1,Yes,17,3,3,0,9,0,3,9,0,0,7,0,0.7565958391078124,0.0,Mid-Low,46-60,6-10,0.373,Medium,24978.0
721,30,Yes,Travel_Rarely,138,Research & Development,22,3,Life Sciences,1,Female,48,3,1,Research Scientist,3,Married,2132,11539,4,Yes,11,3,2,0,7,2,3,5,2,0,1,1,0.7650035188115998,0.0,Low,26-35,3-5,0.928,High,12792.0
722,50,No,Travel_Rarely,939,Research & Development,24,3,Life Sciences,4,Male,95,3,4,Manufacturing Director,3,Married,13973,4161,3,Yes,18,3,4,1,22,2,3,12,11,1,5,0,0.9012639033321751,0.07692307692307693,High,46-60,10+,0.088,Low,83838.0
723,38,No,Travel_Frequently,1391,Research & Development,10,1,Medical,3,Male,66,3,1,Research Scientist,3,Married,2684,12127,0,No,17,3,2,1,3,0,2,2,1,0,2,0,0.9630719720873987,0.0,Low,36-45,0-2,0.368,Medium,16104.0
724,46,No,Travel_Rarely,566,Research & Development,7,2,Medical,4,Male,75,3,3,Manufacturing Director,3,Divorced,10845,24208,6,No,13,3,2,1,13,3,3,8,7,0,7,0,1.104687918338854,0.0,High,46-60,6-10,0.038,Low,65070.0
725,24,No,Travel_Rarely,1206,Research & Development,17,1,Medical,4,Female,41,2,2,Manufacturing Director,3,Divorced,4377,24117,1,No,15,3,2,2,5,6,3,4,2,3,2,0,0.7954888272339407,0.6,Mid-Low,18-25,3-5,0.047,Low,26262.0
726,35,Yes,Travel_Rarely,622,Research & Development,14,4,Other,3,Male,39,2,1,Laboratory Technician,2,Divorced,3743,10074,1,Yes,24,4,4,1,5,2,1,4,2,0,2,1,1.343061993861078,0.0,Mid-Low,26-35,3-5,0.678,High,22458.0
727,31,No,Travel_Frequently,853,Research & Development,1,1,Life Sciences,3,Female,96,3,2,Manufacturing Director,1,Married,4148,11275,1,No,12,3,3,1,4,1,3,4,3,0,3,0,0.75386969508028,0.0,Mid-Low,26-35,3-5,0.323,Medium,24888.0
728,18,No,Non-Travel,287,Research & Development,5,2,Life Sciences,2,Male,73,3,1,Research Scientist,4,Single,1051,13493,1,No,15,3,4,0,0,2,3,0,0,0,0,0,0.37711946447982714,0.0,Low,18-25,0-2,0.256,Medium,6306.0
729,54,No,Travel_Rarely,1441,Research & Development,17,3,Technical Degree,3,Female,56,3,3,Manufacturing Director,3,Married,10739,13943,8,No,11,3,3,1,22,2,3,10,7,0,8,0,1.0938905998193593,0.0,High,46-60,6-10,0.123,Low,64434.0
730,35,No,Travel_Rarely,583,Research & Development,25,4,Medical,3,Female,57,3,3,Healthcare Representative,3,Divorced,10388,6975,1,Yes,11,3,3,1,16,3,2,16,10,10,1,0,1.058137214910467,0.5882352941176471,High,26-35,10+,0.565,High,62328.0
731,30,No,Travel_Rarely,153,Research & Development,8,2,Life Sciences,2,Female,73,4,3,Research Director,1,Married,11416,17802,0,Yes,12,3,3,3,9,4,2,8,7,1,7,0,1.162850832250471,0.1111111111111111,High,26-35,6-10,0.012,Low,68496.0
732,20,Yes,Travel_Rarely,1097,Research & Development,11,3,Medical,4,Female,98,2,1,Research Scientist,1,Single,2600,18275,1,Yes,15,3,1,0,1,2,3,1,0,0,0,1,0.932931120501951,0.0,Low,18-25,0-2,0.9,High,15600.0
733,30,Yes,Travel_Frequently,109,Research & Development,5,3,Medical,2,Female,60,3,1,Laboratory Technician,2,Single,2422,25725,0,No,17,3,1,0,4,3,3,3,2,1,2,1,0.8690612207137405,0.25,Low,26-35,3-5,0.818,High,14532.0
734,26,No,Travel_Rarely,1066,Research & Development,2,2,Medical,4,Male,32,4,2,Manufacturing Director,4,Married,5472,3334,1,No,12,3,2,0,8,2,3,8,7,1,3,0,0.9944973412438024,0.1111111111111111,Mid-High,26-35,6-10,0.035,Low,32832.0
735,22,No,Travel_Rarely,217,Research & Development,8,1,Life Sciences,2,Male,94,1,1,Laboratory Technician,1,Married,2451,6881,1,No,15,3,1,1,4,3,2,4,3,1,1,0,0.8794669909039545,0.2,Low,18-25,3-5,0.919,High,14706.0
736,48,No,Travel_Rarely,277,Research & Development,6,3,Life Sciences,1,Male,97,2,2,Healthcare Representative,3,Single,4240,13119,2,No,13,3,4,0,19,0,3,2,2,2,2,0,0.7705900451158118,0.6666666666666666,Mid-Low,46-60,0-2,0.177,Low,25440.0
737,48,No,Travel_Rarely,1355,Research & Development,4,4,Life Sciences,3,Male,78,2,3,Healthcare Representative,3,Single,10999,22245,7,No,14,3,2,0,27,3,3,15,11,4,8,0,1.1203745886407612,0.25,High,46-60,10+,0.072,Low,65994.0
738,41,No,Travel_Rarely,549,Research & Development,7,2,Medical,4,Female,42,3,2,Manufacturing Director,3,Single,5003,23371,6,No,14,3,2,0,8,6,3,2,2,2,1,0,0.9092599046496241,0.6666666666666666,Mid-High,36-45,0-2,0.052,Low,30018.0
739,39,No,Travel_Rarely,466,Research & Development,1,1,Life Sciences,4,Female,65,2,4,Manufacturing Director,4,Married,12742,7060,1,No,16,3,3,1,21,3,3,21,6,11,8,0,0.8218639273068472,0.5,High,36-45,10+,0.114,Low,76452.0
740,27,No,Travel_Rarely,1055,Research & Development,2,4,Life Sciences,1,Female,47,3,2,Manufacturing Director,4,Married,4227,4658,0,No,18,3,2,1,4,2,3,3,2,2,2,0,0.768227386958617,0.5,Mid-Low,26-35,3-5,0.126,Low,25362.0
741,35,No,Travel_Rarely,802,Research & Development,10,3,Other,2,Male,45,3,1,Laboratory Technician,4,Divorced,3917,9541,1,No,20,4,1,1,3,4,2,3,2,1,2,0,1.4054966150023622,0.25,Mid-Low,26-35,3-5,0.201,Low,23502.0
742,42,No,Travel_Rarely,265,Sales,5,2,Marketing,4,Male,90,3,5,Manager,3,Married,18303,7770,6,No,13,3,2,0,21,3,4,1,0,0,0,0,0.9536872581624424,0.0,High,36-45,0-2,0.074,Low,109818.0
743,50,No,Travel_Rarely,804,Research & Development,9,3,Life Sciences,1,Male,64,3,1,Laboratory Technician,4,Married,2380,20165,4,No,18,3,2,0,8,5,3,1,0,0,0,0,0.8539907949210167,0.0,Low,46-60,0-2,0.448,Medium,14280.0
744,59,No,Travel_Rarely,715,Research & Development,2,3,Life Sciences,3,Female,69,2,4,Manufacturing Director,4,Single,13726,21829,3,Yes,13,3,1,0,30,4,3,5,3,4,3,0,0.8853323078177511,0.6666666666666666,High,46-60,3-5,0.235,Low,82356.0
745,37,Yes,Travel_Rarely,1141,Research & Development,11,2,Medical,1,Female,61,1,2,Healthcare Representative,2,Married,4777,14382,5,No,15,3,1,0,15,2,1,1,0,0,0,1,0.8681860013014701,0.0,Mid-Low,36-45,0-2,0.613,High,28662.0
746,55,No,Travel_Frequently,135,Research & Development,18,4,Medical,3,Male,62,3,2,Healthcare Representative,2,Married,6385,12992,3,Yes,14,3,4,2,17,3,3,8,7,6,7,0,1.1604286410529383,0.6666666666666666,Mid-High,46-60,6-10,0.31,Medium,38310.0
747,41,No,Non-Travel,247,Research & Development,7,1,Life Sciences,2,Female,55,1,5,Research Director,3,Divorced,19973,20284,1,No,22,4,2,2,21,3,3,21,16,5,10,0,1.0407034697742699,0.22727272727272727,High,36-45,10+,0.002,Low,119838.0
748,38,No,Travel_Rarely,1035,Sales,3,4,Life Sciences,2,Male,42,3,2,Sales Executive,4,Single,6861,4981,8,Yes,12,3,3,0,19,1,3,1,0,0,0,0,1.2469382781932983,0.0,Mid-High,36-45,0-2,0.746,High,41166.0
749,26,Yes,Non-Travel,265,Sales,29,2,Medical,2,Male,79,1,2,Sales Executive,1,Single,4969,21813,8,No,18,3,4,0,7,6,3,2,2,2,2,1,0.9030806448538842,0.6666666666666666,Mid-High,26-35,0-2,0.669,High,29814.0
750,52,Yes,Travel_Rarely,266,Sales,2,1,Marketing,1,Female,57,1,5,Manager,4,Married,19845,25846,1,No,15,3,4,1,33,3,3,32,14,6,9,1,1.034033963734561,0.18181818181818182,High,46-60,10+,0.041,Low,119070.0
751,44,No,Travel_Rarely,1448,Sales,28,3,Medical,4,Female,53,4,4,Sales Executive,4,Married,13320,11737,3,Yes,18,3,3,1,23,2,3,12,11,11,11,0,0.8591451508183334,0.8461538461538461,High,36-45,10+,0.181,Low,79920.0
752,50,No,Non-Travel,145,Sales,1,3,Life Sciences,4,Female,95,3,2,Sales Executive,3,Married,6347,24920,0,No,12,3,1,1,19,3,3,18,7,0,13,0,1.153522409516523,0.0,Mid-High,46-60,10+,0.006,Low,38082.0
753,36,Yes,Travel_Rarely,885,Research & Development,16,4,Life Sciences,3,Female,43,4,1,Laboratory Technician,1,Single,2743,8269,1,No,16,3,3,0,18,1,3,17,13,15,14,1,0.9842423321295583,0.8333333333333334,Low,36-45,10+,0.518,High,16458.0
754,39,No,Travel_Frequently,945,Research & Development,22,3,Medical,4,Female,82,3,3,Manufacturing Director,1,Single,10880,5083,1,Yes,13,3,3,0,21,2,3,21,6,2,8,0,1.1082530706801965,0.09090909090909091,High,36-45,10+,0.882,High,65280.0
755,33,No,Non-Travel,1038,Sales,8,1,Life Sciences,2,Female,88,2,1,Sales Representative,4,Single,2342,21437,0,No,19,3,4,0,3,2,2,2,2,2,2,0,0.840355647775219,0.6666666666666666,Low,26-35,0-2,0.352,Medium,14052.0
756,45,No,Travel_Rarely,1234,Sales,11,2,Life Sciences,4,Female,90,3,4,Manager,4,Married,17650,5404,3,No,13,3,2,1,26,4,4,9,3,1,1,0,1.1384318252209897,0.1,High,36-45,6-10,0.017,Low,105900.0
757,32,No,Non-Travel,1109,Research & Development,29,4,Medical,4,Female,69,3,1,Laboratory Technician,3,Single,4025,11135,9,No,12,3,2,0,10,2,3,8,7,7,7,0,1.4442491384693665,0.7777777777777778,Mid-Low,26-35,6-10,0.443,Medium,24150.0
758,34,No,Travel_Rarely,216,Sales,1,4,Marketing,2,Male,75,4,2,Sales Executive,4,Divorced,9725,12278,0,No,11,3,4,1,16,2,2,15,1,0,9,0,1.7674500445168089,0.0,High,26-35,10+,0.067,Low,58350.0
759,59,No,Travel_Rarely,1089,Sales,1,2,Technical Degree,2,Male,66,3,3,Manager,4,Married,11904,11038,3,Yes,14,3,3,1,14,1,1,6,4,0,4,0,1.2125592420383327,0.0,High,46-60,6-10,0.451,Medium,71424.0
760,45,No,Travel_Rarely,788,Human Resources,24,4,Medical,2,Male,36,3,1,Human Resources,2,Single,2177,8318,1,No,16,3,1,0,6,3,3,6,3,0,4,0,0.7811504035895181,0.0,Low,36-45,6-10,0.807,High,13062.0
761,53,No,Travel_Frequently,124,Sales,2,3,Marketing,3,Female,38,2,3,Sales Executive,2,Married,7525,23537,2,No,12,3,1,1,30,2,3,15,7,6,12,0,0.766507753388647,0.375,Mid-High,46-60,10+,0.3,Medium,45150.0
762,36,Yes,Travel_Rarely,660,Research & Development,15,3,Other,1,Male,81,3,2,Laboratory Technician,3,Divorced,4834,7858,7,No,14,3,2,1,9,3,2,1,0,0,0,1,0.878545348606093,0.0,Mid-Low,36-45,0-2,0.583,High,29004.0
763,26,Yes,Travel_Frequently,342,Research & Development,2,3,Life Sciences,1,Male,57,3,1,Research Scientist,1,Married,2042,15346,6,Yes,14,3,2,1,6,2,3,3,2,1,2,1,0.732709749255763,0.25,Low,26-35,3-5,0.955,High,12252.0
764,34,No,Travel_Rarely,1333,Sales,10,4,Life Sciences,3,Female,87,3,1,Sales Representative,3,Married,2220,18410,1,Yes,19,3,4,1,1,2,3,1,1,0,0,0,0.7965796490439735,0.0,Low,26-35,0-2,0.68,High,13320.0
765,28,No,Travel_Rarely,1144,Sales,10,1,Medical,4,Male,74,3,1,Sales Representative,2,Married,1052,23384,1,No,22,4,2,0,1,5,3,1,0,0,0,0,0.37747828414155865,0.0,Low,26-35,0-2,0.485,Medium,6312.0
766,38,No,Travel_Frequently,1186,Research & Development,3,4,Other,3,Male,44,3,1,Research Scientist,3,Married,2821,2997,3,No,16,3,1,1,8,2,3,2,2,2,2,0,1.012230265744617,0.6666666666666666,Low,36-45,0-2,0.234,Low,16926.0
767,50,No,Travel_Rarely,1464,Research & Development,2,4,Medical,2,Male,62,3,5,Research Director,3,Married,19237,12853,2,Yes,11,3,4,1,29,2,2,8,1,7,7,0,1.0023538100459435,0.7777777777777778,High,46-60,6-10,0.149,Low,115422.0
768,37,No,Travel_Rarely,124,Research & Development,3,3,Other,4,Female,35,3,2,Healthcare Representative,2,Single,4107,13848,3,No,15,3,1,0,8,3,2,4,3,0,1,0,0.7464182347383582,0.0,Mid-Low,36-45,3-5,0.206,Low,24642.0
769,40,No,Travel_Rarely,300,Sales,26,3,Marketing,3,Male,74,3,2,Sales Executive,1,Married,8396,22217,1,No,14,3,2,1,8,3,2,7,7,7,5,0,1.5259136836774425,0.875,High,36-45,6-10,0.499,Medium,50376.0
770,26,No,Travel_Frequently,921,Research & Development,1,1,Medical,1,Female,66,2,1,Research Scientist,3,Divorced,2007,25265,1,No,13,3,3,2,5,5,3,5,3,1,3,0,0.7201510610951599,0.16666666666666666,Low,26-35,3-5,0.173,Low,12042.0
771,46,No,Travel_Rarely,430,Research & Development,1,4,Medical,4,Male,40,3,5,Research Director,4,Divorced,19627,21445,9,No,17,3,4,2,23,0,3,2,2,2,2,0,1.0226749612606818,0.6666666666666666,High,46-60,0-2,0.006,Low,117762.0
772,54,No,Travel_Rarely,1082,Sales,2,4,Life Sciences,3,Female,41,2,3,Sales Executive,3,Married,10686,8392,6,No,11,3,2,1,13,4,3,9,4,7,0,0,1.088491940559612,0.7,High,46-60,6-10,0.403,Medium,64116.0
773,56,No,Travel_Frequently,1240,Research & Development,9,3,Medical,1,Female,63,3,1,Research Scientist,3,Married,2942,12154,2,No,19,3,2,1,18,4,3,5,4,0,3,0,1.0556474448141306,0.0,Mid-Low,46-60,3-5,0.1,Low,17652.0
774,36,No,Travel_Rarely,796,Research & Development,12,5,Medical,4,Female,51,2,3,Manufacturing Director,4,Single,8858,15669,0,No,11,3,2,0,15,2,2,14,8,7,8,0,0.9022891268460644,0.4666666666666667,High,36-45,10+,0.402,Medium,53148.0
775,55,No,Non-Travel,444,Research & Development,2,1,Medical,3,Male,40,2,4,Manager,1,Single,16756,17323,7,No,15,3,2,0,31,3,4,9,7,6,2,0,1.0807684795129124,0.6,High,46-60,6-10,0.045,Low,100536.0
776,43,No,Travel_Rarely,415,Sales,25,3,Medical,3,Male,79,2,3,Sales Executive,4,Divorced,10798,5268,5,No,13,3,3,1,18,5,3,1,0,0,0,0,1.0999004280519082,0.0,High,36-45,0-2,0.253,Medium,64788.0
777,20,Yes,Travel_Frequently,769,Sales,9,3,Marketing,4,Female,54,3,1,Sales Representative,4,Single,2323,17205,1,Yes,14,3,2,0,2,3,3,2,2,0,2,1,0.8335380742023201,0.0,Low,18-25,0-2,0.883,High,13938.0
778,21,Yes,Travel_Rarely,1334,Research & Development,10,3,Life Sciences,3,Female,36,2,1,Laboratory Technician,1,Single,1416,17258,1,No,13,3,1,0,1,6,2,1,0,1,0,1,0.5080886410118318,0.5,Low,18-25,0-2,0.828,High,8496.0
779,46,No,Travel_Rarely,1003,Research & Development,8,4,Life Sciences,4,Female,74,2,2,Research Scientist,1,Divorced,4615,21029,8,Yes,23,4,1,3,19,2,3,16,13,1,7,0,0.8387436458041206,0.058823529411764705,Mid-Low,46-60,10+,0.296,Medium,27690.0
780,51,Yes,Travel_Rarely,1323,Research & Development,4,4,Life Sciences,1,Male,34,3,1,Research Scientist,3,Married,2461,10332,9,Yes,12,3,3,3,18,2,4,10,0,2,7,1,0.8830551875212698,0.18181818181818182,Low,46-60,6-10,0.413,Medium,14766.0
781,28,Yes,Non-Travel,1366,Research & Development,24,2,Technical Degree,2,Male,72,2,3,Healthcare Representative,1,Single,8722,12355,1,No,12,3,1,0,10,2,2,10,7,1,9,1,0.8884359634625619,0.09090909090909091,High,26-35,6-10,0.388,Medium,52332.0
782,26,No,Travel_Rarely,192,Research & Development,1,2,Medical,1,Male,59,2,1,Laboratory Technician,1,Married,3955,11141,1,No,16,3,1,2,6,2,3,5,3,1,3,0,1.41913176214816,0.16666666666666666,Mid-Low,26-35,3-5,0.7,High,23730.0
783,30,No,Travel_Rarely,1176,Research & Development,20,3,Other,3,Male,85,3,2,Manufacturing Director,1,Married,9957,9096,0,No,15,3,3,1,7,1,2,6,2,0,2,0,1.809614405475976,0.0,High,26-35,6-10,0.247,Low,59742.0
784,41,No,Travel_Rarely,509,Research & Development,7,2,Technical Degree,2,Female,43,4,1,Research Scientist,3,Married,3376,18863,1,No,13,3,3,0,10,3,3,10,6,0,8,0,1.2113751780056101,0.0,Mid-Low,36-45,6-10,0.045,Low,20256.0
785,38,No,Travel_Rarely,330,Research & Development,17,1,Life Sciences,3,Female,65,2,3,Healthcare Representative,3,Married,8823,24608,0,No,18,3,1,1,20,4,2,19,9,1,9,0,0.8987239745047219,0.05,High,36-45,10+,0.046,Low,52938.0
786,40,No,Travel_Rarely,1492,Research & Development,20,4,Technical Degree,1,Male,61,3,3,Healthcare Representative,4,Married,10322,26542,4,No,20,4,4,1,14,6,3,11,10,11,1,0,1.0514143562096496,0.9166666666666666,High,36-45,10+,0.614,High,61932.0
787,27,No,Non-Travel,1277,Research & Development,8,5,Life Sciences,1,Male,87,1,1,Laboratory Technician,3,Married,4621,5869,1,No,19,3,4,3,3,4,3,3,2,1,2,0,1.6581056568613521,0.25,Mid-Low,26-35,3-5,0.115,Low,27726.0
788,55,No,Travel_Frequently,1091,Research & Development,2,1,Life Sciences,4,Male,65,3,3,Manufacturing Director,2,Married,10976,15813,3,No,18,3,2,1,23,4,3,3,2,1,2,0,1.1180317742450216,0.25,High,46-60,3-5,0.039,Low,65856.0
789,28,No,Travel_Rarely,857,Research & Development,10,3,Other,3,Female,59,3,2,Research Scientist,3,Single,3660,7909,3,No,13,3,4,0,10,4,4,8,7,1,7,0,0.6651791427178941,0.1111111111111111,Mid-Low,26-35,6-10,0.089,Low,21960.0
790,44,Yes,Travel_Rarely,1376,Human Resources,1,2,Medical,2,Male,91,2,3,Human Resources,1,Married,10482,2326,9,No,14,3,4,1,24,1,3,20,6,3,6,1,1.0677121954843585,0.14285714285714285,High,36-45,10+,0.637,High,62892.0
791,33,No,Travel_Rarely,654,Research & Development,5,3,Life Sciences,4,Male,34,2,3,Healthcare Representative,4,Divorced,7119,21214,4,No,15,3,3,1,9,2,3,3,2,1,2,0,0.7251519862290734,0.25,Mid-High,26-35,3-5,0.029,Low,42714.0
792,35,Yes,Travel_Rarely,1204,Sales,4,3,Technical Degree,4,Male,86,3,3,Sales Executive,1,Single,9582,10333,0,Yes,22,4,1,0,9,2,3,8,7,4,7,1,0.9760368495641216,0.4444444444444444,High,26-35,6-10,0.744,High,57492.0
793,33,Yes,Travel_Frequently,827,Research & Development,29,4,Medical,1,Female,54,2,2,Research Scientist,3,Single,4508,3129,1,No,22,4,2,0,14,4,3,13,7,3,8,1,0.8192971517410566,0.21428571428571427,Mid-Low,26-35,10+,0.445,Medium,27048.0
794,28,No,Travel_Rarely,895,Research & Development,15,2,Life Sciences,1,Male,50,3,1,Laboratory Technician,3,Divorced,2207,22482,1,No,16,3,4,1,4,5,2,4,2,2,2,0,0.7919149934414638,0.4,Low,26-35,3-5,0.312,Medium,13242.0
795,34,No,Travel_Frequently,618,Research & Development,3,1,Life Sciences,1,Male,45,3,2,Healthcare Representative,4,Single,7756,22266,0,No,17,3,3,0,7,1,2,6,2,0,4,0,1.4095982051693954,0.0,Mid-High,26-35,6-10,0.249,Low,46536.0
796,37,No,Travel_Rarely,309,Sales,10,4,Life Sciences,4,Female,88,2,2,Sales Executive,4,Divorced,6694,24223,2,Yes,14,3,3,3,8,5,3,1,0,0,0,0,1.2165872080201048,0.0,Mid-High,36-45,0-2,0.149,Low,40164.0
797,25,Yes,Travel_Rarely,1219,Research & Development,4,1,Technical Degree,4,Male,32,3,1,Laboratory Technician,4,Married,3691,4605,1,Yes,15,3,2,1,7,3,4,7,7,5,6,1,1.3244033714510388,0.625,Mid-Low,18-25,6-10,0.524,High,22146.0
798,26,Yes,Travel_Rarely,1330,Research & Development,21,3,Medical,1,Male,37,3,1,Laboratory Technician,3,Divorced,2377,19373,1,No,20,4,3,1,1,0,2,1,1,0,0,1,0.8529143359358221,0.0,Low,26-35,0-2,0.735,High,14262.0
799,33,Yes,Travel_Rarely,1017,Research & Development,25,3,Medical,1,Male,55,2,1,Research Scientist,2,Single,2313,2993,4,Yes,20,4,2,0,5,0,3,2,2,2,2,1,0.8299498775850048,0.6666666666666666,Low,26-35,0-2,0.989,High,13878.0
800,42,No,Travel_Rarely,469,Research & Development,2,2,Medical,4,Male,35,3,4,Manager,1,Married,17665,14399,0,No,17,3,4,1,23,3,3,22,6,13,7,0,1.139399331021461,0.5652173913043478,High,36-45,10+,0.234,Low,105990.0
801,28,Yes,Travel_Frequently,1009,Research & Development,1,3,Medical,1,Male,45,2,1,Laboratory Technician,2,Divorced,2596,7160,1,No,15,3,1,2,1,2,3,1,0,0,0,1,0.9314958418550249,0.0,Low,26-35,0-2,0.768,High,15576.0
802,50,Yes,Travel_Frequently,959,Sales,1,4,Other,4,Male,81,3,2,Sales Executive,3,Single,4728,17251,3,Yes,14,3,4,0,5,4,3,0,0,0,0,1,0.8592805974781976,0.0,Mid-Low,46-60,0-2,0.628,High,28368.0
803,33,No,Travel_Frequently,970,Sales,7,3,Life Sciences,4,Female,30,3,2,Sales Executive,2,Married,4302,13401,0,No,17,3,3,1,4,3,3,3,2,0,2,0,0.7818581070962789,0.0,Mid-Low,26-35,3-5,0.162,Low,25812.0
804,34,No,Non-Travel,697,Research & Development,3,4,Life Sciences,3,Male,40,2,1,Research Scientist,4,Married,2979,22478,3,No,17,3,4,3,6,2,3,0,0,0,0,0,1.068923772298197,0.0,Mid-Low,26-35,0-2,0.03,Low,17874.0
805,48,No,Non-Travel,1262,Research & Development,1,4,Medical,1,Male,35,4,4,Manager,4,Single,16885,16154,2,No,22,4,3,0,27,3,2,5,4,2,1,0,1.089089029396964,0.3333333333333333,High,46-60,3-5,0.012,Low,101310.0
806,45,No,Non-Travel,1050,Sales,9,4,Life Sciences,2,Female,65,2,2,Sales Executive,3,Married,5593,17970,1,No,13,3,4,1,15,2,3,15,10,4,12,0,1.01648823639923,0.25,Mid-High,36-45,10+,0.02,Low,33558.0
807,52,No,Travel_Rarely,994,Research & Development,7,4,Life Sciences,2,Male,87,3,3,Healthcare Representative,2,Single,10445,15322,7,No,19,3,4,0,18,4,3,8,6,4,0,0,1.063943320152082,0.4444444444444444,High,46-60,6-10,0.353,Medium,62670.0
808,38,No,Travel_Rarely,770,Sales,10,4,Marketing,3,Male,73,2,3,Sales Executive,3,Divorced,8740,5569,0,Yes,14,3,2,2,9,2,3,8,7,2,7,0,0.8902694703809667,0.2222222222222222,High,36-45,6-10,0.408,Medium,52440.0
809,29,No,Travel_Rarely,1107,Research & Development,28,4,Life Sciences,3,Female,93,3,1,Research Scientist,4,Divorced,2514,26968,4,No,22,4,1,1,11,1,3,7,5,1,7,0,0.9020726295930404,0.125,Low,26-35,6-10,0.118,Low,15084.0
810,28,No,Travel_Rarely,950,Research & Development,3,3,Medical,4,Female,93,3,3,Manufacturing Director,2,Divorced,7655,8039,0,No,17,3,2,3,10,3,2,9,7,1,7,0,0.7797497477993478,0.1,Mid-High,26-35,6-10,0.01,Low,45930.0
811,46,No,Travel_Rarely,406,Sales,3,1,Marketing,1,Male,52,3,4,Manager,3,Married,17465,15596,3,No,12,3,4,1,23,3,3,12,9,4,9,0,1.1264992536818463,0.3076923076923077,High,46-60,10+,0.137,Low,104790.0
812,38,No,Travel_Rarely,130,Sales,2,2,Marketing,4,Male,32,3,3,Sales Executive,2,Single,7351,20619,7,No,16,3,3,0,10,2,3,1,0,0,0,0,0.7487838531774011,0.0,Mid-High,36-45,0-2,0.709,High,44106.0
813,43,No,Travel_Frequently,1082,Research & Development,27,3,Life Sciences,3,Female,83,3,3,Manufacturing Director,1,Married,10820,11535,8,No,11,3,3,1,18,1,3,8,7,0,1,0,1.1021413809521807,0.0,High,36-45,6-10,0.482,Medium,64920.0
814,39,Yes,Travel_Frequently,203,Research & Development,2,3,Life Sciences,1,Male,84,3,4,Healthcare Representative,4,Divorced,12169,13547,7,No,11,3,4,3,21,4,3,18,7,11,5,1,0.7849052057288513,0.5789473684210527,High,36-45,10+,0.163,Low,73014.0
815,40,No,Travel_Rarely,1308,Research & Development,14,3,Medical,3,Male,44,2,5,Research Director,3,Single,19626,17544,1,No,14,3,1,0,21,2,4,20,7,4,9,0,1.0226228557447465,0.19047619047619047,High,36-45,10+,0.097,Low,117756.0
816,21,No,Travel_Rarely,984,Research & Development,1,1,Technical Degree,4,Female,70,2,1,Research Scientist,2,Single,2070,25326,1,Yes,11,3,3,0,2,6,4,2,2,2,2,0,0.7427566997842456,0.6666666666666666,Low,18-25,0-2,0.661,High,12420.0
817,39,No,Non-Travel,439,Research & Development,9,3,Life Sciences,3,Male,70,3,2,Laboratory Technician,2,Single,6782,8770,9,No,15,3,3,0,9,2,2,5,4,0,3,0,1.2325805863149613,0.0,Mid-High,36-45,3-5,0.49,Medium,40692.0
818,36,No,Non-Travel,217,Research & Development,18,4,Life Sciences,1,Male,78,3,2,Manufacturing Director,4,Single,7779,23238,2,No,20,4,1,0,18,0,3,11,9,0,9,0,1.4137782926782783,0.0,Mid-High,36-45,10+,0.1,Low,46674.0
819,31,No,Travel_Frequently,793,Sales,20,3,Life Sciences,3,Male,67,4,1,Sales Representative,4,Married,2791,21981,0,No,12,3,1,1,3,4,3,2,2,2,2,0,1.0014656758926712,0.6666666666666666,Low,26-35,0-2,0.386,Medium,16746.0
820,28,No,Travel_Rarely,1451,Research & Development,2,1,Life Sciences,1,Male,67,2,1,Research Scientist,2,Married,3201,19911,0,No,17,3,1,0,6,2,1,5,3,0,4,0,1.1485817372025944,0.0,Mid-Low,26-35,3-5,0.445,Medium,19206.0
821,35,No,Travel_Frequently,1182,Sales,11,2,Marketing,4,Male,54,3,2,Sales Executive,4,Divorced,4968,18500,1,No,11,3,4,1,5,3,3,5,2,0,2,0,0.9028989019187154,0.0,Mid-High,26-35,3-5,0.121,Low,29808.0
822,49,No,Travel_Rarely,174,Sales,8,4,Technical Degree,4,Male,56,2,4,Sales Executive,2,Married,13120,11879,6,No,17,3,2,1,22,3,3,9,8,2,3,0,0.8462450734787188,0.2,High,46-60,6-10,0.54,High,78720.0
823,34,No,Travel_Frequently,1003,Research & Development,2,2,Life Sciences,4,Male,95,3,2,Manufacturing Director,3,Single,4033,15834,2,No,11,3,4,0,5,3,2,3,2,0,2,0,0.7329692575358653,0.0,Mid-Low,26-35,3-5,0.262,Medium,24198.0
824,29,No,Travel_Frequently,490,Research & Development,10,3,Life Sciences,4,Female,61,3,1,Research Scientist,2,Divorced,3291,17940,0,No,14,3,4,2,8,2,2,7,5,1,1,0,1.1808755067584311,0.125,Mid-Low,26-35,6-10,0.093,Low,19746.0
825,42,No,Travel_Rarely,188,Research & Development,29,3,Medical,2,Male,56,1,2,Laboratory Technician,4,Single,4272,9558,4,No,19,3,1,0,16,3,3,1,0,0,0,0,0.7764058190412142,0.0,Mid-Low,36-45,0-2,0.816,High,25632.0
826,29,No,Travel_Rarely,718,Research & Development,8,1,Medical,2,Male,79,2,2,Manufacturing Director,4,Married,5056,17689,1,Yes,15,3,3,1,10,2,2,10,7,1,2,0,0.9188922802135718,0.09090909090909091,Mid-High,26-35,6-10,0.611,High,30336.0
827,38,No,Travel_Rarely,433,Human Resources,1,3,Human Resources,3,Male,37,4,1,Human Resources,3,Married,2844,6004,1,No,13,3,4,1,7,2,4,7,6,5,0,0,1.0204831179644418,0.625,Low,36-45,6-10,0.12,Low,17064.0
828,28,No,Travel_Frequently,773,Research & Development,6,3,Life Sciences,3,Male,39,2,1,Research Scientist,3,Divorced,2703,22088,1,Yes,14,3,4,1,3,2,3,3,1,0,2,0,0.9698895456602975,0.0,Low,26-35,3-5,0.554,High,16218.0
829,18,Yes,Non-Travel,247,Research & Development,8,1,Medical,3,Male,80,3,1,Laboratory Technician,3,Single,1904,13556,1,No,12,3,4,0,0,0,3,0,0,0,0,1,0.6831926359368133,0.0,Low,18-25,0-2,0.447,Medium,11424.0
830,33,Yes,Travel_Rarely,603,Sales,9,4,Marketing,1,Female,77,3,2,Sales Executive,1,Single,8224,18385,0,Yes,17,3,1,0,6,3,3,5,2,0,3,1,1.4946538988284048,0.0,Mid-High,26-35,3-5,0.858,High,49344.0
831,41,No,Travel_Rarely,167,Research & Development,12,4,Life Sciences,2,Male,46,3,1,Laboratory Technician,4,Married,4766,9051,3,Yes,11,3,1,1,6,4,3,1,0,0,0,0,1.7101345078124224,0.0,Mid-Low,36-45,0-2,0.693,High,28596.0
832,31,Yes,Travel_Frequently,874,Research & Development,15,3,Medical,3,Male,72,3,1,Laboratory Technician,3,Married,2610,6233,1,No,12,3,3,1,2,5,2,2,2,2,2,1,0.9365193171192662,0.6666666666666666,Low,26-35,0-2,0.466,Medium,15660.0
833,37,No,Travel_Rarely,367,Research & Development,25,2,Medical,3,Female,52,2,2,Healthcare Representative,4,Divorced,5731,17171,7,No,13,3,3,2,9,2,3,6,2,1,3,0,1.0415687614525277,0.14285714285714285,Mid-High,36-45,6-10,0.113,Low,34386.0
834,27,No,Travel_Rarely,199,Research & Development,6,3,Life Sciences,4,Male,55,2,1,Research Scientist,3,Married,2539,7950,1,No,13,3,3,1,4,0,3,4,2,2,2,0,0.9110431211363283,0.4,Low,26-35,3-5,0.248,Low,15234.0
835,34,No,Travel_Rarely,1400,Sales,9,1,Life Sciences,2,Female,70,3,2,Sales Executive,3,Married,5714,5829,1,No,20,4,1,0,6,3,2,6,5,1,3,0,1.0384791315546578,0.14285714285714285,Mid-High,26-35,6-10,0.146,Low,34284.0
836,35,No,Travel_Rarely,528,Human Resources,8,4,Technical Degree,3,Male,100,3,1,Human Resources,3,Single,4323,7108,1,No,17,3,2,0,6,2,1,5,4,1,4,0,1.5511773976653593,0.16666666666666666,Mid-Low,26-35,3-5,0.596,High,25938.0
837,29,Yes,Travel_Rarely,408,Sales,23,1,Life Sciences,4,Female,45,2,3,Sales Executive,1,Married,7336,11162,1,No,13,3,1,1,11,3,1,11,8,3,10,1,0.7472559307453972,0.25,Mid-High,26-35,10+,0.221,Low,44016.0
838,40,No,Travel_Frequently,593,Research & Development,9,4,Medical,2,Female,88,3,3,Research Director,3,Single,13499,13782,9,No,17,3,3,0,20,3,2,18,7,2,13,0,1.3750283273080857,0.10526315789473684,High,36-45,10+,0.113,Low,80994.0
839,42,Yes,Travel_Frequently,481,Sales,12,3,Life Sciences,3,Male,44,3,4,Sales Executive,1,Single,13758,2447,0,Yes,12,3,2,0,22,2,2,21,9,13,14,1,0.8873963201920894,0.5909090909090909,High,36-45,10+,0.98,High,82548.0
840,42,No,Travel_Rarely,647,Sales,4,4,Marketing,2,Male,45,3,2,Sales Executive,1,Single,5155,2253,7,No,13,3,4,0,9,3,4,6,4,1,5,0,0.9368848307952853,0.14285714285714285,Mid-High,36-45,6-10,0.631,High,30930.0
841,35,No,Travel_Rarely,982,Research & Development,1,4,Medical,4,Male,58,2,1,Laboratory Technician,3,Married,2258,16340,6,No,12,3,2,1,10,2,3,8,0,1,7,0,0.8102147961897713,0.1111111111111111,Low,26-35,6-10,0.524,High,13548.0
842,24,No,Travel_Rarely,477,Research & Development,24,3,Medical,4,Male,49,3,1,Laboratory Technician,2,Single,3597,6409,8,No,22,4,4,0,6,2,3,4,3,1,2,0,1.290674323248276,0.2,Mid-Low,18-25,3-5,0.778,High,21582.0
843,28,Yes,Travel_Rarely,1485,Research & Development,12,1,Life Sciences,3,Female,79,3,1,Laboratory Technician,4,Married,2515,22955,1,Yes,11,3,4,0,1,4,2,1,1,0,0,1,0.9024314492547718,0.0,Low,26-35,0-2,0.577,High,15090.0
844,26,No,Travel_Rarely,1384,Research & Development,3,4,Medical,1,Male,82,4,1,Laboratory Technician,4,Married,4420,13421,1,No,22,4,2,1,8,2,3,8,7,0,7,0,1.5859829048533167,0.0,Mid-Low,26-35,6-10,0.059,Low,26520.0
845,30,No,Travel_Rarely,852,Sales,10,3,Marketing,3,Male,72,2,2,Sales Executive,3,Married,6578,2706,1,No,18,3,1,1,10,3,3,10,3,1,4,0,1.1955050275405212,0.09090909090909091,Mid-High,26-35,6-10,0.426,Medium,39468.0
846,40,No,Travel_Frequently,902,Research & Development,26,2,Medical,3,Female,92,2,2,Research Scientist,4,Married,4422,21203,3,Yes,13,3,4,1,16,3,1,1,1,0,0,0,0.8036672593165377,0.0,Mid-Low,36-45,0-2,0.854,High,26532.0
847,35,No,Travel_Rarely,819,Research & Development,2,3,Life Sciences,3,Male,44,2,3,Manufacturing Director,2,Divorced,10274,19588,2,No,18,3,2,1,15,2,4,7,7,6,4,0,1.046525004427237,0.75,High,26-35,6-10,0.034,Low,61644.0
848,34,No,Travel_Frequently,669,Research & Development,1,3,Medical,4,Male,97,2,2,Healthcare Representative,1,Single,5343,25755,0,No,20,4,3,0,14,3,3,13,9,4,9,0,0.9710525026070241,0.2857142857142857,Mid-High,26-35,10+,0.129,Low,32058.0
849,35,No,Travel_Frequently,636,Research & Development,4,4,Other,4,Male,47,2,1,Laboratory Technician,4,Married,2376,26537,1,No,13,3,2,1,2,2,4,2,2,2,2,0,0.8525555162740907,0.6666666666666666,Low,26-35,0-2,0.456,Medium,14256.0
850,43,Yes,Travel_Rarely,1372,Sales,9,3,Marketing,1,Female,85,1,2,Sales Executive,3,Single,5346,9489,8,No,13,3,2,0,7,2,2,4,3,1,3,1,0.9715977314125306,0.2,Mid-High,36-45,3-5,0.909,High,32076.0
851,32,No,Non-Travel,862,Sales,2,1,Life Sciences,3,Female,76,3,1,Sales Representative,1,Divorced,2827,14947,1,No,12,3,3,3,1,3,3,1,0,0,0,0,1.014383183715006,0.0,Low,26-35,0-2,0.103,Low,16962.0
852,56,No,Travel_Rarely,718,Research & Development,4,4,Technical Degree,4,Female,92,3,5,Manager,1,Divorced,19943,18575,4,No,13,3,4,1,28,2,3,5,2,4,2,0,1.039140304296213,0.6666666666666666,High,46-60,3-5,0.047,Low,119658.0
853,29,No,Travel_Rarely,1401,Research & Development,6,1,Medical,2,Female,54,3,1,Laboratory Technician,4,Married,3131,26342,1,No,13,3,1,1,10,5,3,10,8,0,8,0,1.123464360881388,0.0,Mid-Low,26-35,6-10,0.065,Low,18786.0
854,19,No,Travel_Rarely,645,Research & Development,9,2,Life Sciences,3,Male,54,3,1,Research Scientist,1,Single,2552,7172,1,No,25,4,3,0,1,4,3,1,1,0,0,0,0.9157077767388381,0.0,Low,18-25,0-2,0.418,Medium,15312.0
855,45,No,Travel_Rarely,1457,Research & Development,7,3,Medical,1,Female,83,3,1,Research Scientist,3,Married,4477,20100,4,Yes,19,3,3,1,7,2,2,3,2,0,2,0,1.6064356255720134,0.0,Mid-Low,36-45,3-5,0.441,Medium,26862.0
856,37,No,Travel_Rarely,977,Research & Development,1,3,Life Sciences,4,Female,56,2,2,Manufacturing Director,4,Married,6474,9961,1,No,13,3,2,1,14,2,2,14,8,3,11,0,1.1766037622829635,0.2,Mid-High,36-45,10+,0.045,Low,38844.0
857,20,No,Travel_Rarely,805,Research & Development,3,3,Life Sciences,1,Male,87,2,1,Laboratory Technician,3,Single,3033,12828,1,No,12,3,1,0,2,2,2,2,2,1,2,0,1.088300034031699,0.3333333333333333,Mid-Low,18-25,0-2,0.853,High,18198.0
858,44,Yes,Travel_Rarely,1097,Research & Development,10,4,Life Sciences,3,Male,96,3,1,Research Scientist,3,Single,2936,10826,1,Yes,11,3,3,0,6,4,3,6,4,0,2,1,1.0534945268437417,0.0,Mid-Low,36-45,6-10,0.328,Medium,17616.0
859,53,No,Travel_Rarely,1223,Research & Development,7,2,Medical,4,Female,50,3,5,Manager,3,Divorced,18606,18640,3,No,18,3,2,1,26,6,3,7,7,4,7,0,0.9694752294908159,0.5,High,46-60,6-10,0.002,Low,111636.0
860,29,No,Travel_Rarely,942,Research & Development,15,1,Life Sciences,2,Female,69,1,1,Research Scientist,4,Married,2168,26933,0,Yes,18,3,1,1,6,2,2,5,4,1,3,0,0.7779210266339345,0.16666666666666666,Low,26-35,3-5,0.769,High,13008.0
861,22,Yes,Travel_Frequently,1256,Research & Development,3,4,Life Sciences,3,Male,48,2,1,Research Scientist,4,Married,2853,4223,0,Yes,11,3,2,1,1,5,3,0,0,0,0,1,1.0237124949200254,0.0,Low,18-25,0-2,0.584,High,17118.0
862,46,No,Travel_Rarely,1402,Sales,2,3,Marketing,3,Female,69,3,4,Manager,1,Married,17048,24097,8,No,23,4,1,0,28,2,3,26,15,15,9,0,1.0996025924287498,0.5555555555555556,High,46-60,10+,0.725,High,102288.0
863,44,No,Non-Travel,111,Research & Development,17,3,Life Sciences,4,Male,74,1,1,Research Scientist,3,Single,2290,4279,2,No,13,3,4,0,6,3,3,0,0,0,0,0,0.82169702536518,0.0,Low,36-45,0-2,0.143,Low,13740.0
864,33,No,Travel_Rarely,147,Human Resources,2,3,Human Resources,2,Male,99,3,1,Human Resources,3,Married,3600,8429,1,No,13,3,4,1,5,2,3,5,4,1,4,0,1.2917507822334706,0.16666666666666666,Mid-Low,26-35,3-5,0.159,Low,21600.0
865,41,Yes,Non-Travel,906,Research & Development,5,2,Life Sciences,1,Male,95,2,1,Research Scientist,1,Divorced,2107,20293,6,No,17,3,1,1,5,2,1,1,0,0,0,1,0.7560330272683118,0.0,Low,36-45,0-2,0.681,High,12642.0
866,30,No,Travel_Rarely,1329,Sales,29,4,Life Sciences,3,Male,61,3,2,Sales Executive,1,Divorced,4115,13192,8,No,19,3,3,3,8,3,3,4,3,0,3,0,0.7478721782197089,0.0,Mid-Low,26-35,3-5,0.356,Medium,24690.0
867,40,No,Travel_Frequently,1184,Sales,2,4,Medical,2,Male,62,3,2,Sales Executive,2,Married,4327,25440,5,No,12,3,4,3,5,2,3,0,0,0,0,0,0.7864016804754994,0.0,Mid-Low,36-45,0-2,0.55,High,25962.0
868,50,No,Travel_Frequently,1421,Research & Development,2,3,Medical,4,Female,30,3,4,Manager,1,Married,17856,9490,2,No,22,4,3,1,32,3,3,2,2,2,2,0,1.151718904880793,0.6666666666666666,High,46-60,0-2,0.005,Low,107136.0
869,28,No,Travel_Rarely,1179,Research & Development,19,4,Medical,4,Male,78,2,1,Laboratory Technician,1,Married,3196,12449,1,No,12,3,3,3,6,2,3,6,5,3,3,0,1.1467876388939366,0.42857142857142855,Mid-Low,26-35,6-10,0.495,Medium,19176.0
870,46,No,Travel_Rarely,1450,Research & Development,15,2,Life Sciences,4,Male,52,3,5,Research Director,2,Married,19081,10849,5,No,11,3,1,1,25,2,3,4,2,0,3,0,0.9942253495600483,0.0,High,46-60,3-5,0.027,Low,114486.0
871,35,No,Travel_Rarely,1361,Sales,17,4,Life Sciences,3,Male,94,3,2,Sales Executive,1,Married,8966,21026,3,Yes,15,3,4,3,15,2,3,7,7,1,7,0,1.6295071567236719,0.125,High,26-35,6-10,0.225,Low,53796.0
872,24,Yes,Travel_Rarely,984,Research & Development,17,2,Life Sciences,4,Female,97,3,1,Laboratory Technician,2,Married,2210,3372,1,No,13,3,1,1,1,3,1,1,0,0,0,1,0.7929914524266584,0.0,Low,18-25,0-2,0.439,Medium,13260.0
873,33,No,Travel_Frequently,1146,Sales,25,3,Medical,2,Female,82,3,2,Sales Executive,3,Married,4539,4905,1,No,12,3,1,1,10,3,2,10,7,0,1,0,0.8249311827312901,0.0,Mid-Low,26-35,6-10,0.46,Medium,27234.0
874,36,No,Travel_Rarely,917,Research & Development,6,4,Life Sciences,3,Male,60,1,1,Laboratory Technician,3,Divorced,2741,6865,1,No,14,3,3,1,7,4,3,7,7,1,7,0,0.9835246928060952,0.125,Low,36-45,6-10,0.099,Low,16446.0
875,30,No,Travel_Rarely,853,Research & Development,7,4,Life Sciences,3,Male,49,3,2,Laboratory Technician,3,Divorced,3491,11309,1,No,13,3,1,3,10,4,2,10,7,8,9,0,0.634464586674363,0.7272727272727273,Mid-Low,26-35,6-10,0.126,Low,20946.0
876,44,No,Travel_Rarely,200,Research & Development,29,4,Other,4,Male,32,3,2,Research Scientist,4,Single,4541,7744,1,No,25,4,2,0,20,3,3,20,11,13,17,0,0.8252946686016277,0.6190476190476191,Mid-Low,36-45,10+,0.136,Low,27246.0
877,20,No,Travel_Rarely,654,Sales,21,3,Marketing,3,Male,43,4,1,Sales Representative,4,Single,2678,5050,1,No,17,3,4,0,2,2,3,2,1,2,2,0,0.9609190541170095,0.6666666666666666,Low,18-25,0-2,0.633,High,16068.0
878,46,No,Travel_Rarely,150,Research & Development,2,4,Technical Degree,4,Male,60,3,2,Manufacturing Director,4,Divorced,7379,17433,2,No,11,3,3,1,12,3,2,6,3,1,4,0,1.341081118610749,0.14285714285714285,Mid-High,46-60,6-10,0.018,Low,44274.0
879,42,No,Non-Travel,179,Human Resources,2,5,Medical,4,Male,79,4,2,Human Resources,1,Married,6272,12858,7,No,16,3,1,1,10,3,4,4,3,0,3,0,1.1398916893788613,0.0,Mid-High,36-45,3-5,0.07,Low,37632.0
880,60,No,Travel_Rarely,696,Sales,7,4,Marketing,2,Male,52,4,2,Sales Executive,4,Divorced,5220,10893,0,Yes,18,3,2,1,12,3,3,11,7,1,9,0,0.9486981215812589,0.08333333333333333,Mid-High,46-60,10+,0.062,Low,31320.0
881,32,No,Travel_Frequently,116,Research & Development,13,3,Other,3,Female,77,2,1,Laboratory Technician,2,Married,2743,7331,1,No,20,4,3,1,2,2,3,2,2,2,2,0,0.9842423321295583,0.6666666666666666,Low,26-35,0-2,0.599,High,16458.0
882,32,No,Travel_Frequently,1316,Research & Development,2,2,Life Sciences,4,Female,38,3,2,Research Scientist,3,Single,4998,2338,4,Yes,14,3,4,0,10,2,3,8,7,0,7,0,0.9083511899737801,0.0,Mid-High,26-35,6-10,0.244,Low,29988.0
883,36,No,Travel_Rarely,363,Research & Development,1,3,Technical Degree,3,Female,77,1,3,Manufacturing Director,1,Divorced,10252,4235,2,Yes,21,4,3,1,17,2,3,7,7,7,7,0,1.0442840515269645,0.875,High,36-45,6-10,0.769,High,61512.0
884,33,No,Travel_Rarely,117,Research & Development,9,3,Medical,1,Male,60,3,1,Research Scientist,4,Married,2781,6311,0,No,13,3,2,1,15,5,3,14,10,4,10,0,0.9978774792753561,0.26666666666666666,Low,26-35,10+,0.075,Low,16686.0
885,40,No,Travel_Rarely,107,Sales,10,3,Technical Degree,2,Female,84,2,2,Sales Executive,2,Divorced,6852,11591,7,No,12,3,2,1,7,2,4,5,1,1,3,0,1.2453025917767788,0.16666666666666666,Mid-High,36-45,3-5,0.674,High,41112.0
886,25,No,Travel_Rarely,1356,Sales,10,4,Life Sciences,3,Male,57,3,2,Sales Executive,4,Single,4950,20623,0,No,14,3,2,0,5,4,3,4,3,1,1,0,0.8996275290856764,0.2,Mid-High,18-25,3-5,0.246,Low,29700.0
887,30,No,Travel_Rarely,1465,Research & Development,1,3,Medical,4,Male,63,3,1,Research Scientist,2,Married,3579,9369,0,Yes,21,4,1,1,12,2,3,11,9,5,7,0,1.2842155693371087,0.4166666666666667,Mid-Low,26-35,10+,0.247,Low,21474.0
888,42,No,Travel_Frequently,458,Research & Development,26,5,Medical,1,Female,60,3,3,Research Director,1,Married,13191,23281,3,Yes,17,3,3,0,20,6,3,1,0,0,0,0,1.3436549867042713,0.0,High,36-45,0-2,0.186,Low,79146.0
889,35,No,Non-Travel,1212,Sales,8,2,Marketing,3,Female,78,2,3,Sales Executive,4,Married,10377,13755,4,Yes,11,3,2,1,16,6,2,13,2,4,12,0,1.0570167384603308,0.2857142857142857,High,26-35,10+,0.137,Low,62262.0
890,27,No,Travel_Rarely,1103,Research & Development,14,3,Life Sciences,1,Male,42,3,1,Research Scientist,1,Married,2235,14377,1,Yes,14,3,4,2,9,3,2,9,7,6,8,0,0.8019619439699464,0.6,Low,26-35,6-10,0.772,High,13410.0
891,54,No,Travel_Frequently,966,Research & Development,1,4,Life Sciences,4,Female,53,3,3,Manufacturing Director,3,Divorced,10502,9659,7,No,17,3,1,1,33,2,1,5,4,1,4,0,1.069749425393697,0.16666666666666666,High,46-60,3-5,0.021,Low,63012.0
892,44,No,Travel_Rarely,1117,Research & Development,2,1,Life Sciences,1,Female,72,4,1,Research Scientist,4,Married,2011,19982,1,No,13,3,4,1,10,5,3,10,5,7,7,0,0.721586339742086,0.6363636363636364,Low,36-45,6-10,0.053,Low,12066.0
893,19,Yes,Non-Travel,504,Research & Development,10,3,Medical,1,Female,96,2,1,Research Scientist,2,Single,1859,6148,1,Yes,25,4,2,0,1,2,4,1,1,0,0,1,0.667045751158895,0.0,Low,18-25,0-2,0.836,High,11154.0
894,29,No,Travel_Rarely,1010,Research & Development,1,3,Life Sciences,1,Female,97,3,1,Research Scientist,4,Divorced,3760,5598,1,No,15,3,1,3,3,5,3,3,2,1,2,0,1.3491619281105138,0.25,Mid-Low,26-35,3-5,0.025,Low,22560.0
895,54,No,Travel_Rarely,685,Research & Development,3,3,Life Sciences,4,Male,85,3,4,Research Director,4,Married,17779,23474,3,No,14,3,1,0,36,2,3,10,9,0,9,0,1.1467523751050412,0.0,High,46-60,6-10,0.001,Low,106674.0
896,31,No,Travel_Rarely,1332,Research & Development,11,2,Medical,3,Male,80,3,2,Healthcare Representative,1,Married,6833,17089,1,Yes,12,3,4,0,6,2,2,6,5,0,1,0,1.2418494760085712,0.0,Mid-High,26-35,6-10,0.42,Medium,40998.0
897,31,No,Travel_Rarely,1062,Research & Development,24,3,Medical,3,Female,96,2,2,Healthcare Representative,1,Single,6812,17198,1,No,19,3,2,0,10,2,3,10,9,1,8,0,1.238032874370026,0.09090909090909091,Mid-High,26-35,6-10,0.193,Low,40872.0
898,59,No,Travel_Rarely,326,Sales,3,3,Life Sciences,3,Female,48,2,2,Sales Executive,4,Single,5171,16490,5,No,17,3,4,0,13,2,3,6,1,0,5,0,0.9397927177579865,0.0,Mid-High,46-60,6-10,0.188,Low,31026.0
899,43,No,Travel_Rarely,920,Research & Development,3,3,Life Sciences,3,Male,96,1,5,Research Director,4,Married,19740,18625,3,No,14,3,2,1,25,2,3,8,7,0,7,0,1.0285628845613624,0.0,High,36-45,6-10,0.004,Low,118440.0
900,49,No,Travel_Rarely,1098,Research & Development,4,2,Medical,1,Male,85,2,5,Manager,3,Married,18711,12124,2,No,13,3,3,1,23,2,4,1,0,0,0,0,0.9749463086640147,0.0,High,46-60,0-2,0.028,Low,112266.0
901,36,No,Travel_Frequently,469,Research & Development,3,3,Technical Degree,3,Male,46,3,1,Research Scientist,2,Married,3692,9256,1,No,12,3,3,0,12,2,2,11,10,0,7,0,1.3247621911127705,0.0,Mid-Low,36-45,10+,0.197,Low,22152.0
902,48,No,Travel_Rarely,969,Research & Development,2,2,Technical Degree,4,Male,76,4,1,Laboratory Technician,2,Single,2559,16620,5,No,11,3,3,0,7,4,2,1,0,0,0,0,0.9182195143709587,0.0,Low,46-60,0-2,0.734,High,15354.0
903,27,No,Travel_Rarely,1167,Research & Development,4,2,Life Sciences,1,Male,76,3,1,Research Scientist,3,Divorced,2517,3208,1,No,11,3,2,3,5,2,3,5,3,0,3,0,0.9031490885782348,0.0,Low,26-35,3-5,0.084,Low,15102.0
904,29,No,Travel_Rarely,1329,Research & Development,7,3,Life Sciences,3,Male,82,3,2,Healthcare Representative,4,Divorced,6623,4204,1,Yes,11,3,2,2,6,2,3,6,0,1,0,0,1.2036834596231183,0.14285714285714285,Mid-High,26-35,6-10,0.236,Low,39738.0
905,48,No,Travel_Rarely,715,Research & Development,1,3,Life Sciences,4,Male,76,2,5,Research Director,4,Single,18265,8733,6,No,12,3,3,0,25,3,4,1,0,0,0,0,0.9517072485569038,0.0,High,46-60,0-2,0.013,Low,109590.0
906,29,No,Travel_Rarely,694,Research & Development,1,3,Life Sciences,4,Female,87,2,4,Research Director,4,Divorced,16124,3423,3,No,14,3,2,2,9,2,2,7,7,1,7,0,1.0400042351197303,0.125,High,26-35,6-10,0.006,Low,96744.0
907,34,No,Travel_Rarely,1320,Research & Development,20,3,Technical Degree,3,Female,89,4,1,Research Scientist,3,Married,2585,21643,0,No,17,3,4,0,2,5,2,1,0,0,0,0,0.9275488255759782,0.0,Low,26-35,0-2,0.206,Low,15510.0
908,44,No,Travel_Rarely,1099,Sales,5,3,Marketing,2,Male,88,3,5,Manager,2,Married,18213,8751,7,No,11,3,3,1,26,5,3,22,9,3,10,0,0.9489977617282721,0.13043478260869565,High,36-45,10+,0.074,Low,109278.0
909,33,No,Travel_Rarely,536,Sales,10,5,Marketing,4,Male,82,4,3,Sales Executive,3,Divorced,8380,21708,0,Yes,14,3,4,2,10,3,3,9,8,0,8,0,0.853599332012872,0.0,High,26-35,6-10,0.053,Low,50280.0
910,19,No,Travel_Rarely,265,Research & Development,25,3,Life Sciences,2,Female,57,4,1,Research Scientist,4,Single,2994,21221,1,Yes,12,3,4,0,1,2,3,1,0,0,1,0,1.0743060672241698,0.0,Mid-Low,18-25,0-2,0.782,High,17964.0
911,23,No,Travel_Rarely,373,Research & Development,1,2,Life Sciences,4,Male,47,3,1,Research Scientist,3,Married,1223,16901,1,No,22,4,4,1,1,2,3,1,0,0,1,0,0.4388364462976485,0.0,Low,18-25,0-2,0.142,Low,7338.0
912,25,Yes,Travel_Frequently,599,Sales,24,1,Life Sciences,3,Male,73,1,1,Sales Representative,4,Single,1118,8040,1,Yes,14,3,4,0,1,4,3,1,0,1,0,1,0.4011603818158389,0.5,Low,18-25,0-2,0.987,High,6708.0
913,26,No,Travel_Rarely,583,Research & Development,4,2,Life Sciences,3,Male,53,3,1,Research Scientist,4,Single,2875,9973,1,Yes,20,4,2,0,8,2,2,8,5,2,2,0,1.031606527478119,0.2222222222222222,Low,26-35,6-10,0.687,High,17250.0
914,45,Yes,Travel_Rarely,1449,Sales,2,3,Marketing,1,Female,94,1,5,Manager,2,Single,18824,2493,2,Yes,16,3,1,0,26,2,3,24,10,1,11,1,0.9808342319646952,0.04,High,36-45,10+,0.563,High,112944.0
915,55,No,Non-Travel,177,Research & Development,8,1,Medical,4,Male,37,2,4,Healthcare Representative,2,Divorced,13577,25592,1,Yes,15,3,4,1,34,3,3,33,9,15,0,0,0.8757217501997382,0.4411764705882353,High,46-60,10+,0.655,High,81462.0
916,21,Yes,Travel_Frequently,251,Research & Development,10,2,Life Sciences,1,Female,45,2,1,Laboratory Technician,3,Single,2625,25308,1,No,20,4,3,0,2,2,1,2,2,2,2,1,0.941901612045239,0.6666666666666666,Low,18-25,0-2,0.952,High,15750.0
917,46,No,Travel_Rarely,168,Sales,4,2,Marketing,4,Female,33,2,5,Manager,2,Married,18789,9946,2,No,14,3,3,1,26,2,3,11,4,0,8,0,0.9790105389069623,0.0,High,46-60,10+,0.049,Low,112734.0
918,34,No,Travel_Rarely,131,Sales,2,3,Marketing,3,Female,86,3,2,Sales Executive,1,Single,4538,6039,0,Yes,12,3,4,0,4,3,3,3,2,0,2,0,0.8247494397961213,0.0,Mid-Low,26-35,3-5,0.751,High,27228.0
919,51,No,Travel_Frequently,237,Sales,9,3,Life Sciences,4,Male,83,3,5,Manager,2,Divorced,19847,19196,4,Yes,24,4,1,1,31,5,2,29,10,11,10,0,1.0341381747664316,0.36666666666666664,High,46-60,10+,0.608,High,119082.0
920,59,No,Travel_Rarely,1429,Research & Development,18,4,Medical,4,Male,67,3,3,Manufacturing Director,4,Single,10512,20002,6,No,12,3,4,0,25,6,2,9,7,5,4,0,1.0707680403483664,0.5,High,46-60,6-10,0.049,Low,63072.0
921,34,No,Travel_Frequently,135,Research & Development,19,3,Medical,3,Female,46,3,2,Laboratory Technician,2,Divorced,4444,22534,4,No,13,3,3,2,15,2,4,11,8,5,10,0,0.8076656038902518,0.4166666666666667,Mid-Low,26-35,10+,0.236,Low,26664.0
922,28,No,Travel_Frequently,791,Research & Development,1,4,Medical,4,Male,44,3,1,Laboratory Technician,3,Single,2154,6842,0,Yes,11,3,3,0,5,2,2,4,2,0,2,0,0.7728975513696933,0.0,Low,26-35,3-5,0.907,High,12924.0
923,44,No,Travel_Rarely,1199,Research & Development,4,2,Life Sciences,3,Male,92,4,5,Manager,1,Divorced,19190,17477,1,No,14,3,4,2,26,4,2,25,9,14,13,0,0.9999048507969879,0.5384615384615384,High,36-45,10+,0.052,Low,115140.0
924,34,No,Travel_Frequently,648,Human Resources,11,3,Life Sciences,3,Male,56,2,2,Human Resources,2,Married,4490,21833,4,No,11,3,4,2,14,5,4,10,9,1,8,0,0.8160257789080176,0.09090909090909091,Mid-Low,26-35,6-10,0.115,Low,26940.0
925,35,No,Travel_Rarely,735,Research & Development,6,1,Life Sciences,3,Male,66,3,1,Research Scientist,3,Married,3506,6020,0,Yes,14,3,4,0,4,3,3,3,2,2,2,0,1.2580217340307078,0.5,Mid-Low,26-35,3-5,0.307,Medium,21036.0
926,42,No,Travel_Rarely,603,Research & Development,7,4,Medical,2,Female,78,4,2,Research Scientist,2,Married,2372,5628,6,Yes,16,3,4,0,18,2,3,1,0,0,0,0,0.43109424222044945,0.0,Low,36-45,0-2,0.555,High,14232.0
927,43,No,Travel_Rarely,531,Sales,4,4,Marketing,4,Female,56,2,3,Sales Executive,4,Single,10231,20364,3,No,14,3,4,0,23,3,4,21,7,15,17,0,1.042144960122159,0.6818181818181818,High,36-45,10+,0.4,Medium,61386.0
928,36,No,Travel_Rarely,429,Research & Development,2,4,Life Sciences,3,Female,53,3,2,Manufacturing Director,2,Single,5410,2323,9,Yes,11,3,4,0,18,2,3,16,14,5,12,0,0.9832292792633354,0.29411764705882354,Mid-High,36-45,10+,0.395,Medium,32460.0
929,44,Yes,Travel_Rarely,621,Research & Development,15,3,Medical,1,Female,73,3,3,Healthcare Representative,4,Married,7978,14075,1,No,11,3,4,1,10,2,3,10,7,0,5,1,0.8126510108351661,0.0,Mid-High,36-45,6-10,0.026,Low,47868.0
930,28,No,Travel_Frequently,193,Research & Development,2,3,Life Sciences,4,Male,52,2,1,Laboratory Technician,4,Married,3867,14222,1,Yes,12,3,2,1,2,2,3,2,2,2,2,0,1.3875556319157865,0.6666666666666666,Mid-Low,26-35,0-2,0.805,High,23202.0
931,51,No,Travel_Frequently,968,Research & Development,6,2,Medical,2,Female,40,2,1,Laboratory Technician,3,Single,2838,4257,0,No,14,3,2,0,8,6,2,7,0,7,7,0,1.0183301999940526,0.875,Low,46-60,6-10,0.75,High,17028.0
932,30,No,Non-Travel,879,Research & Development,9,2,Medical,3,Female,72,3,2,Manufacturing Director,3,Single,4695,12858,7,Yes,18,3,3,0,10,3,3,8,4,1,7,0,0.8532830806176265,0.1111111111111111,Mid-Low,26-35,6-10,0.092,Low,28170.0
933,29,Yes,Travel_Rarely,806,Research & Development,7,3,Technical Degree,2,Female,39,3,1,Laboratory Technician,3,Divorced,3339,17285,3,Yes,13,3,1,2,10,2,3,7,7,7,7,1,1.198098850521544,0.875,Mid-Low,26-35,6-10,0.696,High,20034.0
934,28,No,Travel_Rarely,640,Research & Development,1,3,Technical Degree,4,Male,84,3,1,Research Scientist,1,Single,2080,4732,2,No,11,3,2,0,5,2,2,3,2,1,2,0,0.7463448964015608,0.25,Low,26-35,3-5,0.802,High,12480.0
935,25,No,Travel_Rarely,266,Research & Development,1,3,Medical,4,Female,40,3,1,Research Scientist,2,Single,2096,18830,1,No,18,3,4,0,2,3,2,2,2,2,1,0,0.7520860109892651,0.6666666666666666,Low,18-25,0-2,0.235,Low,12576.0
936,32,No,Travel_Rarely,604,Sales,8,3,Medical,3,Male,56,4,2,Sales Executive,4,Married,6209,11693,1,No,15,3,3,2,10,4,4,10,7,0,8,0,1.1284418844632254,0.0,Mid-High,26-35,6-10,0.014,Low,37254.0
937,45,No,Travel_Frequently,364,Research & Development,25,3,Medical,2,Female,83,3,5,Manager,2,Single,18061,13035,3,No,22,4,3,0,22,4,3,0,0,0,0,0,0.9410777233061177,0.0,High,36-45,0-2,0.283,Medium,108366.0
938,39,No,Travel_Rarely,412,Research & Development,13,4,Medical,3,Female,94,2,4,Manager,2,Divorced,17123,17334,6,Yes,13,3,4,2,21,4,3,19,9,15,2,0,1.1044401214311053,0.75,High,36-45,10+,0.868,High,102738.0
939,58,No,Travel_Rarely,848,Research & Development,23,4,Life Sciences,1,Male,88,3,1,Research Scientist,3,Divorced,2372,26076,1,No,12,3,4,2,2,3,3,2,2,2,2,0,0.8511202376271645,0.6666666666666666,Low,46-60,0-2,0.08,Low,14232.0
940,32,Yes,Travel_Rarely,1089,Research & Development,7,2,Life Sciences,4,Male,79,3,2,Laboratory Technician,3,Married,4883,22845,1,No,18,3,1,1,10,3,3,10,4,1,1,1,0.8874507524293653,0.09090909090909091,Mid-Low,26-35,6-10,0.128,Low,29298.0
941,39,Yes,Travel_Rarely,360,Research & Development,23,3,Medical,3,Male,93,3,1,Research Scientist,1,Single,3904,22154,0,No,13,3,1,0,6,2,3,5,2,0,3,1,1.4008319593998526,0.0,Mid-Low,36-45,3-5,0.45,Medium,23424.0
942,30,No,Travel_Rarely,1138,Research & Development,6,3,Technical Degree,1,Female,48,2,2,Laboratory Technician,4,Married,4627,23631,0,No,12,3,1,1,10,6,3,9,2,6,7,0,0.8409245610261465,0.6,Mid-Low,26-35,6-10,0.743,High,27762.0
943,36,No,Travel_Rarely,325,Research & Development,10,4,Technical Degree,4,Female,63,3,3,Healthcare Representative,3,Married,7094,5747,3,No,12,3,1,0,10,0,3,7,7,1,7,0,0.7226054488424002,0.125,Mid-High,36-45,6-10,0.084,Low,42564.0
944,46,No,Travel_Rarely,991,Human Resources,1,2,Life Sciences,4,Female,44,3,1,Human Resources,1,Single,3423,22957,6,No,12,3,3,0,10,3,4,7,6,5,7,0,1.2282397021069917,0.625,Mid-Low,46-60,6-10,0.192,Low,20538.0
945,28,No,Non-Travel,1476,Research & Development,1,3,Life Sciences,3,Female,55,1,2,Laboratory Technician,4,Married,6674,16392,0,No,11,3,1,3,10,6,3,9,8,7,5,0,1.2129523493167282,0.7,Mid-High,26-35,6-10,0.044,Low,40044.0
946,50,No,Travel_Rarely,1322,Research & Development,28,3,Life Sciences,4,Female,43,3,4,Research Director,1,Married,16880,22422,4,Yes,11,3,2,0,25,2,3,3,2,1,2,0,1.0887665274634735,0.25,High,46-60,3-5,0.103,Low,101280.0
947,40,Yes,Travel_Rarely,299,Sales,25,4,Marketing,4,Male,57,2,3,Sales Executive,2,Single,9094,17235,2,Yes,12,3,3,0,9,2,3,5,4,1,0,1,0.9263284397762598,0.16666666666666666,High,36-45,3-5,0.937,High,54564.0
948,52,Yes,Travel_Rarely,1030,Sales,5,3,Life Sciences,2,Male,64,3,3,Sales Executive,2,Single,8446,21534,9,Yes,19,3,3,0,10,2,2,8,7,7,7,1,0.8603221907136893,0.7777777777777778,High,46-60,6-10,0.931,High,50676.0
949,30,No,Travel_Rarely,634,Research & Development,17,4,Medical,2,Female,95,3,3,Manager,1,Married,11916,25927,1,Yes,23,4,4,2,9,2,3,9,1,0,8,0,1.2137815799839358,0.0,High,26-35,6-10,0.236,Low,71496.0
950,39,No,Travel_Rarely,524,Research & Development,18,2,Life Sciences,1,Male,32,3,2,Manufacturing Director,3,Single,4534,13352,0,No,11,3,1,0,9,6,3,8,7,1,7,0,0.8240224680554459,0.1111111111111111,Mid-Low,36-45,6-10,0.153,Low,27204.0
951,31,No,Non-Travel,587,Sales,2,4,Life Sciences,4,Female,57,3,3,Sales Executive,3,Divorced,9852,8935,1,Yes,19,3,1,1,10,5,2,10,8,9,6,0,1.0035394533401927,0.8181818181818182,High,26-35,6-10,0.099,Low,59112.0
952,41,No,Non-Travel,256,Sales,10,2,Medical,3,Male,40,1,2,Sales Executive,2,Single,6151,22074,1,No,13,3,1,0,19,4,3,19,2,11,9,0,1.1179007942234336,0.55,Mid-High,36-45,10+,0.819,High,36906.0
953,31,Yes,Travel_Frequently,1060,Sales,1,3,Life Sciences,4,Female,54,3,1,Sales Representative,2,Single,2302,8319,1,Yes,11,3,1,0,3,2,4,3,2,2,2,1,0.8260028613059581,0.5,Low,26-35,3-5,0.904,High,13812.0
954,44,Yes,Travel_Rarely,935,Research & Development,3,3,Life Sciences,1,Male,89,3,1,Laboratory Technician,1,Married,2362,14669,4,No,12,3,3,0,10,4,4,3,2,1,2,1,0.8475320410098494,0.25,Low,36-45,3-5,0.381,Medium,14172.0
955,42,No,Non-Travel,495,Research & Development,2,1,Life Sciences,3,Male,37,3,4,Manager,3,Married,17861,26582,0,Yes,13,3,4,0,21,3,2,20,8,2,10,0,1.1520414068142832,0.09523809523809523,High,36-45,10+,0.034,Low,107166.0
956,55,No,Travel_Rarely,282,Research & Development,2,2,Medical,4,Female,58,1,5,Manager,3,Married,19187,6992,4,No,14,3,4,1,23,5,3,19,9,9,11,0,0.9997485342491822,0.45,High,46-60,10+,0.021,Low,115122.0
957,56,No,Travel_Rarely,206,Human Resources,8,4,Life Sciences,4,Male,99,3,5,Manager,2,Single,19717,4022,6,No,14,3,1,0,36,4,3,7,3,7,7,0,1.027364457694852,0.875,High,46-60,6-10,0.06,Low,118302.0
958,40,No,Non-Travel,458,Research & Development,16,2,Life Sciences,3,Male,74,3,1,Research Scientist,3,Divorced,3544,8532,9,No,16,3,2,1,6,0,3,4,2,0,0,0,1.2716568811765054,0.0,Mid-Low,36-45,3-5,0.188,Low,21264.0
959,34,No,Travel_Rarely,943,Research & Development,9,3,Life Sciences,4,Male,86,3,3,Healthcare Representative,4,Divorced,8500,5494,0,No,11,3,4,1,10,0,2,9,7,1,6,0,0.8658227114689035,0.1,High,26-35,6-10,0.01,Low,51000.0
960,40,No,Travel_Rarely,523,Research & Development,2,3,Life Sciences,3,Male,98,3,2,Research Scientist,4,Single,4661,22455,1,No,13,3,3,0,9,4,3,9,8,8,8,0,0.8471038208218865,0.8,Mid-Low,36-45,6-10,0.088,Low,27966.0
961,41,No,Travel_Frequently,1018,Sales,1,3,Marketing,3,Female,66,3,2,Sales Executive,1,Divorced,4103,4297,0,No,17,3,4,1,10,2,3,9,3,1,7,0,0.745691262997683,0.1,Mid-Low,36-45,6-10,0.092,Low,24618.0
962,35,No,Travel_Frequently,482,Research & Development,4,4,Life Sciences,3,Male,87,3,2,Research Scientist,3,Single,4249,2690,1,Yes,11,3,2,0,9,3,3,9,6,1,1,0,0.7722257315323312,0.1,Mid-Low,26-35,6-10,0.829,High,25494.0
963,51,No,Travel_Rarely,770,Human Resources,5,3,Life Sciences,3,Male,84,3,4,Manager,2,Divorced,14026,17588,1,Yes,11,3,2,1,33,2,3,33,9,0,10,0,0.904682423827173,0.0,High,46-60,10+,0.054,Low,84156.0
964,38,No,Travel_Rarely,1009,Sales,2,2,Life Sciences,2,Female,31,3,2,Sales Executive,1,Divorced,6893,19461,3,No,15,3,4,1,11,3,3,7,7,1,7,0,1.2527540521187006,0.125,Mid-High,36-45,6-10,0.056,Low,41358.0
965,34,No,Travel_Rarely,507,Sales,15,2,Medical,3,Female,66,3,2,Sales Executive,1,Single,6125,23553,1,No,12,3,4,0,10,6,4,10,8,9,6,0,1.1131754779090441,0.8181818181818182,Mid-High,26-35,6-10,0.245,Low,36750.0
966,25,No,Travel_Rarely,882,Research & Development,19,1,Medical,4,Male,67,3,1,Laboratory Technician,4,Married,3669,9075,3,No,11,3,3,3,7,6,2,3,2,1,2,0,1.3165093388929454,0.25,Mid-Low,18-25,3-5,0.123,Low,22014.0
967,58,Yes,Travel_Rarely,601,Research & Development,7,4,Medical,3,Female,53,2,3,Manufacturing Director,1,Married,10008,12023,7,Yes,14,3,4,0,31,0,2,10,9,5,9,1,1.0194298466330336,0.45454545454545453,High,46-60,6-10,0.316,Medium,60048.0
968,40,No,Travel_Rarely,329,Research & Development,1,4,Life Sciences,2,Male,88,3,1,Laboratory Technician,2,Married,2387,6762,3,No,22,4,3,1,7,3,3,4,2,0,3,0,0.8565025325531374,0.0,Low,36-45,3-5,0.254,Medium,14322.0
969,36,No,Travel_Frequently,607,Sales,7,3,Marketing,1,Female,83,4,2,Sales Executive,1,Married,4639,2261,2,No,16,3,4,1,17,2,2,15,7,6,13,0,0.8431054762481723,0.375,Mid-Low,36-45,10+,0.527,High,27834.0
970,48,No,Travel_Rarely,855,Research & Development,4,3,Life Sciences,4,Male,54,3,3,Manufacturing Director,4,Single,7898,18706,1,No,11,3,3,0,11,2,3,10,9,0,8,0,0.8045020911978118,0.0,Mid-High,46-60,6-10,0.035,Low,47388.0
971,27,No,Travel_Rarely,1291,Sales,11,3,Medical,3,Female,98,4,1,Sales Representative,4,Married,2534,6527,8,No,14,3,2,1,5,4,3,1,0,0,0,0,0.9092490228276707,0.0,Low,26-35,0-2,0.315,Medium,15204.0
972,51,No,Travel_Rarely,1405,Research & Development,11,2,Technical Degree,4,Female,82,2,4,Manufacturing Director,2,Single,13142,24439,3,No,16,3,2,0,29,1,2,5,2,0,3,0,0.8476640819860763,0.0,High,46-60,3-5,0.408,Medium,78852.0
973,18,No,Non-Travel,1124,Research & Development,1,3,Life Sciences,4,Female,97,3,1,Laboratory Technician,4,Single,1611,19305,1,No,15,3,3,0,0,5,4,0,0,0,0,0,0.578058475049478,0.0,Low,18-25,0-2,0.025,Low,9666.0
974,35,No,Travel_Rarely,817,Research & Development,1,3,Medical,4,Female,60,2,2,Laboratory Technician,4,Married,5363,10846,0,No,12,3,2,1,10,0,3,9,7,0,0,0,0.9746873613104006,0.0,Mid-High,26-35,6-10,0.152,Low,32178.0
975,27,No,Travel_Frequently,793,Sales,2,1,Life Sciences,4,Male,43,1,2,Sales Executive,4,Single,5071,20392,3,No,20,4,2,0,8,3,3,6,2,0,0,0,0.9216184242411042,0.0,Mid-High,26-35,6-10,0.659,High,30426.0
976,55,Yes,Travel_Rarely,267,Sales,13,4,Marketing,1,Male,85,4,4,Sales Executive,3,Single,13695,9277,6,Yes,17,3,3,0,24,2,2,19,7,3,8,1,0.8833327958301108,0.15,High,46-60,10+,0.901,High,82170.0
977,56,No,Travel_Rarely,1369,Research & Development,23,3,Life Sciences,4,Male,68,3,4,Manufacturing Director,2,Married,13402,18235,4,Yes,12,3,1,1,33,0,3,19,16,15,9,0,0.8644341825275754,0.75,High,46-60,10+,0.774,High,80412.0
978,34,No,Non-Travel,999,Research & Development,26,1,Technical Degree,1,Female,92,2,1,Research Scientist,3,Divorced,2029,15891,1,No,20,4,3,3,5,2,3,5,4,0,0,0,0.7280450936532533,0.0,Low,26-35,3-5,0.233,Low,12174.0
979,40,No,Travel_Rarely,1202,Research & Development,2,1,Medical,2,Female,89,4,2,Healthcare Representative,3,Divorced,6377,13888,5,No,20,4,2,3,15,0,3,12,11,11,8,0,1.1589746975715878,0.8461538461538461,Mid-High,36-45,10+,0.062,Low,38262.0
980,34,No,Travel_Rarely,285,Research & Development,29,3,Medical,2,Male,86,3,2,Laboratory Technician,3,Married,5429,17491,4,No,13,3,1,2,10,1,3,8,7,7,7,0,0.986682395031543,0.7777777777777778,Mid-High,26-35,6-10,0.724,High,32574.0
981,31,Yes,Travel_Frequently,703,Sales,2,3,Life Sciences,3,Female,90,2,1,Sales Representative,4,Single,2785,11882,7,No,14,3,3,0,3,3,4,1,0,0,0,1,0.9993127579222821,0.0,Low,26-35,0-2,0.819,High,16710.0
982,35,Yes,Travel_Frequently,662,Sales,18,4,Marketing,4,Female,67,3,2,Sales Executive,3,Married,4614,23288,0,Yes,18,3,3,1,5,0,2,4,2,3,2,1,0.8385619028689518,0.6,Mid-Low,26-35,3-5,0.696,High,27684.0
983,38,No,Travel_Frequently,693,Research & Development,7,3,Life Sciences,4,Male,57,4,1,Research Scientist,3,Divorced,2610,15748,1,No,11,3,4,3,4,2,3,4,2,0,3,0,0.9365193171192662,0.0,Low,36-45,3-5,0.031,Low,15660.0
984,34,No,Travel_Rarely,404,Research & Development,2,4,Technical Degree,3,Female,98,3,2,Healthcare Representative,4,Single,6687,6163,1,No,11,3,4,0,14,2,4,14,11,4,11,0,1.215315007473923,0.26666666666666666,Mid-High,26-35,10+,0.082,Low,40122.0
985,28,No,Travel_Rarely,736,Sales,26,3,Life Sciences,3,Male,48,2,2,Sales Executive,1,Married,4724,24232,1,No,11,3,3,1,5,0,3,5,3,0,4,0,0.8585536257375224,0.0,Mid-Low,26-35,3-5,0.64,High,28344.0
986,31,Yes,Travel_Rarely,330,Research & Development,22,4,Medical,4,Male,98,3,2,Manufacturing Director,3,Married,6179,21057,1,Yes,15,3,4,2,10,3,2,10,2,6,7,1,1.1229895964081607,0.5454545454545454,Mid-High,26-35,6-10,0.242,Low,37074.0
987,39,No,Travel_Rarely,1498,Sales,21,4,Life Sciences,1,Male,44,2,2,Sales Executive,4,Married,6120,3567,3,Yes,12,3,4,2,8,2,4,5,4,1,4,0,1.1122667632332,0.16666666666666666,Mid-High,36-45,3-5,0.439,Medium,36720.0
988,51,No,Travel_Frequently,541,Sales,2,3,Marketing,2,Male,52,3,3,Sales Executive,2,Married,10596,15395,2,No,11,3,2,0,14,5,3,4,2,3,2,0,1.0793244059675884,0.6,High,46-60,3-5,0.572,High,63576.0
989,41,No,Travel_Frequently,1200,Research & Development,22,3,Life Sciences,4,Female,75,3,2,Research Scientist,4,Divorced,5467,13953,3,Yes,14,3,1,2,12,4,2,6,2,3,3,0,0.9935886265679583,0.42857142857142855,Mid-High,36-45,6-10,0.331,Medium,32802.0
990,37,No,Travel_Rarely,1439,Research & Development,4,1,Life Sciences,3,Male,54,3,1,Research Scientist,3,Married,2996,5182,7,Yes,15,3,4,0,8,2,3,6,4,1,3,0,1.0750237065476327,0.14285714285714285,Mid-Low,36-45,6-10,0.546,High,17976.0
991,33,No,Travel_Frequently,1111,Sales,5,1,Life Sciences,2,Male,61,3,2,Sales Executive,4,Married,9998,19293,6,No,13,3,1,0,8,2,4,5,4,1,2,0,1.8170658658178978,0.16666666666666666,High,26-35,3-5,0.301,Medium,59988.0
992,32,No,Travel_Rarely,499,Sales,2,1,Marketing,3,Male,36,3,2,Sales Executive,2,Married,4078,20497,0,Yes,13,3,1,3,4,3,2,3,2,1,2,0,0.7411476896184623,0.25,Mid-Low,26-35,3-5,0.775,High,24468.0
993,39,No,Non-Travel,1485,Research & Development,25,2,Life Sciences,3,Male,71,3,3,Healthcare Representative,3,Married,10920,3449,3,No,21,4,2,1,13,2,3,6,4,0,5,0,1.1123275304988738,0.0,High,36-45,6-10,0.013,Low,65520.0
994,25,No,Travel_Rarely,1372,Sales,18,1,Life Sciences,1,Male,93,4,2,Sales Executive,3,Married,6232,12477,2,No,11,3,2,0,6,3,2,3,2,1,2,0,1.1326219719721082,0.25,Mid-High,18-25,3-5,0.332,Medium,37392.0
995,52,No,Travel_Frequently,322,Research & Development,28,2,Medical,4,Female,59,4,4,Manufacturing Director,3,Married,13247,9731,2,Yes,11,3,2,1,24,3,2,5,3,0,2,0,0.854436622589374,0.0,High,46-60,3-5,0.392,Medium,79482.0
996,43,No,Travel_Rarely,930,Research & Development,6,3,Medical,1,Female,73,2,2,Research Scientist,3,Single,4081,20003,1,Yes,14,3,1,0,20,3,1,20,7,1,8,0,0.7416929184239689,0.047619047619047616,Mid-Low,36-45,10+,0.735,High,24486.0
997,27,No,Travel_Rarely,205,Sales,10,3,Marketing,4,Female,98,2,2,Sales Executive,4,Married,5769,7100,1,Yes,11,3,4,0,6,3,3,6,2,4,4,0,1.048474992988943,0.5714285714285714,Mid-High,26-35,6-10,0.435,Medium,34614.0
998,27,Yes,Travel_Rarely,135,Research & Development,17,4,Life Sciences,4,Female,51,3,1,Research Scientist,3,Single,2394,25681,1,Yes,13,3,4,0,8,2,3,8,2,7,7,1,0.859014270185258,0.7777777777777778,Low,26-35,6-10,0.732,High,14364.0
999,26,No,Travel_Rarely,683,Research & Development,2,1,Medical,1,Male,36,2,1,Research Scientist,4,Single,3904,4050,0,No,12,3,4,0,5,2,3,4,3,1,1,0,1.4008319593998526,0.2,Mid-Low,26-35,3-5,0.422,Medium,23424.0
1000,42,No,Travel_Rarely,1147,Human Resources,10,3,Human Resources,3,Female,31,3,4,Manager,1,Married,16799,16616,0,No,14,3,3,1,21,5,3,20,7,0,9,0,1.0835419961409296,0.0,High,36-45,10+,0.016,Low,100794.0
1001,52,No,Travel_Rarely,258,Research & Development,8,4,Other,3,Female,54,3,1,Laboratory Technician,1,Married,2950,17363,9,No,13,3,3,0,12,2,1,5,4,0,4,0,1.058518002107983,0.0,Mid-Low,46-60,3-5,0.668,High,17700.0
1002,37,No,Travel_Rarely,1462,Research & Development,11,3,Medical,1,Female,94,3,1,Laboratory Technician,3,Single,3629,19106,4,No,18,3,1,0,8,6,3,3,2,0,2,0,1.3021565524236847,0.0,Mid-Low,36-45,3-5,0.469,Medium,21774.0
1003,35,No,Travel_Frequently,200,Research & Development,18,2,Life Sciences,3,Male,60,3,3,Manufacturing Director,4,Single,9362,19944,2,No,11,3,3,0,10,2,3,2,2,2,2,0,0.953627320561397,0.6666666666666666,High,26-35,0-2,0.278,Medium,56172.0
1004,25,No,Travel_Rarely,949,Research & Development,1,3,Technical Degree,1,Male,81,3,1,Laboratory Technician,4,Married,3229,4910,4,No,11,3,2,1,7,2,2,3,2,0,2,0,1.1586286877310767,0.0,Mid-Low,18-25,3-5,0.759,High,19374.0
1005,26,No,Travel_Rarely,652,Research & Development,7,3,Other,3,Male,100,4,1,Laboratory Technician,1,Single,3578,23577,0,No,12,3,4,0,8,2,3,7,7,0,7,0,1.2838567496753772,0.0,Mid-Low,26-35,6-10,0.188,Low,21468.0
1006,29,No,Travel_Rarely,332,Human Resources,17,3,Other,2,Male,51,2,3,Human Resources,1,Single,7988,9769,1,No,13,3,1,0,10,3,2,10,9,0,9,0,0.8136696257898355,0.0,Mid-High,26-35,6-10,0.717,High,47928.0
1007,49,Yes,Travel_Frequently,1475,Research & Development,28,2,Life Sciences,1,Male,97,2,2,Laboratory Technician,1,Single,4284,22710,3,No,20,4,1,0,20,2,3,4,3,1,3,1,0.77858673426324,0.2,Mid-Low,46-60,3-5,0.892,High,25704.0
1008,29,Yes,Travel_Frequently,337,Research & Development,14,1,Other,3,Female,84,3,3,Healthcare Representative,4,Single,7553,22930,0,Yes,12,3,1,0,9,1,3,8,7,7,7,1,0.769359875261721,0.7777777777777778,Mid-High,26-35,6-10,0.751,High,45318.0
1009,54,No,Travel_Rarely,971,Research & Development,1,3,Medical,4,Female,54,3,4,Research Director,4,Single,17328,5652,6,No,19,3,4,0,29,3,2,20,7,12,7,0,1.1176627007042104,0.5714285714285714,High,46-60,10+,0.029,Low,103968.0
1010,58,No,Travel_Rarely,1055,Research & Development,1,3,Medical,4,Female,76,3,5,Research Director,1,Married,19701,22456,3,Yes,21,4,3,1,32,3,3,9,8,1,5,0,1.0265307694398884,0.1,High,46-60,6-10,0.011,Low,118206.0
1011,55,No,Travel_Rarely,1136,Research & Development,1,4,Medical,2,Male,81,4,4,Research Director,4,Divorced,14732,12414,2,No,13,3,4,2,31,4,4,7,7,0,0,0,0.9502196968360126,0.0,High,46-60,6-10,0.0,Low,88392.0
1012,36,No,Travel_Rarely,1174,Sales,3,4,Marketing,1,Female,99,3,2,Sales Executive,2,Single,9278,20763,3,Yes,16,3,4,0,15,3,3,5,4,0,1,0,1.6862109524963447,0.0,High,36-45,3-5,0.679,High,55668.0
1013,31,Yes,Travel_Frequently,667,Sales,1,4,Life Sciences,2,Female,50,1,1,Sales Representative,3,Single,1359,16154,1,No,12,3,2,0,1,3,3,1,0,0,0,1,0.4876359202931352,0.0,Low,26-35,0-2,0.911,High,8154.0
1014,30,No,Travel_Rarely,855,Sales,7,4,Marketing,4,Female,73,3,2,Sales Executive,1,Divorced,4779,12761,7,No,14,3,2,2,8,3,3,3,2,0,2,0,0.8685494871718077,0.0,Mid-Low,26-35,3-5,0.299,Medium,28674.0
1015,31,No,Travel_Rarely,182,Research & Development,8,5,Life Sciences,1,Female,93,3,4,Research Director,2,Single,16422,8847,3,No,11,3,3,0,9,3,4,3,2,1,0,0,1.059225350355756,0.25,High,26-35,3-5,0.144,Low,98532.0
1016,34,No,Travel_Frequently,560,Research & Development,1,4,Other,4,Male,91,3,1,Research Scientist,1,Divorced,2996,20284,5,No,14,3,3,2,10,2,3,4,3,1,3,0,1.0750237065476327,0.2,Mid-Low,26-35,3-5,0.138,Low,17976.0
1017,31,Yes,Travel_Rarely,202,Research & Development,8,3,Life Sciences,1,Female,34,2,1,Research Scientist,2,Single,1261,22262,1,No,12,3,3,0,1,3,4,1,0,0,0,1,0.45247159344344623,0.0,Low,26-35,0-2,0.596,High,7566.0
1018,27,No,Travel_Rarely,1377,Research & Development,11,1,Life Sciences,2,Male,91,3,1,Laboratory Technician,1,Married,2099,7679,0,No,14,3,2,0,6,3,4,5,0,1,4,0,0.7531624699744597,0.16666666666666666,Low,26-35,3-5,0.545,High,12594.0
1019,36,No,Travel_Rarely,172,Research & Development,4,4,Life Sciences,1,Male,37,2,2,Laboratory Technician,4,Single,5810,22604,1,No,16,3,3,0,10,2,2,10,4,1,8,0,1.0559264533308648,0.09090909090909091,Mid-High,36-45,6-10,0.593,High,34860.0
1020,36,No,Travel_Rarely,329,Sales,16,4,Marketing,3,Female,98,2,2,Sales Executive,1,Married,5647,13494,4,No,13,3,1,2,11,3,2,3,2,0,2,0,1.0263023548983465,0.0,Mid-High,36-45,3-5,0.662,High,33882.0
1021,47,No,Travel_Rarely,465,Research & Development,1,3,Technical Degree,1,Male,74,3,1,Research Scientist,4,Married,3420,10205,7,No,12,3,3,1,17,2,2,6,5,1,2,0,1.2271632431217971,0.14285714285714285,Mid-Low,46-60,6-10,0.493,Medium,20520.0
1022,25,Yes,Travel_Rarely,383,Sales,9,2,Life Sciences,1,Male,68,2,1,Sales Representative,1,Married,4400,15182,3,No,12,3,1,0,6,2,3,3,2,2,2,1,1.5788065116186862,0.5,Mid-Low,18-25,3-5,0.915,High,26400.0
1023,37,No,Non-Travel,1413,Research & Development,5,2,Technical Degree,3,Male,84,4,1,Laboratory Technician,3,Single,3500,25470,0,No,14,3,1,0,7,2,1,6,5,1,3,0,1.2558688160603186,0.14285714285714285,Mid-Low,36-45,6-10,0.349,Medium,21000.0
1024,56,No,Travel_Rarely,1255,Research & Development,1,2,Life Sciences,1,Female,90,3,1,Research Scientist,1,Married,2066,10494,2,No,22,4,4,1,5,3,4,3,2,1,0,0,0.7413214211373195,0.25,Low,46-60,3-5,0.12,Low,12396.0
1025,47,No,Travel_Rarely,359,Research & Development,2,4,Medical,1,Female,82,3,4,Research Director,3,Married,17169,26703,3,No,19,3,2,2,26,2,4,20,17,5,6,0,1.1074071392192166,0.23809523809523808,High,46-60,10+,0.009,Low,103014.0
1026,24,No,Travel_Rarely,1476,Sales,4,1,Medical,4,Female,42,3,2,Sales Executive,3,Married,4162,15211,1,Yes,12,3,3,2,5,3,3,5,4,0,3,0,0.7564140961726435,0.0,Mid-Low,18-25,3-5,0.192,Low,24972.0
1027,32,No,Travel_Rarely,601,Sales,7,5,Marketing,4,Male,97,3,2,Sales Executive,4,Married,9204,23343,4,No,12,3,3,1,7,3,2,4,3,0,3,0,1.6727619752938518,0.0,High,26-35,3-5,0.061,Low,55224.0
1028,34,No,Travel_Rarely,401,Research & Development,1,3,Life Sciences,4,Female,86,2,1,Laboratory Technician,2,Married,3294,3708,5,No,17,3,1,1,7,2,2,5,4,0,2,0,1.1819519657436257,0.0,Mid-Low,26-35,3-5,0.401,Medium,19764.0
1029,41,No,Travel_Rarely,1283,Research & Development,5,5,Medical,2,Male,90,4,1,Research Scientist,3,Married,2127,5561,2,Yes,12,3,1,0,7,5,2,4,2,0,3,0,0.7632094205029423,0.0,Low,36-45,3-5,0.528,High,12762.0
1030,40,No,Non-Travel,663,Research & Development,9,4,Other,3,Male,81,3,2,Laboratory Technician,3,Divorced,3975,23099,3,No,11,3,3,2,11,2,4,8,7,0,7,0,0.7224281672960735,0.0,Mid-Low,36-45,6-10,0.019,Low,23850.0
1031,31,No,Travel_Rarely,326,Sales,8,2,Life Sciences,1,Male,31,3,3,Sales Executive,4,Divorced,10793,8386,1,No,18,3,1,1,13,5,3,13,7,9,9,0,1.0993911205745737,0.6428571428571429,High,26-35,10+,0.277,Medium,64758.0
1032,46,Yes,Travel_Rarely,377,Sales,9,3,Marketing,1,Male,52,3,3,Sales Executive,4,Divorced,10096,15986,4,No,11,3,1,1,28,1,4,7,7,4,3,1,1.0283936582341235,0.5,High,46-60,6-10,0.101,Low,60576.0
1033,39,Yes,Non-Travel,592,Research & Development,2,3,Life Sciences,1,Female,54,2,1,Laboratory Technician,1,Single,3646,17181,2,Yes,23,4,2,0,11,2,4,1,0,0,0,1,1.3082564866731206,0.0,Mid-Low,36-45,0-2,0.688,High,21876.0
1034,31,Yes,Travel_Frequently,1445,Research & Development,1,5,Life Sciences,3,Female,100,4,3,Manufacturing Director,2,Single,7446,8931,1,No,11,3,1,0,10,2,3,10,8,4,7,1,0.7584606952467595,0.36363636363636365,Mid-High,26-35,6-10,0.04,Low,44676.0
1035,45,No,Travel_Rarely,1038,Research & Development,20,3,Medical,2,Male,95,1,3,Healthcare Representative,1,Divorced,10851,19863,2,Yes,18,3,2,1,24,2,3,7,7,0,7,0,1.1052990873116555,0.0,High,36-45,6-10,0.218,Low,65106.0
1036,31,No,Travel_Rarely,1398,Human Resources,8,2,Medical,4,Female,96,4,1,Human Resources,2,Single,2109,24609,9,No,18,3,4,0,8,3,3,3,2,0,2,0,0.7567506665917749,0.0,Low,26-35,3-5,0.35,Medium,12654.0
1037,31,Yes,Travel_Frequently,523,Research & Development,2,3,Life Sciences,2,Male,94,3,1,Laboratory Technician,4,Married,3722,21081,6,Yes,13,3,3,1,7,2,1,2,2,2,2,1,1.335526780964716,0.6666666666666666,Mid-Low,26-35,0-2,0.918,High,22332.0
1038,45,No,Travel_Rarely,1448,Research & Development,29,3,Technical Degree,2,Male,55,3,3,Manufacturing Director,4,Married,9380,14720,4,Yes,18,3,4,2,10,4,4,3,1,1,2,0,0.9554608274798018,0.25,High,36-45,3-5,0.667,High,56280.0
1039,48,No,Travel_Rarely,1221,Sales,7,3,Marketing,3,Male,96,3,2,Sales Executive,1,Divorced,5486,24795,4,No,11,3,1,3,15,3,3,2,2,2,2,0,0.9970417423361659,0.6666666666666666,Mid-High,46-60,0-2,0.139,Low,32916.0
1040,34,Yes,Travel_Rarely,1107,Human Resources,9,4,Technical Degree,1,Female,52,3,1,Human Resources,3,Married,2742,3072,1,No,15,3,4,0,2,0,3,2,2,2,2,1,0.9838835124678268,0.6666666666666666,Low,26-35,0-2,0.402,Medium,16452.0
1041,40,No,Non-Travel,218,Research & Development,8,1,Medical,4,Male,55,2,3,Research Director,2,Divorced,13757,25178,2,No,11,3,3,1,16,5,3,9,8,4,8,0,1.4013085931385536,0.4,High,36-45,6-10,0.001,Low,82542.0
1042,28,No,Travel_Rarely,866,Sales,5,3,Medical,4,Male,84,3,2,Sales Executive,1,Single,8463,23490,0,No,18,3,4,0,6,4,3,5,4,1,3,0,1.5380904603337535,0.16666666666666666,High,26-35,3-5,0.178,Low,50778.0
1043,44,No,Non-Travel,981,Research & Development,5,3,Life Sciences,3,Male,90,2,1,Laboratory Technician,3,Single,3162,7973,3,No,14,3,4,0,7,5,3,5,2,0,3,0,1.134587770395065,0.0,Mid-Low,36-45,3-5,0.151,Low,18972.0
1044,53,No,Travel_Rarely,447,Research & Development,2,3,Medical,4,Male,39,4,4,Research Director,2,Single,16598,19764,4,No,12,3,2,0,35,2,2,9,8,8,8,0,1.0705774184146168,0.8,High,46-60,6-10,0.021,Low,99588.0
1045,49,No,Travel_Rarely,1495,Research & Development,5,4,Technical Degree,1,Male,96,3,2,Healthcare Representative,3,Married,6651,21534,2,No,14,3,2,1,20,0,2,3,2,1,2,0,1.2087722618078454,0.25,Mid-High,46-60,3-5,0.152,Low,39906.0
1046,40,No,Travel_Rarely,896,Research & Development,2,3,Medical,3,Male,68,3,1,Research Scientist,3,Divorced,2345,8045,2,No,14,3,3,1,8,3,4,3,1,1,2,0,0.8414321067604135,0.25,Low,36-45,3-5,0.037,Low,14070.0
1047,44,No,Travel_Rarely,1467,Research & Development,20,3,Life Sciences,4,Male,49,3,1,Research Scientist,2,Single,3420,21158,1,No,13,3,3,0,6,3,2,5,2,1,3,0,1.2271632431217971,0.16666666666666666,Mid-Low,36-45,3-5,0.229,Low,20520.0
1048,33,No,Travel_Frequently,430,Sales,7,3,Medical,4,Male,54,3,2,Sales Executive,1,Married,4373,17456,0,No,14,3,1,2,5,2,3,4,3,0,3,0,0.7947618554932653,0.0,Mid-Low,26-35,3-5,0.44,Medium,26238.0
1049,34,No,Travel_Rarely,1326,Sales,3,3,Other,4,Male,81,1,2,Sales Executive,1,Single,4759,15891,3,No,18,3,4,0,15,2,3,13,9,3,12,0,0.8649146284684313,0.21428571428571427,Mid-Low,26-35,10+,0.13,Low,28554.0
1050,30,No,Travel_Rarely,1358,Sales,16,1,Life Sciences,4,Male,96,3,2,Sales Executive,3,Married,5301,2939,8,No,15,3,3,2,4,2,2,2,1,2,2,0,0.9634192993299335,0.6666666666666666,Mid-High,26-35,0-2,0.242,Low,31806.0
1051,42,No,Travel_Frequently,748,Research & Development,9,2,Medical,1,Female,74,3,1,Laboratory Technician,4,Single,3673,16458,1,No,13,3,3,0,12,3,3,12,9,5,8,0,1.3179446175398715,0.38461538461538464,Mid-Low,36-45,10+,0.44,Medium,22038.0
1052,44,No,Travel_Frequently,383,Sales,1,5,Marketing,1,Female,79,3,2,Sales Executive,3,Married,4768,9282,7,No,12,3,3,1,11,4,2,1,0,0,0,0,0.8665503148849506,0.0,Mid-Low,36-45,0-2,0.554,High,28608.0
1053,30,No,Non-Travel,990,Research & Development,7,3,Technical Degree,3,Male,64,3,1,Research Scientist,3,Divorced,1274,7152,1,No,13,3,2,2,1,2,2,1,0,0,0,0,0.457136249045956,0.0,Low,26-35,0-2,0.234,Low,7644.0
1054,57,No,Travel_Rarely,405,Research & Development,1,2,Life Sciences,2,Male,93,4,2,Research Scientist,3,Married,4900,2721,0,No,24,4,1,1,13,2,2,12,9,2,8,0,0.8905403823272353,0.15384615384615385,Mid-Low,46-60,10+,0.028,Low,29400.0
1055,49,No,Travel_Rarely,1490,Research & Development,7,4,Life Sciences,3,Male,35,3,3,Healthcare Representative,2,Divorced,10466,20948,3,No,14,3,2,2,29,3,3,8,7,0,7,0,1.0660824115568877,0.0,High,46-60,6-10,0.006,Low,62796.0
1056,34,No,Travel_Frequently,829,Research & Development,15,3,Medical,2,Male,71,3,4,Research Director,1,Divorced,17007,11929,7,No,14,3,4,2,16,3,2,14,8,6,9,0,1.096958076574129,0.4,High,26-35,10+,0.167,Low,102042.0
1057,28,Yes,Travel_Frequently,1496,Sales,1,3,Technical Degree,1,Male,92,3,1,Sales Representative,3,Married,2909,15747,3,No,15,3,4,1,5,3,4,3,2,1,2,1,1.0438063959769905,0.25,Low,26-35,3-5,0.733,High,17454.0
1058,29,Yes,Travel_Frequently,115,Sales,13,3,Technical Degree,1,Female,51,3,2,Sales Executive,2,Single,5765,17485,5,No,11,3,1,0,7,4,1,5,3,0,0,1,1.0477480212482677,0.0,Mid-High,26-35,3-5,0.984,High,34590.0
1059,34,Yes,Travel_Rarely,790,Sales,24,4,Medical,1,Female,40,2,2,Sales Executive,2,Single,4599,7815,0,Yes,23,4,3,0,16,2,4,15,9,10,10,1,0.8358357588414195,0.625,Mid-Low,26-35,10+,0.88,High,27594.0
1060,35,No,Travel_Rarely,660,Sales,7,1,Life Sciences,4,Male,76,3,1,Sales Representative,3,Married,2404,16192,1,No,13,3,1,1,1,3,3,1,0,0,0,0,0.8626024668025731,0.0,Low,26-35,0-2,0.526,High,14424.0
1061,24,Yes,Travel_Frequently,381,Research & Development,9,3,Medical,2,Male,89,3,1,Laboratory Technician,1,Single,3172,16998,2,Yes,11,3,3,0,4,2,2,0,0,0,0,1,1.13817596701238,0.0,Mid-Low,18-25,0-2,0.993,High,19032.0
1062,24,No,Non-Travel,830,Sales,13,2,Life Sciences,4,Female,78,3,1,Sales Representative,2,Married,2033,7103,1,No,13,3,3,1,1,2,3,1,0,0,0,0,0.7294803723001794,0.0,Low,18-25,0-2,0.25,Low,12198.0
1063,44,No,Travel_Frequently,1193,Research & Development,2,1,Medical,2,Male,86,3,3,Manufacturing Director,3,Single,10209,19719,5,Yes,18,3,2,0,16,2,2,2,2,2,2,0,1.0399040072218866,0.6666666666666666,High,36-45,0-2,0.892,High,61254.0
1064,29,No,Travel_Rarely,1246,Sales,19,3,Life Sciences,3,Male,77,2,2,Sales Executive,3,Divorced,8620,23757,1,No,14,3,3,2,10,3,3,10,7,0,4,0,1.5666241011552589,0.0,High,26-35,6-10,0.08,Low,51720.0
1065,30,No,Travel_Rarely,330,Human Resources,1,3,Life Sciences,3,Male,46,3,1,Human Resources,3,Divorced,2064,15428,0,No,21,4,1,1,6,3,4,5,3,1,3,0,0.7406037818138564,0.16666666666666666,Low,26-35,3-5,0.114,Low,12384.0
1066,55,No,Travel_Rarely,1229,Research & Development,4,4,Life Sciences,4,Male,30,3,2,Healthcare Representative,3,Married,4035,16143,0,Yes,16,3,2,0,4,2,3,3,2,1,2,0,0.7333327434062029,0.25,Mid-Low,46-60,3-5,0.19,Low,24210.0
1067,33,No,Travel_Rarely,1099,Research & Development,4,4,Medical,1,Female,82,2,1,Laboratory Technician,2,Married,3838,8192,8,No,11,3,4,0,8,5,3,5,4,0,2,0,1.3771498617255722,0.0,Mid-Low,26-35,3-5,0.622,High,23028.0
1068,47,No,Travel_Rarely,571,Sales,14,3,Medical,3,Female,78,3,2,Sales Executive,3,Married,4591,24200,3,Yes,17,3,3,1,11,4,2,5,4,1,2,0,0.8343818153600688,0.16666666666666666,Mid-Low,46-60,3-5,0.475,Medium,27546.0
1069,28,Yes,Travel_Frequently,289,Research & Development,2,2,Medical,3,Male,38,2,1,Laboratory Technician,1,Single,2561,5355,7,No,11,3,3,0,8,2,2,0,0,0,0,1,0.9189371536944217,0.0,Low,26-35,0-2,0.938,High,15366.0
1070,28,No,Travel_Rarely,1423,Research & Development,1,3,Life Sciences,1,Male,72,2,1,Research Scientist,3,Divorced,1563,12530,1,No,14,3,4,1,1,2,1,1,0,0,0,0,0.5608351312863652,0.0,Low,26-35,0-2,0.374,Medium,9378.0
1071,28,No,Travel_Frequently,467,Sales,7,3,Life Sciences,3,Male,55,3,2,Sales Executive,1,Single,4898,11827,0,No,14,3,4,0,5,5,3,4,2,1,3,0,0.8901768964568977,0.2,Mid-Low,26-35,3-5,0.561,High,29388.0
1072,49,No,Travel_Rarely,271,Research & Development,3,2,Medical,3,Female,43,2,2,Laboratory Technician,1,Married,4789,23070,4,No,25,4,1,1,10,3,3,3,2,1,2,0,0.870366916523496,0.25,Mid-Low,46-60,3-5,0.43,Medium,28734.0
1073,29,No,Travel_Frequently,410,Research & Development,2,1,Life Sciences,4,Female,97,3,1,Laboratory Technician,2,Married,3180,4668,0,No,13,3,3,3,4,3,3,3,2,0,2,0,1.1410465243062324,0.0,Mid-Low,26-35,3-5,0.176,Low,19080.0
1074,28,No,Travel_Rarely,1083,Research & Development,29,1,Life Sciences,3,Male,96,1,2,Manufacturing Director,2,Married,6549,3173,1,No,14,3,2,2,8,2,2,8,6,1,7,0,1.1902344824206252,0.1111111111111111,Mid-High,26-35,6-10,0.4,Medium,39294.0
1075,33,No,Travel_Rarely,516,Research & Development,8,5,Life Sciences,4,Male,69,3,2,Healthcare Representative,3,Single,6388,22049,2,Yes,17,3,1,0,14,6,3,0,0,0,0,0,1.1609738698584446,0.0,Mid-High,26-35,0-2,0.3,Medium,38328.0
1076,32,No,Travel_Rarely,495,Research & Development,10,3,Medical,3,Male,64,3,3,Manager,4,Single,11244,21072,2,No,25,4,2,0,10,5,4,5,2,0,0,0,1.145330655030159,0.0,High,26-35,3-5,0.033,Low,67464.0
1077,54,No,Travel_Frequently,1050,Research & Development,11,4,Medical,2,Female,87,3,4,Manager,4,Divorced,16032,24456,3,No,20,4,1,1,26,2,3,14,9,1,12,0,1.0340701995435075,0.06666666666666667,High,46-60,10+,0.006,Low,96192.0
1078,29,Yes,Travel_Rarely,224,Research & Development,1,4,Technical Degree,1,Male,100,2,1,Research Scientist,1,Single,2362,7568,6,No,13,3,3,0,11,2,1,9,7,0,7,1,0.8475320410098494,0.0,Low,26-35,6-10,0.877,High,14172.0
1079,44,No,Travel_Rarely,136,Research & Development,28,3,Life Sciences,4,Male,32,3,4,Research Director,1,Married,16328,22074,3,No,13,3,3,1,24,1,4,20,6,14,17,0,1.0531623140061372,0.6666666666666666,High,36-45,10+,0.186,Low,97968.0
1080,39,No,Travel_Rarely,1089,Research & Development,6,3,Life Sciences,2,Female,32,3,3,Manufacturing Director,2,Single,8376,9150,4,No,18,3,4,0,9,3,3,2,0,2,2,0,0.8531918860310043,0.6666666666666666,Mid-High,36-45,0-2,0.127,Low,50256.0
1081,46,No,Travel_Rarely,228,Sales,3,3,Life Sciences,3,Female,51,3,4,Manager,2,Married,16606,11380,8,No,12,3,4,1,23,2,4,13,12,5,1,0,1.0710934215082015,0.35714285714285715,High,46-60,10+,0.064,Low,99636.0
1082,35,No,Travel_Rarely,1029,Research & Development,16,3,Life Sciences,4,Female,91,2,3,Healthcare Representative,2,Single,8606,21195,1,No,19,3,4,0,11,3,1,11,8,3,3,0,0.876620029988398,0.25,High,26-35,10+,0.154,Low,51636.0
1083,23,No,Travel_Rarely,507,Research & Development,20,1,Life Sciences,1,Male,97,3,2,Laboratory Technician,3,Single,2272,24812,0,No,14,3,2,0,5,2,3,4,3,1,2,0,0.4129199487035671,0.2,Low,18-25,3-5,0.755,High,13632.0
1084,40,Yes,Travel_Rarely,676,Research & Development,9,4,Life Sciences,4,Male,86,3,1,Laboratory Technician,1,Single,2018,21831,3,No,14,3,2,0,15,3,1,5,4,1,0,1,0.7240980773742066,0.16666666666666666,Low,36-45,3-5,0.653,High,12108.0
1085,34,No,Travel_Rarely,971,Sales,1,3,Technical Degree,4,Male,64,2,3,Sales Executive,3,Married,7083,12288,1,Yes,14,3,4,0,10,3,3,10,9,8,6,0,0.721484972392264,0.7272727272727273,Mid-High,26-35,6-10,0.736,High,42498.0
1086,31,Yes,Travel_Frequently,561,Research & Development,3,3,Life Sciences,4,Female,33,3,1,Research Scientist,3,Single,4084,4156,1,No,12,3,1,0,7,2,1,7,2,7,7,1,1.465419498511526,0.875,Mid-Low,26-35,6-10,0.352,Medium,24504.0
1087,50,No,Travel_Frequently,333,Research & Development,22,5,Medical,3,Male,88,1,4,Research Director,4,Single,14411,24450,1,Yes,13,3,4,0,32,2,3,32,6,13,9,0,0.9295150727059311,0.3939393939393939,High,46-60,10+,0.953,High,86466.0
1088,34,No,Travel_Rarely,1440,Sales,7,2,Technical Degree,2,Male,55,3,1,Sales Representative,3,Married,2308,4944,0,Yes,25,4,2,1,12,4,3,11,10,5,7,0,0.8281557792763473,0.4166666666666667,Low,26-35,10+,0.842,High,13848.0
1089,42,No,Travel_Rarely,1210,Research & Development,2,3,Medical,3,Male,68,2,1,Laboratory Technician,2,Married,4841,24052,4,No,14,3,2,1,4,3,3,1,0,0,0,0,1.7370459824422864,0.0,Mid-Low,36-45,0-2,0.369,Medium,29046.0
1090,37,No,Travel_Rarely,674,Research & Development,13,3,Medical,1,Male,47,3,2,Research Scientist,4,Married,4285,3031,1,No,17,3,1,0,10,2,3,10,8,3,7,0,0.7787684771984088,0.2727272727272727,Mid-Low,36-45,6-10,0.126,Low,25710.0
1091,29,No,Travel_Rarely,441,Research & Development,8,1,Other,3,Female,39,1,2,Healthcare Representative,1,Married,9715,7288,3,No,13,3,3,1,9,3,3,7,7,0,7,0,1.7656326151651207,0.0,High,26-35,6-10,0.055,Low,58290.0
1092,33,No,Travel_Rarely,575,Research & Development,25,3,Life Sciences,4,Male,44,2,2,Manufacturing Director,2,Single,4320,24152,1,No,13,3,4,0,5,2,3,5,3,0,2,0,0.7851294799293177,0.0,Mid-Low,26-35,3-5,0.252,Medium,25920.0
1093,45,No,Travel_Rarely,950,Research & Development,28,3,Technical Degree,4,Male,97,3,1,Research Scientist,4,Married,2132,4585,4,No,20,4,4,1,8,3,3,5,4,0,3,0,0.7650035188115998,0.0,Low,36-45,3-5,0.132,Low,12792.0
1094,42,No,Travel_Frequently,288,Research & Development,2,3,Life Sciences,4,Male,40,3,3,Healthcare Representative,4,Married,10124,18611,2,Yes,14,3,3,1,24,3,1,20,8,13,9,0,1.0312457801071975,0.6190476190476191,High,36-45,10+,0.771,High,60744.0
1095,40,No,Travel_Rarely,1342,Sales,9,2,Medical,1,Male,47,3,2,Sales Executive,1,Married,5473,19345,0,No,12,3,4,0,9,5,4,8,4,7,1,0,0.9946790841789712,0.7777777777777778,Mid-High,36-45,6-10,0.499,Medium,32838.0
1096,33,No,Travel_Rarely,589,Research & Development,28,4,Life Sciences,2,Male,79,3,2,Laboratory Technician,3,Married,5207,22949,1,Yes,12,3,2,1,15,3,3,15,14,5,7,0,0.9463354634240642,0.3125,Mid-High,26-35,10+,0.708,High,31242.0
1097,40,No,Travel_Rarely,898,Human Resources,6,2,Medical,3,Male,38,3,4,Manager,4,Single,16437,17381,1,Yes,21,4,4,0,21,2,3,21,7,7,7,0,1.0601928561562273,0.3181818181818182,High,36-45,10+,0.339,Medium,98622.0
1098,24,No,Travel_Rarely,350,Research & Development,21,2,Technical Degree,3,Male,57,2,1,Laboratory Technician,1,Divorced,2296,10036,0,No,14,3,2,3,2,3,3,1,1,0,0,0,0.823849943335569,0.0,Low,18-25,0-2,0.802,High,13776.0
1099,40,No,Non-Travel,1142,Research & Development,8,2,Life Sciences,4,Male,72,3,2,Healthcare Representative,4,Divorced,4069,8841,3,Yes,18,3,3,0,8,2,3,2,2,2,2,0,0.739512003201943,0.6666666666666666,Mid-Low,36-45,0-2,0.052,Low,24414.0
1100,45,No,Travel_Rarely,538,Research & Development,1,4,Technical Degree,1,Male,66,3,3,Healthcare Representative,2,Divorced,7441,20933,1,No,12,3,1,3,10,4,3,10,8,7,7,0,0.7579513877694248,0.6363636363636364,Mid-High,36-45,6-10,0.234,Low,44646.0
1101,35,No,Travel_Rarely,1402,Sales,28,4,Life Sciences,2,Female,98,2,1,Sales Representative,3,Married,2430,26204,0,No,23,4,1,2,6,5,3,5,3,4,2,0,0.8719317780075927,0.6666666666666666,Low,26-35,3-5,0.465,Medium,14580.0
1102,32,No,Travel_Rarely,824,Research & Development,5,2,Life Sciences,4,Female,67,2,2,Research Scientist,2,Married,5878,15624,3,No,12,3,1,1,12,2,3,7,1,2,5,0,1.0682849729223447,0.25,Mid-High,26-35,6-10,0.128,Low,35268.0
1103,36,No,Travel_Rarely,1157,Sales,2,4,Life Sciences,3,Male,70,3,1,Sales Representative,4,Single,2644,17001,3,Yes,21,4,4,0,7,3,2,3,2,1,2,0,0.9487191856181378,0.25,Low,36-45,3-5,0.782,High,15864.0
1104,48,No,Travel_Rarely,492,Sales,16,4,Life Sciences,3,Female,96,3,2,Sales Executive,3,Divorced,6439,13693,8,No,14,3,3,1,18,2,3,8,7,7,7,0,1.1702427595520548,0.7777777777777778,Mid-High,46-60,6-10,0.076,Low,38634.0
1105,29,No,Travel_Rarely,598,Research & Development,9,3,Life Sciences,3,Male,91,4,1,Research Scientist,3,Married,2451,22376,6,No,18,3,1,2,5,2,2,1,0,0,0,0,0.8794669909039545,0.0,Low,26-35,0-2,0.538,High,14706.0
1106,33,No,Travel_Rarely,1242,Sales,8,4,Life Sciences,1,Male,46,3,2,Sales Executive,1,Married,6392,10589,2,No,13,3,4,1,8,6,1,2,2,2,2,0,1.1617008415991201,0.6666666666666666,Mid-High,26-35,0-2,0.31,Medium,38352.0
1107,30,Yes,Travel_Rarely,740,Sales,1,3,Life Sciences,2,Male,64,2,2,Sales Executive,1,Married,9714,5323,1,No,11,3,4,1,10,4,3,10,8,6,7,1,1.7654508722299518,0.5454545454545454,High,26-35,6-10,0.205,Low,58284.0
1108,38,No,Travel_Frequently,888,Human Resources,10,4,Human Resources,3,Male,71,3,2,Human Resources,3,Married,6077,14814,3,No,11,3,3,0,10,2,3,6,3,1,2,0,1.1044518170209405,0.14285714285714285,Mid-High,36-45,6-10,0.547,High,36462.0
1109,35,No,Travel_Rarely,992,Research & Development,1,3,Medical,4,Male,68,2,1,Laboratory Technician,1,Single,2450,21731,1,No,19,3,2,0,3,3,3,3,0,1,2,0,0.8791081712422231,0.25,Low,26-35,3-5,0.62,High,14700.0
1110,30,No,Travel_Rarely,1288,Sales,29,4,Technical Degree,3,Male,33,3,3,Sales Executive,2,Married,9250,17799,3,No,12,3,2,1,9,3,3,4,2,1,3,0,0.9422188330691009,0.2,High,26-35,3-5,0.709,High,55500.0
1111,35,Yes,Travel_Rarely,104,Research & Development,2,3,Life Sciences,1,Female,69,3,1,Laboratory Technician,1,Divorced,2074,26619,1,Yes,12,3,4,1,1,2,3,1,0,0,0,1,0.7441919784311717,0.0,Low,26-35,0-2,0.814,High,12444.0
1112,53,Yes,Travel_Rarely,607,Research & Development,2,5,Technical Degree,3,Female,78,2,3,Manufacturing Director,4,Married,10169,14618,0,No,16,3,2,1,34,4,3,33,7,1,9,1,1.0358295474032093,0.029411764705882353,High,46-60,10+,0.01,Low,61014.0
1113,38,Yes,Travel_Rarely,903,Research & Development,2,3,Medical,3,Male,81,3,2,Manufacturing Director,2,Married,4855,7653,4,No,11,3,1,2,7,2,3,5,2,1,4,1,0.8823619502446383,0.16666666666666666,Mid-Low,36-45,3-5,0.053,Low,29130.0
1114,32,No,Non-Travel,1200,Research & Development,1,4,Technical Degree,4,Male,62,3,2,Research Scientist,1,Married,4087,25174,4,No,14,3,2,1,9,3,2,6,5,1,2,0,0.7427833760349818,0.14285714285714285,Mid-Low,26-35,6-10,0.199,Low,24522.0
1115,48,No,Travel_Rarely,1108,Research & Development,15,4,Other,3,Female,65,3,1,Research Scientist,1,Married,2367,16530,8,No,12,3,4,1,10,3,2,8,2,7,6,0,0.849326139318507,0.7777777777777778,Low,46-60,6-10,0.658,High,14202.0
1116,34,No,Travel_Rarely,479,Research & Development,7,4,Medical,1,Male,35,3,1,Research Scientist,4,Single,2972,22061,1,No,13,3,3,0,1,4,1,1,0,0,0,0,1.0664120346660764,0.0,Mid-Low,26-35,0-2,0.659,High,17832.0
1117,55,No,Travel_Rarely,685,Sales,26,5,Marketing,3,Male,60,2,5,Manager,4,Married,19586,23037,1,No,21,4,3,1,36,3,3,36,6,2,13,0,1.0205386351073376,0.05405405405405406,High,46-60,10+,0.082,Low,117516.0
1118,34,No,Travel_Rarely,1351,Research & Development,1,4,Life Sciences,2,Male,45,3,2,Research Scientist,4,Married,5484,13008,9,No,17,3,2,1,9,3,2,2,2,2,1,0,0.9966782564658283,0.6666666666666666,Mid-High,26-35,0-2,0.191,Low,32904.0
1119,26,No,Travel_Rarely,474,Research & Development,3,3,Life Sciences,1,Female,89,3,1,Research Scientist,4,Married,2061,11133,1,No,21,4,1,0,1,5,3,1,0,0,0,0,0.739527322828662,0.0,Low,26-35,0-2,0.164,Low,12366.0
1120,38,No,Travel_Rarely,1245,Sales,14,3,Life Sciences,3,Male,80,3,2,Sales Executive,2,Married,9924,12355,0,No,11,3,4,1,10,3,3,9,8,7,7,0,1.8036168886154047,0.7,High,36-45,6-10,0.096,Low,59544.0
1121,38,No,Travel_Rarely,437,Sales,16,3,Life Sciences,2,Female,90,3,2,Sales Executive,2,Single,4198,16379,2,No,12,3,2,0,8,5,4,3,2,1,2,0,0.7629568418387213,0.25,Mid-Low,36-45,3-5,0.39,Medium,25188.0
1122,36,No,Travel_Rarely,884,Sales,1,4,Life Sciences,2,Female,73,3,2,Sales Executive,3,Single,6815,21447,6,No,13,3,1,0,15,5,3,1,0,0,0,0,1.2385781031755323,0.0,Mid-High,36-45,0-2,0.334,Medium,40890.0
1123,29,No,Travel_Rarely,1370,Research & Development,3,1,Medical,2,Male,87,3,1,Laboratory Technician,1,Single,4723,16213,1,Yes,18,3,4,0,10,3,3,10,9,1,5,0,1.694705262357967,0.09090909090909091,Mid-Low,26-35,6-10,0.526,High,28338.0
1124,35,No,Travel_Rarely,670,Research & Development,10,4,Medical,1,Female,51,3,2,Healthcare Representative,3,Single,6142,4223,3,Yes,16,3,3,0,10,4,3,5,2,0,4,0,1.1162651078069141,0.0,Mid-High,26-35,3-5,0.618,High,36852.0
1125,39,No,Travel_Rarely,1462,Sales,6,3,Medical,4,Male,38,4,3,Sales Executive,3,Married,8237,4658,2,No,11,3,1,1,11,3,3,7,6,7,6,0,0.8390331381611009,0.875,Mid-High,36-45,6-10,0.115,Low,49422.0
1126,29,No,Travel_Frequently,995,Research & Development,2,1,Life Sciences,1,Male,87,3,2,Healthcare Representative,4,Divorced,8853,24483,1,No,19,3,4,1,6,0,4,6,4,1,3,0,1.6089702050495946,0.14285714285714285,High,26-35,6-10,0.036,Low,53118.0
1127,50,No,Travel_Rarely,264,Sales,9,3,Marketing,3,Male,59,3,5,Manager,3,Married,19331,19519,4,Yes,16,3,3,1,27,2,3,1,0,0,0,0,1.0072517285438547,0.0,High,46-60,0-2,0.217,Low,115986.0
1128,23,No,Travel_Rarely,977,Research & Development,10,3,Technical Degree,4,Male,45,4,1,Research Scientist,3,Married,2073,12826,2,No,16,3,4,1,4,2,3,2,2,2,2,0,0.7438331587694401,0.6666666666666666,Low,18-25,0-2,0.225,Low,12438.0
1129,36,No,Travel_Frequently,1302,Research & Development,6,4,Life Sciences,1,Male,80,4,2,Laboratory Technician,1,Married,5562,19711,3,Yes,13,3,4,1,9,3,3,3,2,0,2,0,1.0108542054089964,0.0,Mid-High,36-45,3-5,0.832,High,33372.0
1130,42,No,Travel_Rarely,1059,Research & Development,9,2,Other,4,Male,93,2,5,Manager,4,Single,19613,26362,8,No,22,4,4,0,24,2,3,1,0,0,1,0,1.0219454840375886,0.0,High,36-45,0-2,0.089,Low,117678.0
1131,35,No,Travel_Rarely,750,Research & Development,28,3,Life Sciences,2,Male,46,4,2,Laboratory Technician,3,Married,3407,25348,1,No,17,3,4,2,10,3,2,10,9,6,8,0,0.6191981801201818,0.5454545454545454,Mid-Low,26-35,6-10,0.25,Low,20442.0
1132,34,No,Travel_Frequently,653,Research & Development,10,4,Technical Degree,4,Male,92,2,2,Healthcare Representative,3,Married,5063,15332,1,No,14,3,2,1,8,3,2,8,2,7,7,0,0.9201644807597535,0.7777777777777778,Mid-High,26-35,6-10,0.64,High,30378.0
1133,40,No,Travel_Rarely,118,Sales,14,2,Life Sciences,4,Female,84,3,2,Sales Executive,1,Married,4639,11262,1,No,15,3,3,1,5,2,3,5,4,1,2,0,0.8431054762481723,0.16666666666666666,Mid-Low,36-45,3-5,0.245,Low,27834.0
1134,43,No,Travel_Rarely,990,Research & Development,27,3,Technical Degree,4,Male,87,4,1,Laboratory Technician,2,Divorced,4876,5855,5,No,12,3,3,1,8,0,3,6,4,0,2,0,1.7496046706028896,0.0,Mid-Low,36-45,6-10,0.403,Medium,29256.0
1135,35,No,Travel_Rarely,1349,Research & Development,7,2,Life Sciences,3,Male,63,2,1,Laboratory Technician,4,Married,2690,7713,1,No,18,3,4,1,1,5,2,1,0,0,1,0,0.9652248900577878,0.0,Low,26-35,0-2,0.149,Low,16140.0
1136,46,No,Travel_Rarely,563,Sales,1,4,Life Sciences,4,Male,56,4,4,Manager,1,Single,17567,3156,1,No,15,3,2,0,27,5,1,26,0,0,12,0,1.1330782931250498,0.0,High,46-60,10+,0.07,Low,105402.0
1137,28,Yes,Travel_Rarely,329,Research & Development,24,3,Medical,3,Male,51,3,1,Laboratory Technician,2,Married,2408,7324,1,Yes,17,3,3,3,1,3,3,1,1,0,0,1,0.8640377454494992,0.0,Low,26-35,0-2,0.891,High,14448.0
1138,22,No,Non-Travel,457,Research & Development,26,2,Other,2,Female,85,2,1,Research Scientist,3,Married,2814,10293,1,Yes,14,3,2,0,4,2,2,4,2,1,3,0,1.0097185281124963,0.2,Low,18-25,3-5,0.792,High,16884.0
1139,50,No,Travel_Frequently,1234,Research & Development,20,5,Medical,2,Male,41,3,4,Healthcare Representative,3,Married,11245,20689,2,Yes,15,3,3,1,32,3,3,30,8,12,13,0,0.7253068484198317,0.3870967741935484,High,46-60,10+,0.814,High,67470.0
1140,32,No,Travel_Rarely,634,Research & Development,5,4,Other,2,Female,35,4,1,Research Scientist,4,Married,3312,18783,3,No,17,3,4,2,6,3,3,3,2,0,2,0,1.188410719654793,0.0,Mid-Low,26-35,3-5,0.03,Low,19872.0
1141,44,No,Travel_Rarely,1313,Research & Development,7,3,Medical,2,Female,31,3,5,Research Director,4,Divorced,19049,3549,0,Yes,14,3,4,1,23,4,2,22,7,1,10,0,0.9925579730501211,0.043478260869565216,High,36-45,10+,0.017,Low,114294.0
1142,30,No,Travel_Rarely,241,Research & Development,7,3,Medical,2,Male,48,2,1,Research Scientist,2,Married,2141,5348,1,No,12,3,2,1,6,3,2,6,4,1,1,0,0.7682328957671835,0.14285714285714285,Low,26-35,6-10,0.484,Medium,12846.0
1143,45,No,Travel_Rarely,1015,Research & Development,5,5,Medical,3,Female,50,1,2,Laboratory Technician,1,Single,5769,23447,1,Yes,14,3,1,0,10,3,3,10,7,1,4,0,1.048474992988943,0.09090909090909091,Mid-High,36-45,6-10,0.882,High,34614.0
1144,45,No,Non-Travel,336,Sales,26,3,Marketing,1,Male,52,2,2,Sales Executive,1,Married,4385,24162,1,No,15,3,1,1,10,2,3,10,7,4,5,0,0.7969427707152912,0.36363636363636365,Mid-Low,36-45,6-10,0.641,High,26310.0
1145,31,No,Travel_Frequently,715,Sales,2,4,Other,4,Male,54,3,2,Sales Executive,1,Single,5332,21602,7,No,13,3,4,0,10,3,3,5,2,0,3,0,0.969053330320167,0.0,Mid-High,26-35,3-5,0.614,High,31992.0
1146,36,No,Travel_Rarely,559,Research & Development,12,4,Life Sciences,3,Female,76,3,2,Manufacturing Director,3,Married,4663,12421,9,Yes,12,3,2,2,7,2,3,3,2,1,1,0,0.8474673066922241,0.25,Mid-Low,36-45,3-5,0.739,High,27978.0
1147,34,No,Travel_Frequently,426,Research & Development,10,4,Life Sciences,3,Male,42,4,2,Manufacturing Director,4,Divorced,4724,17000,1,No,13,3,1,1,9,3,3,9,7,7,2,0,0.8585536257375224,0.7,Mid-Low,26-35,6-10,0.063,Low,28344.0
1148,49,No,Travel_Rarely,722,Research & Development,25,4,Life Sciences,3,Female,84,3,1,Laboratory Technician,1,Married,3211,22102,1,No,14,3,4,1,10,3,2,9,6,1,4,0,1.1521699338199094,0.1,Mid-Low,46-60,6-10,0.249,Low,19266.0
1149,39,No,Travel_Rarely,1387,Research & Development,10,5,Medical,2,Male,76,3,2,Manufacturing Director,1,Married,5377,3835,2,No,13,3,4,3,10,3,3,7,7,7,7,0,0.9772317624027641,0.875,Mid-High,36-45,6-10,0.101,Low,32262.0
1150,27,No,Travel_Rarely,1302,Research & Development,19,3,Other,4,Male,67,2,1,Laboratory Technician,1,Divorced,4066,16290,1,No,11,3,1,2,7,3,3,7,7,0,7,0,1.4589607446003587,0.0,Mid-Low,26-35,6-10,0.084,Low,24396.0
1151,35,No,Travel_Rarely,819,Research & Development,18,5,Life Sciences,2,Male,48,4,2,Research Scientist,1,Married,5208,26312,1,No,11,3,4,0,16,2,3,16,15,1,10,0,0.946517206359233,0.058823529411764705,Mid-High,26-35,10+,0.055,Low,31248.0
1152,28,No,Travel_Rarely,580,Research & Development,27,3,Medical,2,Female,39,1,2,Manufacturing Director,1,Divorced,4877,20460,0,No,21,4,2,1,6,5,2,5,3,0,0,0,0.8863602948183524,0.0,Mid-Low,26-35,3-5,0.337,Medium,29262.0
1153,21,No,Travel_Rarely,546,Research & Development,5,1,Medical,3,Male,97,3,1,Research Scientist,4,Single,3117,26009,1,No,18,3,3,0,3,2,3,2,2,2,2,0,1.1184408856171466,0.6666666666666666,Mid-Low,18-25,0-2,0.213,Low,18702.0
1154,18,Yes,Travel_Frequently,544,Sales,3,2,Medical,2,Female,70,3,1,Sales Representative,4,Single,1569,18420,1,Yes,12,3,3,0,0,2,4,0,0,0,0,1,0.5629880492567543,0.0,Low,18-25,0-2,0.974,High,9414.0
1155,47,No,Travel_Rarely,1176,Human Resources,26,4,Life Sciences,4,Female,98,3,5,Manager,3,Married,19658,5220,3,No,11,3,3,1,27,2,3,5,2,1,0,0,1.0242902322546736,0.16666666666666666,High,46-60,3-5,0.007,Low,117948.0
1156,39,No,Travel_Rarely,170,Research & Development,3,2,Medical,3,Male,76,2,2,Laboratory Technician,3,Divorced,3069,10302,0,No,15,3,4,1,11,3,3,10,8,0,7,0,0.5577690680331194,0.0,Mid-Low,36-45,6-10,0.042,Low,18414.0
1157,40,No,Travel_Rarely,884,Research & Development,15,3,Life Sciences,1,Female,80,2,3,Manufacturing Director,3,Married,10435,25800,1,No,13,3,4,2,18,2,3,18,15,14,12,0,1.0629247051974127,0.7368421052631579,High,36-45,10+,0.261,Medium,62610.0
1158,35,No,Non-Travel,208,Research & Development,8,4,Life Sciences,3,Female,52,3,2,Healthcare Representative,3,Married,4148,12250,1,No,12,3,4,1,15,5,3,14,11,2,9,0,0.75386969508028,0.13333333333333333,Mid-Low,26-35,10+,0.002,Low,24888.0
1159,37,No,Travel_Rarely,671,Research & Development,19,3,Life Sciences,3,Male,85,3,2,Manufacturing Director,3,Married,5768,26493,3,No,17,3,1,3,9,2,2,4,3,0,2,0,1.048293250053774,0.0,Mid-High,36-45,3-5,0.251,Medium,34608.0
1160,39,No,Travel_Frequently,711,Research & Development,4,3,Medical,1,Female,81,3,2,Manufacturing Director,3,Single,5042,3140,0,No,13,3,4,0,10,2,1,9,2,3,8,0,0.9163478791212083,0.3,Mid-High,36-45,6-10,0.483,Medium,30252.0
1161,45,No,Travel_Rarely,1329,Research & Development,2,2,Other,4,Female,59,2,2,Manufacturing Director,4,Divorced,5770,5388,1,No,19,3,1,2,10,3,3,10,7,3,9,0,1.048656735924112,0.2727272727272727,Mid-High,36-45,6-10,0.015,Low,34620.0
1162,38,No,Travel_Rarely,397,Research & Development,2,2,Medical,4,Female,54,2,3,Manufacturing Director,3,Married,7756,14199,3,Yes,19,3,4,1,10,6,4,5,4,0,2,0,0.7900377588415077,0.0,Mid-High,36-45,3-5,0.058,Low,46536.0
1163,35,Yes,Travel_Rarely,737,Sales,10,3,Medical,4,Male,55,2,3,Sales Executive,1,Married,10306,21530,9,No,17,3,3,0,15,3,3,13,12,6,0,1,1.0497845722821788,0.42857142857142855,High,26-35,10+,0.598,High,61836.0
1164,37,No,Travel_Rarely,1470,Research & Development,10,3,Medical,2,Female,71,3,1,Research Scientist,2,Married,3936,9953,1,No,11,3,1,1,8,2,1,8,4,7,7,0,1.4123141885752613,0.7777777777777778,Mid-Low,36-45,6-10,0.482,Medium,23616.0
1165,40,No,Travel_Rarely,448,Research & Development,16,3,Life Sciences,3,Female,84,3,3,Manufacturing Director,4,Single,7945,19948,6,Yes,15,3,4,0,18,2,2,4,2,3,3,0,0.8092895814847575,0.6,Mid-High,36-45,3-5,0.563,High,47670.0
1166,44,No,Travel_Frequently,602,Human Resources,1,5,Human Resources,1,Male,37,3,2,Human Resources,4,Married,5743,10503,4,Yes,11,3,3,0,14,3,3,10,7,0,2,0,1.0437496766745535,0.0,Mid-High,36-45,6-10,0.781,High,34458.0
1167,48,No,Travel_Frequently,365,Research & Development,4,5,Medical,3,Male,89,2,4,Manager,4,Married,15202,5602,2,No,25,4,2,1,23,3,3,2,2,2,2,0,0.9805348785841069,0.6666666666666666,High,46-60,0-2,0.044,Low,91212.0
1168,35,Yes,Travel_Rarely,763,Sales,15,2,Medical,1,Male,59,1,2,Sales Executive,4,Divorced,5440,22098,6,Yes,14,3,4,2,7,2,2,2,2,2,2,1,0.9886815673184001,0.6666666666666666,Mid-High,26-35,0-2,0.809,High,32640.0
1169,24,No,Travel_Frequently,567,Research & Development,2,1,Technical Degree,1,Female,32,3,1,Research Scientist,4,Single,3760,17218,1,Yes,13,3,3,0,6,2,3,6,3,1,3,0,1.3491619281105138,0.14285714285714285,Mid-Low,18-25,6-10,0.883,High,22560.0
1170,27,No,Travel_Rarely,486,Research & Development,8,3,Medical,2,Female,86,4,1,Research Scientist,3,Married,3517,22490,7,No,17,3,1,0,5,0,3,3,2,0,2,0,1.2619687503097545,0.0,Mid-Low,26-35,3-5,0.332,Medium,21102.0
1171,27,No,Travel_Frequently,591,Research & Development,2,3,Medical,4,Male,87,3,1,Research Scientist,4,Single,2580,6297,2,No,13,3,3,0,6,0,2,4,2,1,2,0,0.9257547272673206,0.2,Low,26-35,3-5,0.481,Medium,15480.0
1172,40,Yes,Travel_Rarely,1329,Research & Development,7,3,Life Sciences,1,Male,73,3,1,Laboratory Technician,1,Single,2166,3339,3,Yes,14,3,2,0,10,3,1,4,2,0,3,1,0.7772033873104714,0.0,Low,36-45,3-5,0.981,High,12996.0
1173,29,No,Travel_Rarely,469,Sales,10,3,Medical,3,Male,42,2,2,Sales Executive,3,Single,5869,23413,9,No,11,3,3,0,8,2,3,5,2,1,4,0,1.0666492865058252,0.16666666666666666,Mid-High,26-35,3-5,0.768,High,35214.0
1174,36,No,Travel_Rarely,711,Research & Development,5,4,Life Sciences,2,Female,42,3,3,Healthcare Representative,1,Married,8008,22792,4,No,12,3,3,2,9,6,3,3,2,0,2,0,0.815706855699174,0.0,Mid-High,36-45,3-5,0.08,Low,48048.0
1175,25,No,Travel_Frequently,772,Research & Development,2,1,Life Sciences,4,Male,77,4,2,Manufacturing Director,3,Divorced,5206,4973,1,No,17,3,3,2,7,6,3,7,7,0,7,0,0.9461537204888953,0.0,Mid-High,18-25,6-10,0.007,Low,31236.0
1176,39,No,Travel_Rarely,492,Research & Development,12,3,Medical,4,Male,66,3,2,Manufacturing Director,2,Married,5295,7693,4,No,21,4,3,0,7,3,3,5,4,1,0,0,0.9623288417189206,0.16666666666666666,Mid-High,36-45,3-5,0.152,Low,31770.0
1177,49,No,Travel_Rarely,301,Research & Development,22,4,Other,1,Female,72,3,4,Research Director,2,Married,16413,3498,3,No,16,3,2,2,27,2,3,4,2,1,2,0,1.0586448468754734,0.2,High,46-60,3-5,0.032,Low,98478.0
1178,50,No,Travel_Rarely,813,Research & Development,17,5,Life Sciences,4,Female,50,2,3,Research Director,1,Divorced,13269,21981,5,No,15,3,3,3,19,3,3,14,11,1,11,0,1.3516001833506919,0.06666666666666667,High,46-60,10+,0.002,Low,79614.0
1179,20,No,Travel_Rarely,1141,Sales,2,3,Medical,3,Female,31,3,1,Sales Representative,3,Single,2783,13251,1,No,19,3,1,0,2,3,3,2,2,2,2,0,0.9985951185988191,0.6666666666666666,Low,18-25,0-2,0.511,High,16698.0
1180,34,No,Travel_Rarely,1130,Research & Development,3,3,Life Sciences,4,Female,66,3,2,Research Scientist,2,Divorced,5433,19332,1,No,12,3,3,1,11,2,3,11,8,7,9,0,0.9874093667722182,0.5833333333333334,Mid-High,26-35,10+,0.023,Low,32598.0
1181,36,No,Travel_Rarely,311,Research & Development,7,3,Life Sciences,1,Male,77,3,1,Laboratory Technician,2,Single,2013,10950,2,No,11,3,3,0,15,4,3,4,3,1,3,0,0.722303979065549,0.2,Low,36-45,3-5,0.511,High,12078.0
1182,49,No,Travel_Rarely,465,Research & Development,6,1,Life Sciences,3,Female,41,2,4,Healthcare Representative,3,Married,13966,11652,2,Yes,19,3,2,1,30,3,3,15,11,2,12,0,0.9008124006252886,0.125,High,46-60,10+,0.1,Low,83796.0
1183,36,No,Non-Travel,894,Research & Development,1,4,Medical,4,Female,33,2,2,Manufacturing Director,3,Married,4374,15411,0,No,15,3,3,0,4,6,3,3,2,1,2,0,0.7949435984284341,0.25,Mid-Low,36-45,3-5,0.018,Low,26244.0
1184,36,No,Travel_Rarely,1040,Research & Development,3,2,Life Sciences,4,Male,79,4,2,Healthcare Representative,1,Divorced,6842,26308,6,No,20,4,1,1,13,3,3,5,4,0,4,0,1.2434851624250907,0.0,Mid-High,36-45,3-5,0.033,Low,41052.0
1185,54,No,Travel_Rarely,584,Research & Development,22,5,Medical,2,Female,91,3,4,Manager,3,Married,17426,18685,3,No,25,4,3,1,36,6,3,10,8,4,7,0,1.1239837386006215,0.36363636363636365,High,46-60,6-10,0.004,Low,104556.0
1186,43,No,Travel_Rarely,1291,Research & Development,15,2,Life Sciences,3,Male,65,2,4,Research Director,3,Married,17603,3525,1,No,24,4,1,1,14,3,3,14,10,6,11,0,1.1354003070461804,0.4,High,36-45,10+,0.018,Low,105618.0
1187,35,Yes,Travel_Frequently,880,Sales,12,4,Other,4,Male,36,3,2,Sales Executive,4,Single,4581,10414,3,Yes,24,4,1,0,13,2,4,11,9,6,7,1,0.8325643860083806,0.5,Mid-Low,26-35,10+,0.716,High,27486.0
1188,38,No,Travel_Frequently,1189,Research & Development,1,3,Life Sciences,4,Male,90,3,2,Research Scientist,4,Married,4735,9867,7,No,15,3,4,2,19,4,4,13,11,2,9,0,0.8605527980243795,0.14285714285714285,Mid-Low,36-45,10+,0.008,Low,28410.0
1189,29,No,Travel_Rarely,991,Sales,5,3,Medical,1,Male,43,2,2,Sales Executive,2,Divorced,4187,3356,1,Yes,13,3,2,1,10,3,2,10,0,0,9,0,0.7609576695518642,0.0,Mid-Low,26-35,6-10,0.723,High,25122.0
1190,33,No,Travel_Rarely,392,Sales,2,4,Medical,4,Male,93,3,2,Sales Executive,4,Divorced,5505,3921,1,No,14,3,3,2,6,5,3,6,2,0,4,0,1.0004948581043736,0.0,Mid-High,26-35,6-10,0.026,Low,33030.0
1191,32,No,Travel_Rarely,977,Research & Development,2,3,Medical,4,Male,45,3,2,Research Scientist,2,Divorced,5470,25518,0,No,13,3,3,2,10,4,2,9,5,1,6,0,0.9941338553734648,0.1,Mid-High,26-35,6-10,0.027,Low,32820.0
1192,31,No,Travel_Rarely,1112,Sales,5,4,Life Sciences,1,Female,67,3,2,Sales Executive,4,Married,5476,22589,1,No,11,3,1,2,10,2,3,10,0,0,2,0,0.9952243129844777,0.0,Mid-High,26-35,6-10,0.245,Low,32856.0
1193,49,No,Travel_Rarely,464,Research & Development,16,3,Medical,4,Female,74,3,1,Laboratory Technician,1,Divorced,2587,24941,4,Yes,16,3,2,1,17,2,2,2,2,2,2,0,0.9282664648994412,0.6666666666666666,Low,46-60,0-2,0.663,High,15522.0
1194,38,No,Travel_Frequently,148,Research & Development,2,3,Medical,4,Female,42,2,1,Laboratory Technician,2,Single,2440,23826,1,No,22,4,2,0,4,3,3,4,3,3,3,0,0.8755199746249078,0.6,Low,36-45,3-5,0.682,High,14640.0
1195,47,No,Travel_Rarely,1225,Sales,2,4,Life Sciences,2,Female,47,4,4,Manager,2,Divorced,15972,21086,6,No,14,3,3,3,29,2,3,3,2,1,2,0,1.030200176341623,0.25,High,46-60,3-5,0.014,Low,95832.0
1196,49,No,Travel_Rarely,809,Research & Development,1,3,Life Sciences,3,Male,36,3,4,Manager,3,Single,15379,22384,4,No,14,3,1,0,23,2,3,8,7,0,0,0,0.9919514470296659,0.0,High,46-60,6-10,0.056,Low,92274.0
1197,41,No,Travel_Rarely,1206,Sales,23,2,Life Sciences,4,Male,80,3,3,Sales Executive,3,Single,7082,11591,3,Yes,16,3,4,0,21,2,3,2,0,0,2,0,0.721383110896797,0.0,Mid-High,36-45,0-2,0.47,Medium,42492.0
1198,20,No,Travel_Rarely,727,Sales,9,1,Life Sciences,4,Male,54,3,1,Sales Representative,1,Single,2728,21082,1,No,11,3,1,0,2,3,3,2,2,0,2,0,0.9788600372035855,0.0,Low,18-25,0-2,0.784,High,16368.0
1199,33,No,Non-Travel,530,Sales,16,3,Life Sciences,3,Female,36,3,2,Sales Executive,4,Divorced,5368,16130,1,Yes,25,4,3,1,7,2,3,6,5,1,2,0,0.9755960759862448,0.14285714285714285,Mid-High,26-35,6-10,0.159,Low,32208.0
1200,36,No,Travel_Rarely,1351,Research & Development,26,4,Life Sciences,1,Male,80,3,2,Healthcare Representative,3,Married,5347,7419,6,No,14,3,2,2,10,2,2,3,2,0,2,0,0.9717794743476994,0.0,Mid-High,36-45,3-5,0.382,Medium,32082.0
1201,44,No,Travel_Rarely,528,Human Resources,1,3,Life Sciences,3,Female,44,3,1,Human Resources,4,Divorced,3195,4167,4,Yes,18,3,1,3,8,2,3,2,2,2,2,0,1.1464288192322052,0.6666666666666666,Mid-Low,36-45,0-2,0.26,Medium,19170.0
1202,23,Yes,Travel_Rarely,1320,Research & Development,8,1,Medical,4,Male,93,2,1,Laboratory Technician,3,Single,3989,20586,1,Yes,11,3,1,0,5,2,3,5,4,1,2,1,1.4313316306470318,0.16666666666666666,Mid-Low,18-25,3-5,0.747,High,23934.0
1203,38,No,Travel_Rarely,1495,Research & Development,4,2,Medical,4,Female,87,3,1,Laboratory Technician,3,Married,3306,26176,7,No,19,3,4,1,7,5,2,0,0,0,0,0,1.1862578016844039,0.0,Mid-Low,36-45,0-2,0.1,Low,19836.0
1204,53,No,Travel_Rarely,1395,Research & Development,24,4,Medical,2,Male,48,4,3,Healthcare Representative,4,Married,7005,3458,3,No,15,3,3,0,11,2,3,4,3,1,2,0,0.7135397757458434,0.2,Mid-High,46-60,3-5,0.099,Low,42030.0
1205,48,Yes,Travel_Frequently,708,Sales,7,2,Medical,4,Female,95,3,1,Sales Representative,3,Married,2655,11740,2,Yes,11,3,3,2,19,3,3,9,7,7,7,1,0.9526662018971845,0.7,Low,46-60,6-10,0.616,High,15930.0
1206,32,Yes,Travel_Rarely,1259,Research & Development,2,4,Life Sciences,4,Male,95,3,1,Laboratory Technician,2,Single,1393,24852,1,No,12,3,1,0,1,2,3,1,0,0,0,1,0.4998357887920068,0.0,Low,26-35,0-2,0.509,High,8358.0
1207,26,No,Non-Travel,786,Research & Development,7,3,Medical,4,Male,76,3,1,Laboratory Technician,4,Single,2570,11925,1,No,20,4,3,0,7,5,3,7,7,5,7,0,0.9221665306500054,0.625,Low,26-35,6-10,0.02,Low,15420.0
1208,55,No,Travel_Rarely,1441,Research & Development,22,3,Technical Degree,1,Male,94,2,1,Research Scientist,2,Divorced,3537,23737,5,No,12,3,4,1,8,1,3,4,2,1,2,0,1.2691451435443848,0.2,Mid-Low,46-60,3-5,0.65,High,21222.0
1209,34,No,Travel_Rarely,1157,Research & Development,5,2,Medical,2,Male,57,2,2,Laboratory Technician,4,Married,3986,11912,1,No,14,3,3,1,15,3,4,15,10,4,13,0,0.7244273395829306,0.25,Mid-Low,26-35,10+,0.045,Low,23916.0
1210,60,No,Travel_Rarely,370,Research & Development,1,4,Medical,3,Male,92,1,3,Healthcare Representative,4,Divorced,10883,20467,3,No,20,4,3,1,19,2,4,1,0,0,0,0,1.1085586551665974,0.0,High,46-60,0-2,0.012,Low,65298.0
1211,33,No,Travel_Rarely,267,Research & Development,21,3,Medical,2,Male,79,4,1,Laboratory Technician,2,Married,2028,13637,1,No,18,3,4,3,14,6,3,14,11,2,13,0,0.7276862739915217,0.13333333333333333,Low,26-35,10+,0.06,Low,12168.0
1212,37,No,Travel_Frequently,1278,Sales,1,4,Medical,3,Male,31,1,2,Sales Executive,4,Divorced,9525,7677,1,No,14,3,3,2,6,2,2,6,3,1,3,0,1.7311014574830441,0.14285714285714285,High,36-45,6-10,0.247,Low,57150.0
1213,34,No,Travel_Rarely,678,Research & Development,19,3,Life Sciences,2,Female,35,2,1,Research Scientist,4,Married,2929,20338,1,No,12,3,2,0,10,3,3,10,9,8,7,0,1.050982789211621,0.7272727272727273,Mid-Low,26-35,6-10,0.183,Low,17574.0
1214,23,Yes,Travel_Rarely,427,Sales,7,3,Life Sciences,3,Male,99,3,1,Sales Representative,4,Divorced,2275,25103,1,Yes,21,4,2,1,3,2,3,3,2,0,2,1,0.8163147304392071,0.0,Low,18-25,3-5,0.661,High,13650.0
1215,44,No,Travel_Rarely,921,Research & Development,2,3,Life Sciences,3,Female,96,4,3,Healthcare Representative,4,Married,7879,14810,1,Yes,19,3,2,1,9,2,3,8,7,6,7,0,0.80256672278394,0.6666666666666666,Mid-High,36-45,6-10,0.061,Low,47274.0
1216,35,No,Travel_Frequently,146,Research & Development,2,4,Medical,1,Male,79,2,1,Research Scientist,4,Single,4930,13970,0,Yes,14,3,3,0,6,2,4,5,4,1,4,0,1.7689809323363916,0.16666666666666666,Mid-High,26-35,3-5,0.575,High,29580.0
1217,43,No,Travel_Rarely,1179,Sales,2,3,Medical,4,Male,73,3,2,Sales Executive,4,Married,7847,6069,1,Yes,17,3,1,1,10,3,3,10,9,8,8,0,1.4261368122697582,0.7272727272727273,Mid-High,36-45,6-10,0.211,Low,47082.0
1218,24,No,Travel_Rarely,581,Research & Development,9,3,Medical,3,Male,62,4,1,Research Scientist,3,Married,4401,17616,1,No,16,3,4,1,5,1,3,5,3,0,4,0,1.579165331280418,0.0,Mid-Low,18-25,3-5,0.048,Low,26406.0
1219,41,No,Travel_Rarely,918,Sales,6,3,Marketing,4,Male,35,3,3,Sales Executive,3,Single,9241,15869,1,No,12,3,2,0,10,3,3,10,8,8,7,0,0.9413020796098985,0.7272727272727273,High,36-45,6-10,0.351,Medium,55446.0
1220,29,No,Travel_Rarely,1082,Research & Development,9,4,Medical,4,Female,43,3,1,Laboratory Technician,3,Married,2974,25412,9,No,17,3,3,1,9,2,3,5,3,1,2,0,1.0671296739895393,0.16666666666666666,Mid-Low,26-35,3-5,0.457,Medium,17844.0
1221,36,No,Travel_Rarely,530,Sales,2,4,Life Sciences,3,Female,51,3,2,Sales Representative,4,Single,4502,7439,3,No,15,3,3,0,17,2,2,13,7,6,7,0,0.8182066941300435,0.42857142857142855,Mid-Low,36-45,10+,0.471,Medium,27012.0
1222,45,No,Non-Travel,1238,Research & Development,1,1,Life Sciences,3,Male,74,2,3,Healthcare Representative,3,Married,10748,3395,3,No,23,4,4,1,25,3,2,23,15,14,4,0,1.0948073532785618,0.5833333333333334,High,36-45,10+,0.041,Low,64488.0
1223,24,Yes,Travel_Rarely,240,Human Resources,22,1,Human Resources,4,Male,58,1,1,Human Resources,3,Married,1555,11585,1,No,11,3,3,1,1,2,3,1,0,0,0,1,0.557964573992513,0.0,Low,18-25,0-2,0.733,High,9330.0
1224,47,Yes,Travel_Frequently,1093,Sales,9,3,Life Sciences,3,Male,82,1,4,Sales Executive,3,Married,12936,24164,7,No,11,3,3,0,25,3,1,23,5,14,10,1,0.8343770023262733,0.5833333333333334,High,46-60,10+,0.982,High,77616.0
1225,26,No,Travel_Rarely,390,Research & Development,17,4,Medical,4,Male,62,1,1,Laboratory Technician,3,Married,2305,6217,1,No,15,3,3,3,3,3,4,3,2,0,2,0,0.8270793202911527,0.0,Low,26-35,3-5,0.383,Medium,13830.0
1226,45,No,Travel_Rarely,1005,Research & Development,28,2,Technical Degree,4,Female,48,2,4,Research Director,2,Single,16704,17119,1,No,11,3,3,0,21,2,3,21,6,8,6,0,1.0774144594046127,0.36363636363636365,High,36-45,10+,0.524,High,100224.0
1227,32,No,Travel_Frequently,585,Research & Development,10,3,Life Sciences,1,Male,56,3,1,Research Scientist,3,Married,3433,17360,6,No,13,3,1,1,10,3,2,5,2,1,3,0,1.2318278987243068,0.16666666666666666,Mid-Low,26-35,3-5,0.735,High,20598.0
1228,31,No,Travel_Rarely,741,Research & Development,2,4,Life Sciences,2,Male,69,3,1,Laboratory Technician,3,Married,3477,18103,1,No,14,3,4,1,6,2,4,5,2,0,3,0,1.2476159638404938,0.0,Mid-Low,26-35,3-5,0.142,Low,20862.0
1229,41,No,Non-Travel,552,Human Resources,4,3,Human Resources,3,Male,60,1,2,Human Resources,2,Married,6430,20794,6,No,19,3,2,1,10,4,3,3,2,1,2,0,1.1686070731355354,0.25,Mid-High,36-45,3-5,0.23,Low,38580.0
1230,40,No,Travel_Rarely,369,Research & Development,8,2,Life Sciences,2,Female,92,3,2,Manufacturing Director,1,Married,6516,5041,2,Yes,16,3,2,1,18,3,3,1,0,0,0,0,1.1842369655600542,0.0,Mid-High,36-45,0-2,0.484,Medium,39096.0
1231,24,No,Travel_Rarely,506,Research & Development,29,1,Medical,2,Male,91,3,1,Laboratory Technician,1,Divorced,3907,3622,1,No,13,3,2,3,6,2,4,6,2,1,2,0,1.4019084183850472,0.14285714285714285,Mid-Low,18-25,6-10,0.488,Medium,23442.0
1232,46,No,Travel_Rarely,717,Research & Development,13,4,Life Sciences,3,Male,34,3,2,Healthcare Representative,2,Single,5562,9697,6,No,14,3,4,0,19,3,3,10,7,0,9,0,1.0108542054089964,0.0,Mid-High,46-60,6-10,0.089,Low,33372.0
1233,35,No,Travel_Rarely,1370,Research & Development,27,4,Life Sciences,4,Male,49,3,2,Manufacturing Director,3,Married,6883,5151,2,No,16,3,2,1,17,3,3,7,7,0,7,0,1.2509366227670125,0.0,Mid-High,26-35,6-10,0.024,Low,41298.0
1234,30,No,Travel_Rarely,793,Research & Development,16,1,Life Sciences,2,Male,33,3,1,Research Scientist,4,Married,2862,3811,1,No,12,3,2,1,10,2,2,10,0,0,8,0,1.0269418718756091,0.0,Low,26-35,6-10,0.248,Low,17172.0
1235,47,No,Non-Travel,543,Sales,2,4,Marketing,3,Male,87,3,2,Sales Executive,2,Married,4978,3536,7,No,11,3,4,1,4,3,1,1,0,0,0,0,0.9047163312704035,0.0,Mid-High,46-60,0-2,0.318,Medium,29868.0
1236,46,No,Travel_Rarely,1277,Sales,2,3,Life Sciences,3,Male,74,3,3,Sales Executive,4,Divorced,10368,5596,4,Yes,12,3,2,1,13,5,2,10,6,0,3,0,1.0560999850011283,0.0,High,46-60,6-10,0.176,Low,62208.0
1237,36,Yes,Travel_Rarely,1456,Sales,13,5,Marketing,2,Male,96,2,2,Sales Executive,1,Divorced,6134,8658,5,Yes,13,3,2,3,16,3,3,2,2,2,2,1,1.1148111643255636,0.6666666666666666,Mid-High,36-45,0-2,0.73,High,36804.0
1238,32,Yes,Travel_Rarely,964,Sales,1,2,Life Sciences,1,Male,34,1,2,Sales Executive,2,Single,6735,12147,6,No,15,3,2,0,10,2,3,0,0,0,0,1,1.2240386683620266,0.0,Mid-High,26-35,0-2,0.836,High,40410.0
1239,23,No,Travel_Rarely,160,Research & Development,4,1,Medical,3,Female,51,3,1,Laboratory Technician,2,Single,3295,12862,1,No,13,3,3,0,3,3,1,3,2,1,2,0,1.1823107854053572,0.25,Mid-Low,18-25,3-5,0.671,High,19770.0
1240,31,No,Travel_Frequently,163,Research & Development,24,1,Technical Degree,4,Female,30,3,2,Manufacturing Director,4,Single,5238,6670,2,No,20,4,4,0,9,3,2,5,4,1,4,0,0.9519694944142977,0.16666666666666666,Mid-High,26-35,3-5,0.423,Medium,31428.0
1241,39,No,Non-Travel,792,Research & Development,1,3,Life Sciences,4,Male,77,3,2,Laboratory Technician,4,Married,6472,8989,1,Yes,15,3,4,1,9,2,3,9,8,5,8,0,1.1762402764126259,0.5,Mid-High,36-45,6-10,0.07,Low,38832.0
1242,32,No,Travel_Rarely,371,Sales,19,3,Life Sciences,4,Male,80,1,3,Sales Executive,3,Married,9610,3840,3,No,13,3,3,1,10,2,1,4,3,0,2,0,0.9788889714371957,0.0,High,26-35,3-5,0.41,Medium,57660.0
1243,40,No,Travel_Rarely,611,Sales,7,4,Medical,2,Male,88,3,5,Manager,2,Single,19833,4349,1,No,14,3,2,0,21,3,2,21,8,12,8,0,1.0334086975433383,0.5454545454545454,High,36-45,10+,0.713,High,118998.0
1244,45,No,Travel_Rarely,176,Human Resources,4,3,Life Sciences,3,Female,56,1,3,Human Resources,3,Married,9756,6595,4,No,21,4,3,2,9,2,4,5,0,0,3,0,0.9937607497753673,0.0,High,36-45,3-5,0.242,Low,58536.0
1245,30,No,Travel_Frequently,1312,Research & Development,2,4,Technical Degree,4,Female,78,2,1,Research Scientist,1,Single,4968,26427,0,No,16,3,4,0,10,2,3,9,7,0,7,0,1.7826160794821895,0.0,Mid-High,26-35,6-10,0.139,Low,29808.0
1246,24,No,Travel_Frequently,897,Human Resources,10,3,Medical,1,Male,59,3,1,Human Resources,4,Married,2145,2097,0,No,14,3,4,1,3,2,3,2,2,2,1,0,0.7696681744141096,0.6666666666666666,Low,18-25,0-2,0.398,Medium,12870.0
1247,30,Yes,Travel_Frequently,600,Human Resources,8,3,Human Resources,3,Female,66,2,1,Human Resources,4,Divorced,2180,9732,6,No,11,3,3,1,6,0,2,4,2,1,2,1,0.7822268625747127,0.2,Low,26-35,3-5,0.776,High,13080.0
1248,31,No,Travel_Rarely,1003,Sales,5,3,Technical Degree,1,Male,51,3,2,Sales Executive,3,Married,8346,20943,1,No,19,3,3,1,6,3,3,5,2,0,2,0,1.5168265369190013,0.0,Mid-High,26-35,3-5,0.351,Medium,50076.0
1249,27,No,Travel_Rarely,1054,Research & Development,8,3,Medical,3,Female,67,3,1,Research Scientist,4,Single,3445,6152,1,No,11,3,3,0,6,5,2,6,2,1,4,0,1.2361337346650851,0.14285714285714285,Mid-Low,26-35,6-10,0.109,Low,20670.0
1250,29,Yes,Travel_Rarely,428,Sales,9,3,Marketing,2,Female,52,1,1,Sales Representative,2,Single,2760,14630,1,No,13,3,3,0,2,3,3,2,2,2,2,1,0.9903422663789941,0.6666666666666666,Low,26-35,0-2,0.817,High,16560.0
1251,29,No,Travel_Frequently,461,Research & Development,1,3,Life Sciences,4,Male,70,4,2,Healthcare Representative,3,Single,6294,23060,8,Yes,12,3,4,0,10,5,4,3,2,0,2,0,1.1438900339525753,0.0,Mid-High,26-35,3-5,0.484,Medium,37764.0
1252,30,No,Travel_Rarely,979,Sales,15,2,Marketing,3,Male,94,2,3,Sales Executive,1,Divorced,7140,3088,2,No,11,3,1,1,12,2,3,7,7,1,7,0,0.7272910776338789,0.125,Mid-High,26-35,6-10,0.306,Medium,42840.0
1253,34,No,Travel_Rarely,181,Research & Development,2,4,Medical,4,Male,97,4,1,Research Scientist,4,Married,2932,5586,0,Yes,14,3,1,3,6,3,3,5,0,1,2,0,1.0520592481968156,0.16666666666666666,Mid-Low,26-35,3-5,0.166,Low,17592.0
1254,33,No,Non-Travel,1283,Sales,2,3,Marketing,4,Female,62,3,2,Sales Executive,2,Single,5147,10697,8,No,15,3,4,0,13,2,2,11,7,1,7,0,0.9354308873139348,0.08333333333333333,Mid-High,26-35,10+,0.15,Low,30882.0
1255,49,No,Travel_Rarely,1313,Sales,11,4,Marketing,4,Female,80,3,2,Sales Executive,4,Single,4507,8191,3,No,12,3,3,0,8,1,4,5,1,0,4,0,0.8191154088058876,0.0,Mid-Low,46-60,3-5,0.065,Low,27042.0
1256,33,Yes,Travel_Rarely,211,Sales,16,3,Life Sciences,1,Female,74,3,3,Sales Executive,1,Single,8564,10092,2,Yes,20,4,3,0,11,2,2,0,0,0,0,1,0.872341847178787,0.0,High,26-35,0-2,0.978,High,51384.0
1257,38,No,Travel_Frequently,594,Research & Development,2,2,Medical,3,Female,75,2,1,Laboratory Technician,2,Married,2468,15963,4,No,14,3,2,1,9,4,2,6,1,0,5,0,0.8855669251533904,0.0,Low,36-45,6-10,0.599,High,14808.0
1258,31,Yes,Travel_Rarely,1079,Sales,16,4,Marketing,1,Male,70,3,3,Sales Executive,3,Married,8161,19002,2,No,13,3,1,3,10,2,3,1,0,0,0,1,0.8312916645056143,0.0,Mid-High,26-35,0-2,0.419,Medium,48966.0
1259,29,No,Travel_Rarely,590,Research & Development,4,3,Technical Degree,4,Female,91,2,1,Research Scientist,1,Divorced,2109,10007,1,No,13,3,3,1,1,2,3,1,0,0,0,0,0.7567506665917749,0.0,Low,26-35,0-2,0.425,Medium,12654.0
1260,30,No,Travel_Rarely,305,Research & Development,16,3,Life Sciences,3,Male,58,4,2,Healthcare Representative,3,Married,5294,9128,3,No,16,3,3,1,10,3,3,7,0,1,7,0,0.9621470987837518,0.125,Mid-High,26-35,6-10,0.051,Low,31764.0
1261,32,No,Non-Travel,953,Research & Development,5,4,Technical Degree,2,Male,65,3,1,Research Scientist,2,Single,2718,17674,2,No,14,3,2,0,12,3,3,7,7,0,7,0,0.9752718405862704,0.0,Low,26-35,6-10,0.104,Low,16308.0
1262,38,No,Travel_Rarely,833,Research & Development,18,3,Medical,2,Male,60,1,2,Healthcare Representative,4,Married,5811,24539,3,Yes,16,3,3,1,15,2,3,1,0,1,0,0,1.0561081962660335,0.5,Mid-High,36-45,0-2,0.588,High,34866.0
1263,43,Yes,Travel_Frequently,807,Research & Development,17,3,Technical Degree,3,Male,38,2,1,Research Scientist,3,Married,2437,15587,9,Yes,16,3,4,1,6,4,3,1,0,0,0,1,0.8744435156397133,0.0,Low,36-45,0-2,0.983,High,14622.0
1264,42,No,Travel_Rarely,855,Research & Development,12,3,Medical,2,Male,57,3,1,Laboratory Technician,2,Divorced,2766,8952,8,No,22,4,2,3,7,6,2,5,3,0,4,0,0.9924951843493832,0.0,Low,36-45,3-5,0.41,Medium,16596.0
1265,55,No,Travel_Rarely,478,Research & Development,2,3,Medical,3,Male,60,2,5,Research Director,1,Married,19038,19805,8,No,12,3,2,3,34,2,3,1,0,0,0,0,0.9919848123748336,0.0,High,46-60,0-2,0.036,Low,114228.0
1266,33,No,Non-Travel,775,Research & Development,4,3,Technical Degree,4,Male,90,3,2,Research Scientist,2,Divorced,3055,6194,5,No,15,3,4,2,11,2,2,9,8,1,7,0,0.5552246669407559,0.1,Mid-Low,26-35,6-10,0.042,Low,18330.0
1267,41,No,Travel_Rarely,548,Research & Development,9,4,Life Sciences,3,Male,94,3,1,Laboratory Technician,1,Divorced,2289,20520,1,No,20,4,2,2,5,2,3,5,3,0,4,0,0.8213382057034484,0.0,Low,36-45,3-5,0.182,Low,13734.0
1268,34,No,Non-Travel,1375,Sales,10,3,Life Sciences,4,Male,87,3,2,Sales Executive,3,Divorced,4001,12313,1,Yes,14,3,3,1,15,3,3,15,14,0,7,0,0.727153483610463,0.0,Mid-Low,26-35,10+,0.024,Low,24006.0
1269,53,No,Non-Travel,661,Research & Development,1,4,Medical,1,Female,60,2,4,Manufacturing Director,3,Married,12965,22308,4,Yes,20,4,4,3,27,2,2,3,2,0,2,0,0.8362475135405174,0.0,High,46-60,3-5,0.14,Low,77790.0
1270,43,No,Travel_Rarely,244,Human Resources,2,3,Life Sciences,2,Male,97,3,1,Human Resources,4,Single,3539,5033,0,No,13,3,2,0,10,5,3,9,7,1,8,0,1.269862782867848,0.1,Mid-Low,36-45,6-10,0.095,Low,21234.0
1271,34,No,Travel_Rarely,511,Sales,3,2,Life Sciences,4,Female,32,1,2,Sales Executive,4,Single,6029,25353,5,No,12,3,1,0,6,3,3,2,2,2,2,0,1.0957281561328371,0.6666666666666666,Mid-High,26-35,0-2,0.34,Medium,36174.0
1272,21,Yes,Travel_Rarely,337,Sales,7,1,Marketing,2,Male,31,3,1,Sales Representative,2,Single,2679,4567,1,No,13,3,2,0,1,3,3,1,0,1,0,1,0.9612778737787411,0.5,Low,18-25,0-2,0.9,High,16074.0
1273,38,No,Travel_Rarely,1153,Research & Development,6,2,Other,4,Female,40,2,1,Laboratory Technician,3,Married,3702,16376,1,No,11,3,2,1,5,3,3,5,4,0,4,0,1.3283503877300855,0.0,Mid-Low,36-45,3-5,0.112,Low,22212.0
1274,22,Yes,Travel_Rarely,1294,Research & Development,8,1,Medical,3,Female,79,3,1,Laboratory Technician,1,Married,2398,15999,1,Yes,17,3,3,0,1,6,3,1,0,0,0,1,0.860449548832184,0.0,Low,18-25,0-2,0.731,High,14388.0
1275,31,No,Travel_Rarely,196,Sales,29,4,Marketing,1,Female,91,2,2,Sales Executive,4,Married,5468,13402,1,No,14,3,1,2,13,3,3,12,7,5,7,0,0.9937703695031271,0.38461538461538464,Mid-High,26-35,10+,0.696,High,32808.0
1276,51,No,Travel_Rarely,942,Research & Development,3,3,Technical Degree,1,Female,53,3,3,Manager,3,Married,13116,22984,2,No,11,3,4,0,15,2,3,2,2,2,2,0,1.3360153745442516,0.6666666666666666,High,46-60,0-2,0.19,Low,78696.0
1277,37,No,Travel_Rarely,589,Sales,9,2,Marketing,2,Male,46,2,2,Sales Executive,2,Married,4189,8800,1,No,14,3,1,2,5,2,3,5,2,0,3,0,0.7613211554222018,0.0,Mid-Low,36-45,3-5,0.661,High,25134.0
1278,46,No,Travel_Rarely,734,Research & Development,2,4,Medical,3,Male,46,3,5,Research Director,4,Divorced,19328,14218,7,Yes,17,3,3,1,24,3,3,2,1,2,2,0,1.0070954119960491,0.6666666666666666,High,46-60,0-2,0.032,Low,115968.0
1279,36,No,Travel_Rarely,1383,Research & Development,10,3,Life Sciences,4,Male,90,3,3,Healthcare Representative,1,Married,8321,25949,7,Yes,13,3,4,1,15,1,3,12,8,5,7,0,0.847589503780323,0.38461538461538464,Mid-High,36-45,10+,0.461,Medium,49926.0
1280,44,Yes,Travel_Frequently,429,Research & Development,1,2,Medical,3,Male,99,3,1,Research Scientist,2,Divorced,2342,11092,1,Yes,12,3,3,3,6,2,2,5,3,2,3,1,0.840355647775219,0.3333333333333333,Low,36-45,3-5,0.489,Medium,14052.0
1281,37,No,Travel_Rarely,1239,Human Resources,8,2,Other,3,Male,89,3,2,Human Resources,2,Divorced,4071,12832,2,No,13,3,3,0,19,4,2,10,0,4,7,0,0.7398754890722806,0.36363636363636365,Mid-Low,36-45,6-10,0.188,Low,24426.0
1282,35,Yes,Travel_Rarely,303,Sales,27,3,Life Sciences,3,Male,84,3,2,Sales Executive,4,Single,5813,13492,1,Yes,18,3,4,0,10,2,3,10,7,7,7,1,1.056471682136371,0.6363636363636364,Mid-High,26-35,6-10,0.789,High,34878.0
1283,33,No,Travel_Rarely,867,Research & Development,8,4,Life Sciences,4,Male,90,4,1,Research Scientist,1,Married,3143,6076,6,No,19,3,2,1,14,1,3,10,8,7,6,0,1.127770196822166,0.6363636363636364,Mid-Low,26-35,6-10,0.233,Low,18858.0
1284,28,No,Travel_Rarely,1181,Research & Development,1,3,Life Sciences,3,Male,82,3,1,Research Scientist,4,Married,2044,5531,1,No,11,3,3,1,5,6,4,5,3,0,3,0,0.7334273885792261,0.0,Low,26-35,3-5,0.034,Low,12264.0
1285,39,No,Travel_Rarely,1253,Research & Development,10,1,Medical,3,Male,65,3,3,Research Director,3,Single,13464,7914,7,No,21,4,3,0,9,3,3,4,3,2,2,0,1.3714631749667432,0.4,High,36-45,3-5,0.059,Low,80784.0
1286,46,No,Non-Travel,849,Sales,26,2,Life Sciences,2,Male,98,2,2,Sales Executive,2,Single,7991,25166,8,No,15,3,3,0,6,3,3,2,2,2,2,0,1.4523077949340688,0.6666666666666666,Mid-High,46-60,0-2,0.706,High,47946.0
1287,40,No,Travel_Rarely,616,Research & Development,2,2,Life Sciences,3,Female,99,3,1,Laboratory Technician,1,Married,3377,25605,4,No,17,3,4,1,7,5,2,4,3,0,2,0,1.2117339976673418,0.0,Mid-Low,36-45,3-5,0.138,Low,20262.0
1288,42,No,Travel_Rarely,1128,Research & Development,13,3,Medical,2,Male,95,4,2,Healthcare Representative,1,Married,5538,5696,5,No,18,3,3,2,10,2,2,0,0,0,0,0,1.0064923749649448,0.0,Mid-High,36-45,0-2,0.129,Low,33228.0
1289,35,No,Non-Travel,1180,Research & Development,2,2,Medical,2,Male,90,3,2,Manufacturing Director,4,Divorced,5762,24442,2,No,14,3,3,1,15,6,3,7,7,1,7,0,1.0472027924427612,0.125,Mid-High,26-35,6-10,0.002,Low,34572.0
1290,38,No,Non-Travel,1336,Human Resources,2,3,Human Resources,1,Male,100,3,1,Human Resources,2,Divorced,2592,7129,5,No,13,3,4,3,13,3,3,11,10,3,8,0,0.9300605632080988,0.25,Low,36-45,10+,0.038,Low,15552.0
1291,34,Yes,Travel_Frequently,234,Research & Development,9,4,Life Sciences,4,Male,93,3,2,Laboratory Technician,1,Married,5346,6208,4,No,17,3,3,1,11,3,2,7,1,0,7,1,0.9715977314125306,0.0,Mid-High,26-35,6-10,0.279,Medium,32076.0
1292,37,Yes,Travel_Rarely,370,Research & Development,10,4,Medical,4,Male,58,3,2,Manufacturing Director,1,Single,4213,4992,1,No,15,3,2,0,10,4,1,10,3,0,8,1,0.7656829858662536,0.0,Mid-Low,36-45,6-10,0.106,Low,25278.0
1293,39,No,Travel_Frequently,766,Sales,20,3,Life Sciences,3,Male,83,3,2,Sales Executive,4,Divorced,4127,19188,2,No,18,3,4,1,7,6,3,2,1,2,2,0,0.7500530934417348,0.6666666666666666,Mid-Low,36-45,0-2,0.059,Low,24762.0
1294,43,No,Non-Travel,343,Research & Development,9,3,Life Sciences,1,Male,52,3,1,Research Scientist,3,Single,2438,24978,4,No,13,3,3,0,7,2,2,3,2,1,2,0,0.8748023353014448,0.25,Low,36-45,3-5,0.429,Medium,14628.0
1295,41,No,Travel_Rarely,447,Research & Development,5,3,Life Sciences,2,Male,85,4,2,Healthcare Representative,2,Single,6870,15530,3,No,12,3,1,0,11,3,1,3,2,1,2,0,1.2485739646098177,0.25,Mid-High,36-45,3-5,0.34,Medium,41220.0
1296,41,No,Travel_Rarely,796,Sales,4,1,Marketing,3,Female,81,3,3,Sales Executive,3,Divorced,10447,26458,0,Yes,13,3,4,1,23,3,4,22,14,13,5,0,1.0641470431430158,0.5652173913043478,High,36-45,10+,0.415,Medium,62682.0
1297,30,No,Travel_Rarely,1092,Research & Development,10,3,Medical,1,Female,64,3,3,Manufacturing Director,3,Single,9667,2739,9,No,14,3,2,0,9,3,3,7,7,0,2,0,0.9846950766788106,0.0,High,26-35,6-10,0.512,High,58002.0
1298,26,Yes,Travel_Rarely,920,Human Resources,20,2,Medical,4,Female,69,3,1,Human Resources,2,Married,2148,6889,0,Yes,11,3,3,0,6,3,3,5,1,1,4,1,0.7707446333993041,0.16666666666666666,Low,26-35,3-5,0.552,High,12888.0
1299,46,Yes,Travel_Rarely,261,Research & Development,21,2,Medical,4,Female,66,3,2,Healthcare Representative,2,Married,8926,10842,4,No,22,4,4,1,13,2,4,9,7,3,7,1,1.6222374393169188,0.3,High,46-60,6-10,0.012,Low,53556.0
1300,40,No,Travel_Rarely,1194,Research & Development,1,3,Life Sciences,3,Female,52,3,2,Healthcare Representative,4,Divorced,6513,9060,4,No,17,3,4,1,12,3,3,5,3,0,3,0,1.1836917367545476,0.0,Mid-High,36-45,3-5,0.009,Low,39078.0
1301,34,No,Travel_Rarely,810,Sales,8,2,Technical Degree,2,Male,92,4,2,Sales Executive,3,Married,6799,22128,1,No,21,4,3,2,10,5,3,10,8,4,8,0,1.2356702162128312,0.36363636363636365,Mid-High,26-35,6-10,0.072,Low,40794.0
1302,58,No,Non-Travel,350,Sales,2,3,Medical,2,Male,52,3,4,Manager,2,Divorced,16291,22577,4,No,22,4,4,1,37,0,2,16,9,14,14,0,1.0507757996983085,0.8235294117647058,High,46-60,10+,0.041,Low,97746.0
1303,35,No,Travel_Rarely,185,Research & Development,23,4,Medical,2,Male,91,1,1,Laboratory Technician,3,Married,2705,9696,0,No,16,3,2,1,6,2,4,5,4,0,3,0,0.9706071849837605,0.0,Low,26-35,3-5,0.555,High,16230.0
1304,47,No,Travel_Rarely,1001,Research & Development,4,3,Life Sciences,3,Female,92,2,3,Manufacturing Director,2,Divorced,10333,19271,8,Yes,12,3,3,1,28,4,3,22,11,14,10,0,1.0525348326597859,0.6086956521739131,High,46-60,10+,0.738,High,61998.0
1305,40,No,Travel_Rarely,750,Research & Development,12,3,Life Sciences,2,Female,47,3,2,Healthcare Representative,1,Divorced,4448,10748,2,No,12,3,2,1,15,3,3,7,4,7,7,0,0.808392575630927,0.875,Mid-Low,36-45,6-10,0.109,Low,26688.0
1306,54,No,Travel_Rarely,431,Research & Development,7,4,Medical,4,Female,68,3,2,Research Scientist,4,Married,6854,15696,4,No,15,3,2,1,14,2,2,7,1,1,7,0,1.2456660776471165,0.125,Mid-High,46-60,6-10,0.029,Low,41124.0
1307,31,No,Travel_Frequently,1125,Sales,7,4,Marketing,1,Female,68,3,3,Sales Executive,1,Married,9637,8277,2,No,14,3,4,2,9,3,3,3,2,2,2,0,0.9816392318148027,0.5,High,26-35,3-5,0.589,High,57822.0
1308,28,No,Travel_Rarely,1217,Research & Development,1,3,Medical,3,Female,67,3,1,Research Scientist,1,Married,3591,12719,1,No,25,4,3,1,3,3,3,3,2,1,2,0,1.2885214052778868,0.25,Mid-Low,26-35,3-5,0.046,Low,21546.0
1309,38,No,Travel_Rarely,723,Sales,2,4,Marketing,2,Female,77,1,2,Sales Representative,4,Married,5405,4244,2,Yes,20,4,1,2,20,4,2,4,2,0,3,0,0.9823205645874912,0.0,Mid-High,36-45,3-5,0.843,High,32430.0
1310,26,No,Travel_Rarely,572,Sales,10,3,Medical,3,Male,46,3,2,Sales Executive,4,Single,4684,9125,1,No,13,3,1,0,5,4,3,5,3,1,2,0,0.8512839083307694,0.16666666666666666,Mid-Low,26-35,3-5,0.44,Medium,28104.0
1311,58,No,Travel_Frequently,1216,Research & Development,15,4,Life Sciences,1,Male,87,3,4,Research Director,3,Married,15787,21624,2,Yes,14,3,2,0,23,3,3,2,2,2,2,0,1.0182676048024797,0.6666666666666666,High,46-60,0-2,0.325,Medium,94722.0
1312,18,No,Non-Travel,1431,Research & Development,14,3,Medical,2,Female,33,3,1,Research Scientist,3,Single,1514,8018,1,No,16,3,3,0,0,4,1,0,0,0,0,0,0.5432529678615207,0.0,Low,18-25,0-2,0.268,Medium,9084.0
1313,31,Yes,Travel_Rarely,359,Human Resources,18,5,Human Resources,4,Male,89,4,1,Human Resources,1,Married,2956,21495,0,No,17,3,3,0,2,4,3,1,0,0,0,1,1.060670920078372,0.0,Mid-Low,26-35,0-2,0.184,Low,17736.0
1314,29,Yes,Travel_Rarely,350,Human Resources,13,3,Human Resources,1,Male,56,2,1,Human Resources,1,Divorced,2335,3157,4,Yes,15,3,4,3,4,3,3,2,2,2,0,1,0.8378439101430983,0.6666666666666666,Low,26-35,0-2,0.92,High,14010.0
1315,45,No,Non-Travel,589,Sales,2,4,Life Sciences,3,Female,67,3,2,Sales Executive,3,Married,5154,19665,4,No,22,4,2,2,10,3,4,8,7,5,7,0,0.9367030878601165,0.5555555555555556,Mid-High,36-45,6-10,0.018,Low,30924.0
1316,36,No,Travel_Rarely,430,Research & Development,2,4,Other,4,Female,73,3,2,Research Scientist,2,Married,6962,19573,4,Yes,22,4,4,1,15,2,3,1,0,0,0,0,1.2652943146453495,0.0,Mid-High,36-45,0-2,0.189,Low,41772.0
1317,43,No,Travel_Frequently,1422,Sales,2,4,Life Sciences,1,Male,92,3,2,Sales Executive,4,Married,5675,19246,1,No,20,4,3,1,7,5,3,7,7,7,7,0,1.0313911570830736,0.875,Mid-High,36-45,6-10,0.115,Low,34050.0
1318,27,No,Travel_Frequently,1297,Research & Development,5,2,Life Sciences,4,Female,53,3,1,Laboratory Technician,4,Single,2379,19826,0,Yes,14,3,3,0,6,3,2,5,4,0,2,0,0.8536319752592851,0.0,Low,26-35,3-5,0.72,High,14274.0
1319,29,No,Travel_Frequently,574,Research & Development,20,1,Medical,4,Male,40,3,1,Laboratory Technician,4,Married,3812,7003,1,No,13,3,2,0,11,3,4,11,8,3,10,0,1.3678205505205527,0.25,Mid-Low,26-35,10+,0.121,Low,22872.0
1320,32,No,Travel_Frequently,1318,Sales,10,4,Marketing,4,Male,79,3,2,Sales Executive,4,Single,4648,26075,8,No,13,3,3,0,4,2,4,0,0,0,0,0,0.8447411626646918,0.0,Mid-Low,26-35,0-2,0.747,High,27888.0
1321,42,No,Non-Travel,355,Research & Development,10,4,Technical Degree,3,Male,38,3,1,Research Scientist,3,Married,2936,6161,3,No,22,4,2,2,10,1,2,6,3,3,3,0,1.0534945268437417,0.42857142857142855,Mid-Low,36-45,6-10,0.266,Medium,17616.0
1322,47,No,Travel_Rarely,207,Research & Development,9,4,Life Sciences,2,Female,64,3,1,Laboratory Technician,3,Single,2105,5411,4,No,12,3,3,0,7,2,3,2,2,2,0,0,0.7553153879448488,0.6666666666666666,Low,46-60,0-2,0.62,High,12630.0
1323,46,No,Travel_Rarely,706,Research & Development,2,2,Life Sciences,4,Male,82,3,3,Manufacturing Director,4,Divorced,8578,19989,3,No,14,3,3,1,12,4,2,9,8,4,7,0,0.873767908115324,0.4,High,46-60,6-10,0.005,Low,51468.0
1324,28,No,Non-Travel,280,Human Resources,1,2,Life Sciences,3,Male,43,3,1,Human Resources,4,Divorced,2706,10494,1,No,15,3,2,1,3,2,3,3,2,2,2,0,0.9709660046454921,0.5,Low,26-35,3-5,0.045,Low,16236.0
1325,29,No,Travel_Rarely,726,Research & Development,29,1,Life Sciences,4,Male,93,1,2,Healthcare Representative,3,Divorced,6384,21143,8,No,17,3,4,2,11,3,3,7,0,1,6,0,1.1602468981177694,0.125,Mid-High,26-35,6-10,0.195,Low,38304.0
1326,42,No,Travel_Rarely,1142,Research & Development,8,3,Life Sciences,4,Male,81,3,1,Laboratory Technician,3,Single,3968,13624,4,No,13,3,4,0,8,3,3,0,0,0,0,0,1.42379641775067,0.0,Mid-Low,36-45,0-2,0.192,Low,23808.0
1327,32,Yes,Travel_Rarely,414,Sales,2,4,Marketing,3,Male,82,2,2,Sales Executive,2,Single,9907,26186,7,Yes,12,3,3,0,7,3,2,2,2,2,2,1,1.8005272587175347,0.6666666666666666,High,26-35,0-2,0.954,High,59442.0
1328,46,No,Travel_Rarely,1319,Sales,3,3,Technical Degree,1,Female,45,4,4,Sales Executive,1,Divorced,13225,7739,2,No,12,3,4,1,25,5,3,19,17,2,8,0,0.8530176140820165,0.1,High,46-60,10+,0.063,Low,79350.0
1329,27,No,Travel_Rarely,728,Sales,23,1,Medical,2,Female,36,2,2,Sales Representative,3,Married,3540,7018,1,No,21,4,4,1,9,5,3,9,8,5,8,0,0.6433699904976353,0.5,Mid-Low,26-35,6-10,0.335,Medium,21240.0
1330,29,No,Travel_Rarely,352,Human Resources,6,1,Medical,4,Male,87,2,1,Human Resources,2,Married,2804,15434,1,No,11,3,4,0,1,3,3,1,0,0,0,0,1.006130331495181,0.0,Low,26-35,0-2,0.325,Medium,16824.0
1331,43,No,Travel_Rarely,823,Research & Development,6,3,Medical,1,Female,81,2,5,Manager,3,Married,19392,22539,7,No,13,3,4,0,21,2,3,16,12,6,14,0,1.0104301650159035,0.35294117647058826,High,36-45,10+,0.143,Low,116352.0
1332,48,No,Travel_Rarely,1224,Research & Development,10,3,Life Sciences,4,Male,91,2,5,Research Director,2,Married,19665,13583,4,No,12,3,4,0,29,3,3,22,10,12,9,0,1.0246549708662203,0.5217391304347826,High,46-60,10+,0.064,Low,117990.0
1333,29,Yes,Travel_Frequently,459,Research & Development,24,2,Life Sciences,4,Male,73,2,1,Research Scientist,4,Single,2439,14753,1,Yes,24,4,2,0,1,3,2,1,0,1,0,1,0.8751611549631764,0.5,Low,26-35,0-2,0.894,High,14634.0
1334,46,Yes,Travel_Rarely,1254,Sales,10,3,Life Sciences,3,Female,64,3,3,Sales Executive,2,Married,7314,14011,5,No,21,4,3,3,14,2,3,8,7,0,7,1,0.7450149778451247,0.0,Mid-High,46-60,6-10,0.043,Low,43884.0
1335,27,No,Travel_Frequently,1131,Research & Development,15,3,Life Sciences,4,Female,77,2,1,Research Scientist,1,Married,4774,23844,0,No,19,3,4,1,8,2,2,7,6,7,3,0,1.7130050651062747,0.875,Mid-Low,26-35,6-10,0.354,Medium,28644.0
1336,39,No,Travel_Rarely,835,Research & Development,19,4,Other,4,Male,41,3,2,Research Scientist,4,Divorced,3902,5141,8,No,14,3,2,3,7,2,3,2,2,2,2,0,0.7091609330287494,0.6666666666666666,Mid-Low,36-45,0-2,0.096,Low,23412.0
1337,55,No,Travel_Rarely,836,Research & Development,2,4,Technical Degree,2,Male,98,2,1,Research Scientist,4,Married,2662,7975,8,No,20,4,2,1,19,2,4,5,2,0,4,0,0.9551779395293052,0.0,Low,46-60,3-5,0.179,Low,15972.0
1338,28,No,Travel_Rarely,1172,Sales,3,3,Medical,2,Female,78,3,1,Sales Representative,2,Married,2856,3692,1,No,19,3,4,1,1,3,3,1,0,0,0,0,1.02478895390522,0.0,Low,26-35,0-2,0.312,Medium,17136.0
1339,30,Yes,Travel_Rarely,945,Sales,9,3,Medical,2,Male,89,3,1,Sales Representative,4,Single,1081,16019,1,No,13,3,3,0,1,3,2,1,0,0,0,1,0.3878840543317727,0.0,Low,26-35,0-2,0.857,High,6486.0
1340,22,Yes,Travel_Rarely,391,Research & Development,7,1,Life Sciences,4,Male,75,3,1,Research Scientist,2,Single,2472,26092,1,Yes,23,4,1,0,1,2,3,1,0,0,0,1,0.8870022038003165,0.0,Low,18-25,0-2,0.885,High,14832.0
1341,36,No,Travel_Rarely,1266,Sales,10,4,Technical Degree,2,Female,63,2,2,Sales Executive,3,Married,5673,6060,1,Yes,13,3,1,1,10,4,3,10,9,1,7,0,1.031027671212736,0.09090909090909091,Mid-High,36-45,6-10,0.663,High,34038.0
1342,31,No,Travel_Rarely,311,Research & Development,20,3,Life Sciences,2,Male,89,3,2,Laboratory Technician,3,Divorced,4197,18624,1,No,11,3,1,1,10,2,3,10,8,0,2,0,0.7627750989035523,0.0,Mid-Low,26-35,6-10,0.338,Medium,25182.0
1343,34,No,Travel_Rarely,1480,Sales,4,3,Life Sciences,3,Male,64,3,3,Sales Executive,4,Married,9713,24444,2,Yes,13,3,4,3,9,3,3,5,3,1,0,0,0.9893807054702893,0.16666666666666666,High,26-35,3-5,0.481,Medium,58278.0
1344,29,No,Travel_Rarely,592,Research & Development,7,3,Life Sciences,4,Male,59,3,1,Laboratory Technician,1,Single,2062,19384,3,No,14,3,2,0,11,2,3,3,2,1,2,0,0.7398861424903934,0.25,Low,26-35,3-5,0.623,High,12372.0
1345,37,No,Travel_Rarely,783,Research & Development,7,4,Medical,4,Male,78,3,2,Research Scientist,1,Married,4284,13588,5,Yes,22,4,3,1,16,2,3,5,3,0,4,0,0.77858673426324,0.0,Mid-Low,36-45,3-5,0.343,Medium,25704.0
1346,35,No,Travel_Rarely,219,Research & Development,16,2,Other,4,Female,44,2,2,Manufacturing Director,2,Married,4788,25388,0,Yes,11,3,4,0,4,2,3,3,2,0,2,0,0.870185173588327,0.0,Mid-Low,26-35,3-5,0.553,High,28728.0
1347,45,No,Travel_Rarely,556,Research & Development,25,2,Life Sciences,2,Female,93,2,2,Manufacturing Director,4,Married,5906,23888,0,No,13,3,4,2,10,2,2,9,8,3,8,0,1.0733737751070718,0.3,Mid-High,36-45,6-10,0.031,Low,35436.0
1348,36,No,Travel_Frequently,1213,Human Resources,2,1,Human Resources,2,Male,94,2,2,Human Resources,4,Single,3886,4223,1,No,21,4,4,0,10,2,2,10,1,0,8,0,0.7062530460660482,0.0,Mid-Low,36-45,6-10,0.59,High,23316.0
1349,40,No,Travel_Rarely,1137,Research & Development,1,4,Life Sciences,1,Male,98,3,4,Manager,1,Divorced,16823,18991,2,No,11,3,1,1,22,3,3,19,7,11,16,0,1.0850900054216834,0.55,High,36-45,10+,0.197,Low,100938.0
1350,26,No,Travel_Rarely,482,Research & Development,1,2,Life Sciences,2,Female,90,2,1,Research Scientist,3,Married,2933,14908,1,Yes,13,3,3,1,1,3,2,1,0,1,0,0,1.052418067858547,0.5,Mid-Low,26-35,0-2,0.678,High,17598.0
1351,27,No,Travel_Rarely,511,Sales,2,2,Medical,1,Female,89,4,2,Sales Executive,3,Single,6500,26997,0,No,14,3,2,0,9,5,2,8,7,0,7,0,1.181329078597353,0.0,Mid-High,26-35,6-10,0.11,Low,39000.0
1352,48,No,Travel_Frequently,117,Research & Development,22,3,Medical,4,Female,58,3,4,Manager,4,Divorced,17174,2437,3,No,11,3,2,1,24,3,3,22,17,4,7,0,1.1077296411527071,0.17391304347826086,High,46-60,10+,0.039,Low,103044.0
1353,44,No,Travel_Rarely,170,Research & Development,1,4,Life Sciences,2,Male,78,4,2,Healthcare Representative,1,Married,5033,9364,2,No,15,3,4,1,10,5,3,2,0,2,2,0,0.9147121927046888,0.6666666666666666,Mid-High,36-45,0-2,0.061,Low,30198.0
1354,34,Yes,Non-Travel,967,Research & Development,16,4,Technical Degree,4,Male,85,1,1,Research Scientist,1,Married,2307,14460,1,Yes,23,4,2,1,5,2,3,5,2,3,0,1,0.8277969596146157,0.5,Low,26-35,3-5,0.756,High,13842.0
1355,56,Yes,Travel_Rarely,1162,Research & Development,24,2,Life Sciences,1,Male,97,3,1,Laboratory Technician,4,Single,2587,10261,1,No,16,3,4,0,5,3,3,4,2,1,0,1,0.9282664648994412,0.2,Low,46-60,3-5,0.427,Medium,15522.0
1356,36,No,Travel_Rarely,335,Sales,17,2,Marketing,3,Male,33,2,2,Sales Executive,2,Married,5507,16822,2,No,16,3,3,2,12,1,1,4,2,1,3,0,1.0008583439747112,0.2,Mid-High,36-45,3-5,0.644,High,33042.0
1357,41,No,Travel_Rarely,337,Sales,8,3,Marketing,3,Female,54,3,2,Sales Executive,2,Married,4393,26841,5,No,21,4,3,1,14,3,3,5,4,1,4,0,0.7983967141966418,0.16666666666666666,Mid-Low,36-45,3-5,0.194,Low,26358.0
1358,42,No,Travel_Rarely,1396,Research & Development,6,3,Medical,3,Male,83,3,3,Research Director,1,Married,13348,14842,9,No,13,3,2,1,18,3,4,13,7,5,7,0,1.3596472414925793,0.35714285714285715,High,36-45,10+,0.071,Low,80088.0
1359,31,No,Travel_Rarely,1079,Sales,10,2,Medical,3,Female,86,3,2,Sales Executive,4,Divorced,6583,20115,2,Yes,11,3,4,1,8,2,3,5,2,1,4,0,1.1964137422163654,0.16666666666666666,Mid-High,26-35,3-5,0.22,Low,39498.0
1360,34,No,Travel_Rarely,735,Sales,3,1,Medical,4,Female,75,2,2,Sales Executive,4,Married,8103,16495,3,Yes,12,3,3,0,9,3,2,4,2,0,1,0,1.472663003672977,0.0,Mid-High,26-35,3-5,0.437,Medium,48618.0
1361,31,No,Travel_Rarely,471,Research & Development,4,3,Medical,1,Female,62,4,1,Laboratory Technician,3,Divorced,3978,16031,8,No,12,3,2,1,4,0,2,2,2,2,2,0,1.4273846143679851,0.6666666666666666,Mid-Low,26-35,0-2,0.631,High,23868.0
1362,26,No,Travel_Frequently,1096,Research & Development,6,3,Other,3,Male,61,4,1,Laboratory Technician,4,Married,2544,7102,0,No,18,3,1,1,8,3,3,7,7,7,7,0,0.9128372194449859,0.875,Low,26-35,6-10,0.169,Low,15264.0
1363,45,No,Travel_Frequently,1297,Research & Development,1,4,Medical,2,Male,44,3,2,Healthcare Representative,3,Single,5399,14511,4,No,12,3,3,0,12,3,3,4,2,0,3,0,0.9812301069764783,0.0,Mid-High,36-45,3-5,0.352,Medium,32394.0
1364,33,No,Travel_Rarely,217,Sales,10,4,Marketing,2,Male,43,3,2,Sales Executive,3,Single,5487,10410,1,No,14,3,2,0,10,2,2,10,4,0,9,0,0.9972234852713348,0.0,Mid-High,26-35,6-10,0.484,Medium,32922.0
1365,28,No,Travel_Frequently,783,Sales,1,2,Life Sciences,3,Male,42,2,2,Sales Executive,4,Married,6834,19255,1,Yes,12,3,3,1,7,2,3,7,7,0,7,0,1.2420312189437401,0.0,Mid-High,26-35,6-10,0.402,Medium,41004.0
1366,29,Yes,Travel_Frequently,746,Sales,24,3,Technical Degree,3,Male,45,4,1,Sales Representative,1,Single,1091,10642,1,No,17,3,4,0,1,3,3,1,0,0,0,1,0.3914722509490879,0.0,Low,26-35,0-2,0.986,High,6546.0
1367,39,No,Non-Travel,1251,Sales,21,4,Life Sciences,1,Female,32,1,2,Sales Executive,3,Married,5736,3987,6,No,19,3,3,1,10,1,3,3,2,1,2,0,1.0424774761283717,0.25,Mid-High,36-45,3-5,0.281,Medium,34416.0
1368,27,No,Travel_Rarely,1354,Research & Development,2,4,Technical Degree,2,Male,41,3,1,Research Scientist,2,Married,2226,6073,1,No,11,3,3,1,6,3,2,5,3,1,2,0,0.7987325670143627,0.16666666666666666,Low,26-35,3-5,0.462,Medium,13356.0
1369,34,No,Travel_Frequently,735,Research & Development,22,4,Other,3,Male,86,2,2,Research Scientist,4,Married,5747,26496,1,Yes,15,3,2,0,16,3,3,15,10,6,11,0,1.0444766484152288,0.375,Mid-High,26-35,10+,0.701,High,34482.0
1370,28,Yes,Travel_Rarely,1475,Sales,13,2,Marketing,4,Female,84,3,2,Sales Executive,3,Single,9854,23352,3,Yes,11,3,4,0,6,0,3,2,0,2,2,1,1.7908948831535871,0.6666666666666666,High,26-35,0-2,0.527,High,59124.0
1371,47,No,Non-Travel,1169,Research & Development,14,4,Technical Degree,3,Male,64,3,2,Research Scientist,2,Married,5467,2125,8,No,18,3,3,1,16,4,4,8,7,1,7,0,0.9935886265679583,0.1111111111111111,Mid-High,46-60,6-10,0.036,Low,32802.0
1372,56,No,Travel_Rarely,1443,Sales,11,5,Marketing,4,Female,89,2,2,Sales Executive,1,Married,5380,20328,4,No,16,3,3,1,6,3,3,0,0,0,0,0,0.9777769912082707,0.0,Mid-High,46-60,0-2,0.399,Medium,32280.0
1373,39,No,Travel_Rarely,867,Research & Development,9,2,Medical,1,Male,87,3,2,Manufacturing Director,1,Married,5151,12315,1,No,25,4,4,1,10,3,3,10,0,7,9,0,0.93615785905461,0.6363636363636364,Mid-High,36-45,6-10,0.502,High,30906.0
1374,38,No,Travel_Frequently,1394,Research & Development,8,3,Medical,4,Female,58,2,2,Research Scientist,2,Divorced,2133,18115,1,Yes,16,3,3,1,20,3,3,20,11,0,7,0,0.3876576807151006,0.0,Low,36-45,10+,0.256,Medium,12798.0
1375,58,No,Travel_Rarely,605,Sales,21,3,Life Sciences,4,Female,72,3,4,Manager,4,Married,17875,11761,4,Yes,13,3,3,1,29,2,2,1,0,0,0,0,1.1529444122280563,0.0,High,46-60,0-2,0.19,Low,107250.0
1376,32,Yes,Travel_Frequently,238,Research & Development,5,2,Life Sciences,1,Female,47,4,1,Research Scientist,3,Single,2432,15318,3,Yes,14,3,1,0,8,2,3,4,1,0,3,1,0.8726494173310557,0.0,Low,26-35,3-5,0.875,High,14592.0
1377,38,No,Travel_Rarely,1206,Research & Development,9,2,Life Sciences,2,Male,71,3,1,Research Scientist,4,Divorced,4771,14293,2,No,19,3,4,2,10,0,4,5,2,0,3,0,1.71192860612108,0.0,Mid-Low,36-45,3-5,0.013,Low,28626.0
1378,49,No,Travel_Frequently,1064,Research & Development,2,1,Life Sciences,2,Male,42,3,5,Research Director,4,Married,19161,13738,3,No,15,3,4,0,28,3,3,5,4,4,3,0,0.9983937908348663,0.6666666666666666,High,46-60,3-5,0.034,Low,114966.0
1379,42,No,Travel_Rarely,419,Sales,12,4,Marketing,2,Male,77,3,2,Sales Executive,4,Divorced,5087,2900,3,Yes,12,3,3,2,14,4,3,0,0,0,0,0,0.9245263112038054,0.0,Mid-High,36-45,0-2,0.533,High,30522.0
1380,27,Yes,Travel_Frequently,1337,Human Resources,22,3,Human Resources,1,Female,58,2,1,Human Resources,2,Married,2863,19555,1,No,12,3,1,0,1,2,3,1,0,0,0,1,1.0273006915373406,0.0,Low,26-35,0-2,0.939,High,17178.0
1381,35,No,Travel_Rarely,682,Sales,18,4,Medical,2,Male,71,3,2,Sales Executive,1,Married,5561,15975,0,No,16,3,4,1,6,2,1,5,3,0,4,0,1.0106724624738277,0.0,Mid-High,26-35,3-5,0.475,Medium,33366.0
1382,28,No,Non-Travel,1103,Research & Development,16,3,Medical,3,Male,49,3,1,Research Scientist,3,Single,2144,2122,1,No,14,3,3,0,5,3,2,5,3,1,4,0,0.769309354752378,0.16666666666666666,Low,26-35,3-5,0.098,Low,12864.0
1383,31,No,Non-Travel,976,Research & Development,3,2,Medical,3,Male,48,3,1,Research Scientist,1,Divorced,3065,3995,1,Yes,13,3,4,1,4,3,4,4,2,2,3,0,1.0997822632071077,0.4,Mid-Low,26-35,3-5,0.108,Low,18390.0
1384,36,No,Non-Travel,1351,Research & Development,9,4,Life Sciences,1,Male,66,4,1,Laboratory Technician,2,Married,2810,9238,1,No,22,4,2,0,5,3,3,5,4,0,2,0,1.00828324946557,0.0,Low,36-45,3-5,0.199,Low,16860.0
1385,34,No,Travel_Rarely,937,Sales,1,3,Marketing,1,Male,32,3,3,Sales Executive,4,Single,9888,6770,1,No,21,4,1,0,14,3,2,14,8,2,1,0,1.007206467177002,0.13333333333333333,High,26-35,10+,0.734,High,59328.0
1386,34,No,Travel_Rarely,1239,Sales,13,4,Medical,4,Male,39,3,3,Sales Executive,3,Divorced,8628,22914,1,No,18,3,3,1,9,2,2,8,7,1,1,0,0.8788609828886705,0.1111111111111111,High,26-35,6-10,0.066,Low,51768.0
1387,26,No,Travel_Rarely,157,Research & Development,1,3,Medical,3,Male,95,3,1,Laboratory Technician,1,Single,2867,20006,0,No,13,3,4,0,8,6,2,7,7,7,6,0,1.0287359701842667,0.875,Low,26-35,6-10,0.368,Medium,17202.0
1388,29,No,Travel_Rarely,136,Research & Development,1,3,Life Sciences,1,Male,89,3,2,Healthcare Representative,1,Married,5373,6225,0,No,12,3,1,1,6,5,2,5,3,0,2,0,0.9765047906620888,0.0,Mid-High,26-35,3-5,0.186,Low,32238.0
1389,32,No,Non-Travel,1146,Research & Development,15,4,Medical,3,Female,34,3,2,Healthcare Representative,4,Divorced,6667,16542,5,No,18,3,2,1,9,6,3,5,1,1,2,0,1.2116801487705464,0.16666666666666666,Mid-High,26-35,3-5,0.005,Low,40002.0
1390,31,No,Travel_Frequently,1125,Research & Development,1,3,Life Sciences,4,Male,48,1,2,Research Scientist,1,Married,5003,5771,1,No,21,4,2,0,10,6,3,10,8,8,7,0,0.9092599046496241,0.7272727272727273,Mid-High,26-35,6-10,0.281,Medium,30018.0
1391,28,Yes,Travel_Rarely,1404,Research & Development,17,3,Technical Degree,3,Male,32,2,1,Laboratory Technician,4,Divorced,2367,18779,5,No,12,3,1,1,6,2,2,4,1,0,3,1,0.849326139318507,0.0,Low,26-35,3-5,0.781,High,14202.0
1392,38,No,Travel_Rarely,1404,Sales,1,3,Life Sciences,1,Male,59,2,1,Sales Representative,1,Single,2858,11473,4,No,14,3,1,0,20,3,2,1,0,0,0,0,1.025506593228683,0.0,Low,36-45,0-2,0.937,High,17148.0
1393,35,No,Travel_Rarely,1224,Sales,7,4,Life Sciences,3,Female,55,3,2,Sales Executive,4,Married,5204,13586,1,Yes,11,3,4,0,10,2,3,10,8,0,9,0,0.9457902346185577,0.0,Mid-High,26-35,6-10,0.113,Low,31224.0
1394,27,No,Travel_Rarely,954,Sales,9,3,Marketing,4,Male,44,3,2,Sales Executive,4,Single,4105,5099,1,No,14,3,1,0,7,5,3,7,7,0,7,0,0.7460547488680206,0.0,Mid-Low,26-35,6-10,0.085,Low,24630.0
1395,32,No,Travel_Rarely,1373,Research & Development,5,4,Life Sciences,4,Male,56,2,2,Manufacturing Director,4,Single,9679,10138,8,No,24,4,2,0,8,1,3,1,0,0,0,0,1.759089869499043,0.0,High,26-35,0-2,0.303,Medium,58074.0
1396,31,Yes,Travel_Frequently,754,Sales,26,4,Marketing,1,Male,63,3,2,Sales Executive,4,Married,5617,21075,1,Yes,11,3,3,0,10,4,3,10,7,0,8,1,1.0208500668432818,0.0,Mid-High,26-35,6-10,0.716,High,33702.0
1397,53,Yes,Travel_Rarely,1168,Sales,24,4,Life Sciences,1,Male,66,3,3,Sales Executive,1,Single,10448,5843,6,Yes,13,3,2,0,15,2,2,2,2,2,2,1,1.0642489046384829,0.6666666666666666,High,46-60,0-2,0.967,High,62688.0
1398,54,No,Travel_Rarely,155,Research & Development,9,2,Life Sciences,1,Female,67,3,2,Research Scientist,3,Married,2897,22474,3,No,11,3,3,2,9,6,2,4,3,2,3,0,0.5265092831840817,0.4,Low,46-60,3-5,0.105,Low,17382.0
1399,33,No,Travel_Frequently,1303,Research & Development,7,2,Life Sciences,4,Male,36,3,2,Healthcare Representative,3,Divorced,5968,18079,1,No,20,4,3,3,9,2,3,9,7,2,8,0,1.0846418370875388,0.2,Mid-High,26-35,6-10,0.014,Low,35808.0
1400,43,No,Travel_Rarely,574,Research & Development,11,3,Life Sciences,1,Male,30,3,3,Healthcare Representative,3,Married,7510,16873,1,No,17,3,2,1,10,1,3,10,9,0,9,0,0.764979830956643,0.0,Mid-High,36-45,6-10,0.037,Low,45060.0
1401,38,No,Travel_Frequently,1444,Human Resources,1,4,Other,4,Male,88,3,1,Human Resources,2,Married,2991,5224,0,Yes,11,3,2,1,7,2,3,6,2,1,2,0,1.0732296082389752,0.14285714285714285,Mid-Low,36-45,6-10,0.758,High,17946.0
1402,55,No,Travel_Rarely,189,Human Resources,26,4,Human Resources,3,Male,71,4,5,Manager,2,Married,19636,25811,4,Yes,18,3,1,1,35,0,3,10,9,1,4,0,1.0231439109040987,0.09090909090909091,High,46-60,6-10,0.332,Medium,117816.0
1403,31,No,Travel_Rarely,1276,Research & Development,2,1,Medical,4,Female,59,1,1,Laboratory Technician,4,Divorced,1129,17536,1,Yes,11,3,3,3,1,4,3,1,0,0,0,0,0.40510739809488566,0.0,Low,26-35,0-2,0.438,Medium,6774.0
1404,39,No,Travel_Rarely,119,Sales,15,4,Marketing,2,Male,77,3,4,Sales Executive,1,Single,13341,25098,0,No,12,3,1,0,21,3,3,20,8,11,10,0,0.8604996589389929,0.5238095238095238,High,36-45,10+,0.943,High,80046.0
1405,42,No,Non-Travel,335,Research & Development,23,2,Life Sciences,4,Male,37,2,2,Research Scientist,3,Single,4332,14811,1,No,12,3,4,0,20,2,3,20,9,3,7,0,0.7873103951513436,0.14285714285714285,Mid-Low,36-45,10+,0.123,Low,25992.0
1406,31,No,Non-Travel,697,Research & Development,10,3,Medical,3,Female,40,3,3,Research Director,3,Married,11031,26862,4,No,20,4,3,1,13,2,4,11,7,4,8,0,1.1236341564957029,0.3333333333333333,High,26-35,10+,0.002,Low,66186.0
1407,54,No,Travel_Rarely,157,Research & Development,10,3,Medical,3,Female,77,3,2,Manufacturing Director,1,Single,4440,25198,6,Yes,19,3,4,0,9,3,3,5,2,1,4,0,0.8069386321495765,0.16666666666666666,Mid-Low,46-60,3-5,0.682,High,26640.0
1408,24,No,Travel_Rarely,771,Research & Development,1,2,Life Sciences,2,Male,45,2,2,Healthcare Representative,3,Single,4617,14120,1,No,12,3,2,0,4,2,2,4,3,1,2,0,0.8391071316744583,0.2,Mid-Low,18-25,3-5,0.487,Medium,27702.0
1409,23,No,Travel_Rarely,571,Research & Development,12,2,Other,4,Male,78,3,1,Laboratory Technician,4,Single,2647,13672,1,No,13,3,3,0,5,6,4,5,2,1,4,0,0.9497956446033324,0.16666666666666666,Low,18-25,3-5,0.252,Medium,15882.0
1410,40,No,Travel_Frequently,692,Research & Development,11,3,Technical Degree,4,Female,73,3,2,Laboratory Technician,3,Married,6323,26849,1,No,11,3,1,1,10,2,4,10,9,9,4,0,1.1491605790724713,0.8181818181818182,Mid-High,36-45,6-10,0.747,High,37938.0
1411,40,No,Travel_Rarely,444,Sales,2,2,Marketing,2,Female,92,3,2,Sales Executive,2,Married,5677,4258,3,No,14,3,3,1,15,4,3,11,8,5,10,0,1.0317546429534112,0.4166666666666667,Mid-High,36-45,10+,0.095,Low,34062.0
1412,25,No,Travel_Rarely,309,Human Resources,2,3,Human Resources,3,Female,82,3,1,Human Resources,2,Married,2187,19655,4,No,14,3,3,0,6,3,3,2,0,1,2,0,0.7847386002068334,0.3333333333333333,Low,18-25,0-2,0.514,High,13122.0
1413,30,No,Travel_Rarely,911,Research & Development,1,2,Medical,4,Male,76,3,1,Laboratory Technician,2,Married,3748,4077,1,No,13,3,3,0,12,6,2,12,8,1,7,0,1.3448560921697355,0.07692307692307693,Mid-Low,26-35,10+,0.058,Low,22488.0
1414,25,No,Travel_Rarely,977,Research & Development,2,1,Other,4,Male,57,3,1,Laboratory Technician,3,Divorced,3977,7298,6,Yes,19,3,3,1,7,2,2,2,2,0,2,0,1.4270257947062535,0.0,Mid-Low,18-25,0-2,0.479,Medium,23862.0
1415,47,No,Travel_Rarely,1180,Research & Development,25,3,Medical,1,Male,84,3,3,Healthcare Representative,3,Single,8633,13084,2,No,23,4,2,0,25,3,3,17,14,12,11,0,0.8793702903660052,0.6666666666666666,High,46-60,10+,0.314,Medium,51798.0
1416,33,No,Non-Travel,1313,Research & Development,1,2,Medical,2,Male,59,2,1,Laboratory Technician,3,Divorced,2008,20439,1,No,12,3,3,3,1,2,2,1,1,0,0,0,0.7205098807568914,0.0,Low,26-35,0-2,0.159,Low,12048.0
1417,38,No,Travel_Rarely,1321,Sales,1,4,Life Sciences,4,Male,86,3,2,Sales Executive,2,Married,4440,7636,0,No,15,3,1,2,16,3,3,15,13,5,8,0,0.8069386321495765,0.3125,Mid-Low,36-45,10+,0.028,Low,26640.0
1418,31,No,Travel_Rarely,1154,Sales,2,2,Life Sciences,1,Male,54,3,1,Sales Representative,3,Married,3067,6393,0,No,19,3,3,1,3,1,3,2,2,1,2,0,1.1004999025305706,0.3333333333333333,Mid-Low,26-35,0-2,0.38,Medium,18402.0
1419,38,No,Travel_Frequently,508,Research & Development,6,4,Life Sciences,1,Male,72,2,2,Manufacturing Director,3,Married,5321,14284,2,No,11,3,4,1,10,1,3,8,3,7,7,0,0.9670541580333101,0.7777777777777778,Mid-High,36-45,6-10,0.606,High,31926.0
1420,42,No,Travel_Rarely,557,Research & Development,18,4,Life Sciences,4,Male,35,3,2,Research Scientist,1,Divorced,5410,11189,6,Yes,17,3,3,1,9,3,2,4,3,1,2,0,0.9832292792633354,0.2,Mid-High,36-45,3-5,0.736,High,32460.0
1421,41,No,Travel_Rarely,642,Research & Development,1,3,Life Sciences,4,Male,76,3,1,Research Scientist,4,Married,2782,21412,3,No,22,4,1,1,12,3,3,5,3,1,0,0,0.9982362989370875,0.16666666666666666,Low,36-45,3-5,0.05,Low,16692.0
1422,47,No,Non-Travel,1162,Research & Development,1,1,Medical,3,Female,98,3,3,Research Director,2,Married,11957,17231,0,No,18,3,1,2,14,3,1,13,8,5,12,0,1.21795790129808,0.35714285714285715,High,46-60,10+,0.001,Low,71742.0
1423,35,No,Travel_Rarely,1490,Research & Development,11,4,Medical,4,Male,43,3,1,Laboratory Technician,3,Married,2660,20232,7,Yes,11,3,3,1,5,3,3,2,2,2,2,0,0.9544603002058422,0.6666666666666666,Low,26-35,0-2,0.855,High,15960.0
1424,22,No,Travel_Rarely,581,Research & Development,1,2,Life Sciences,4,Male,63,3,1,Research Scientist,3,Single,3375,17624,0,No,12,3,4,0,4,2,4,3,2,1,2,0,1.2110163583438787,0.25,Mid-Low,18-25,3-5,0.102,Low,20250.0
1425,35,No,Travel_Rarely,1395,Research & Development,9,4,Medical,2,Male,48,3,2,Research Scientist,3,Single,5098,18698,1,No,19,3,2,0,10,5,3,10,7,0,8,0,0.9265254834906624,0.0,Mid-High,26-35,6-10,0.037,Low,30588.0
1426,33,No,Travel_Rarely,501,Research & Development,15,2,Medical,2,Female,95,3,2,Healthcare Representative,4,Married,4878,21653,0,Yes,13,3,1,1,10,6,3,9,7,8,1,0,0.8865420377535213,0.8,Mid-Low,26-35,6-10,0.488,Medium,29268.0
1427,32,No,Travel_Rarely,267,Research & Development,29,4,Life Sciences,3,Female,49,2,1,Laboratory Technician,2,Single,2837,15919,1,No,13,3,3,0,6,3,3,6,2,4,1,0,1.0179713803323212,0.5714285714285714,Low,26-35,6-10,0.861,High,17022.0
1428,40,No,Travel_Rarely,543,Research & Development,1,4,Life Sciences,1,Male,83,3,1,Laboratory Technician,4,Married,2406,4060,8,No,19,3,3,2,8,3,2,1,0,0,0,0,0.8633201061260362,0.0,Low,36-45,0-2,0.636,High,14436.0
1429,32,No,Travel_Rarely,234,Sales,1,4,Medical,2,Male,68,2,1,Sales Representative,2,Married,2269,18024,0,No,14,3,2,1,3,2,3,2,2,2,2,0,0.814161812468818,0.6666666666666666,Low,26-35,0-2,0.669,High,13614.0
1430,39,No,Travel_Rarely,116,Research & Development,24,1,Life Sciences,1,Male,52,3,2,Research Scientist,4,Single,4108,5340,7,No,13,3,1,0,18,2,3,7,7,1,7,0,0.746599977673527,0.125,Mid-Low,36-45,6-10,0.289,Medium,24648.0
1431,38,No,Travel_Rarely,201,Research & Development,10,3,Medical,2,Female,99,1,3,Research Director,3,Married,13206,3376,3,No,12,3,1,1,20,3,3,18,16,1,11,0,1.3451829091362753,0.05263157894736842,High,36-45,10+,0.028,Low,79236.0
1432,32,No,Travel_Rarely,801,Sales,1,4,Marketing,3,Female,48,3,3,Sales Executive,4,Married,10422,24032,1,No,19,3,3,2,14,3,3,14,10,5,7,0,1.0616005057563427,0.3333333333333333,High,26-35,10+,0.072,Low,62532.0
1433,37,No,Travel_Rarely,161,Research & Development,10,3,Life Sciences,3,Female,42,4,3,Research Director,4,Married,13744,15471,1,Yes,25,4,1,1,16,2,3,16,11,6,8,0,1.3999843936974836,0.35294117647058826,High,36-45,10+,0.035,Low,82464.0
1434,25,No,Travel_Rarely,1382,Sales,8,2,Other,1,Female,85,3,2,Sales Executive,3,Divorced,4907,13684,0,Yes,22,4,2,1,6,3,2,5,3,0,4,0,0.8918125828734171,0.0,Mid-Low,18-25,3-5,0.53,High,29442.0
1435,52,No,Non-Travel,585,Sales,29,4,Life Sciences,1,Male,40,3,1,Sales Representative,4,Divorced,3482,19788,2,No,15,3,2,2,16,3,2,9,8,0,0,0,1.2494100621491513,0.0,Mid-Low,46-60,6-10,0.122,Low,20892.0
1436,44,No,Travel_Rarely,1037,Research & Development,1,3,Medical,2,Male,42,3,1,Research Scientist,4,Single,2436,13422,6,Yes,12,3,3,0,6,2,3,4,3,1,2,0,0.8740846959779818,0.2,Low,36-45,3-5,0.769,High,14616.0
1437,21,No,Travel_Rarely,501,Sales,5,1,Medical,3,Male,58,3,1,Sales Representative,1,Single,2380,25479,1,Yes,11,3,4,0,2,6,3,2,2,1,2,0,0.8539907949210167,0.3333333333333333,Low,18-25,0-2,0.953,High,14280.0
1438,39,No,Non-Travel,105,Research & Development,9,3,Life Sciences,4,Male,87,3,5,Manager,4,Single,19431,15302,2,No,13,3,3,0,21,3,2,6,0,1,3,0,1.0124622801373775,0.14285714285714285,High,36-45,6-10,0.021,Low,116586.0
1439,23,Yes,Travel_Frequently,638,Sales,9,3,Marketing,4,Male,33,3,1,Sales Representative,1,Married,1790,26956,1,No,19,3,1,1,1,3,2,1,0,1,0,1,0.6422871944994201,0.5,Low,18-25,0-2,0.939,High,10740.0
1440,36,No,Travel_Rarely,557,Sales,3,3,Medical,1,Female,94,2,3,Sales Executive,4,Married,7644,12695,0,No,19,3,3,2,10,2,3,9,7,3,4,0,0.7786292713492116,0.3,Mid-High,36-45,6-10,0.098,Low,45864.0
1441,36,No,Travel_Frequently,688,Research & Development,4,2,Life Sciences,4,Female,97,3,2,Manufacturing Director,2,Divorced,5131,9192,7,No,13,3,2,3,18,3,3,4,2,0,2,0,0.9325230003512336,0.0,Mid-High,36-45,3-5,0.037,Low,30786.0
1442,56,No,Non-Travel,667,Research & Development,1,4,Life Sciences,3,Male,57,3,2,Healthcare Representative,3,Divorced,6306,26236,1,No,21,4,1,1,13,2,2,13,12,1,9,0,1.1460709491746013,0.07142857142857142,Mid-High,46-60,10+,0.004,Low,37836.0
1443,29,Yes,Travel_Rarely,1092,Research & Development,1,4,Medical,1,Male,36,3,1,Research Scientist,4,Married,4787,26124,9,Yes,14,3,2,3,4,3,4,2,2,2,2,1,1.7176697207087843,0.6666666666666666,Mid-Low,26-35,0-2,0.444,Medium,28722.0
1444,42,No,Travel_Rarely,300,Research & Development,2,3,Life Sciences,1,Male,56,3,5,Manager,3,Married,18880,17312,5,No,11,3,1,0,24,2,2,22,6,4,14,0,0.9837521408570679,0.17391304347826086,High,36-45,10+,0.177,Low,113280.0
1445,56,Yes,Travel_Rarely,310,Research & Development,7,2,Technical Degree,4,Male,72,3,1,Laboratory Technician,3,Married,2339,3666,8,No,11,3,4,1,14,4,1,10,9,9,8,1,0.8392791887900244,0.8181818181818182,Low,46-60,6-10,0.407,Medium,14034.0
1446,41,No,Travel_Rarely,582,Research & Development,28,4,Life Sciences,1,Female,60,2,4,Manufacturing Director,2,Married,13570,5640,0,No,23,4,3,1,21,3,3,20,7,0,10,0,0.8752702474928516,0.0,High,36-45,10+,0.08,Low,81420.0
1447,34,No,Travel_Rarely,704,Sales,28,3,Marketing,4,Female,95,2,2,Sales Executive,3,Married,6712,8978,1,No,21,4,4,2,8,2,3,8,7,1,7,0,1.2198585808531435,0.1111111111111111,Mid-High,26-35,6-10,0.051,Low,40272.0
1448,36,No,Non-Travel,301,Sales,15,4,Marketing,4,Male,88,1,2,Sales Executive,4,Divorced,5406,10436,1,No,24,4,1,1,15,4,2,15,12,11,11,0,0.98250230752266,0.6875,Mid-High,36-45,10+,0.043,Low,32436.0
1449,41,No,Travel_Rarely,930,Sales,3,3,Life Sciences,3,Male,57,2,2,Sales Executive,2,Divorced,8938,12227,2,No,11,3,3,1,14,5,3,5,4,0,4,0,1.6244183545389448,0.0,High,36-45,3-5,0.025,Low,53628.0
1450,32,No,Travel_Rarely,529,Research & Development,2,3,Technical Degree,4,Male,78,3,1,Research Scientist,1,Single,2439,11288,1,No,14,3,4,0,4,4,3,4,2,1,2,0,0.8751611549631764,0.2,Low,26-35,3-5,0.51,High,14634.0
1451,35,No,Travel_Rarely,1146,Human Resources,26,4,Life Sciences,3,Female,31,3,3,Human Resources,4,Single,8837,16642,1,Yes,16,3,3,0,9,2,3,9,0,1,7,0,0.9001500354412588,0.1,High,26-35,6-10,0.549,High,53022.0
1452,38,No,Travel_Rarely,345,Sales,10,2,Life Sciences,1,Female,100,3,2,Sales Executive,4,Married,5343,5982,1,No,11,3,3,1,10,1,3,10,7,1,9,0,0.9710525026070241,0.09090909090909091,Mid-High,36-45,6-10,0.081,Low,32058.0
1453,50,Yes,Travel_Frequently,878,Sales,1,4,Life Sciences,2,Male,94,3,2,Sales Executive,3,Divorced,6728,14255,7,No,12,3,4,2,12,3,3,6,3,0,1,1,1.2227664678158447,0.0,Mid-High,46-60,6-10,0.187,Low,40368.0
1454,36,No,Travel_Rarely,1120,Sales,11,4,Marketing,2,Female,100,2,2,Sales Executive,4,Married,6652,14369,4,No,13,3,1,1,8,2,2,6,3,0,0,0,1.208954004743014,0.0,Mid-High,36-45,6-10,0.333,Medium,39912.0
1455,45,No,Travel_Rarely,374,Sales,20,3,Life Sciences,4,Female,50,3,2,Sales Executive,3,Single,4850,23333,8,No,15,3,3,0,8,3,3,5,3,0,1,0,0.8814532355687942,0.0,Mid-Low,36-45,3-5,0.414,Medium,29100.0
1456,40,No,Travel_Rarely,1322,Research & Development,2,4,Life Sciences,3,Male,52,2,1,Research Scientist,3,Single,2809,2725,2,No,14,3,4,0,8,2,3,2,2,2,2,0,1.0079244298038386,0.6666666666666666,Low,36-45,0-2,0.114,Low,16854.0
1457,35,No,Travel_Frequently,1199,Research & Development,18,4,Life Sciences,3,Male,80,3,2,Healthcare Representative,3,Married,5689,24594,1,Yes,14,3,4,2,10,2,4,10,2,0,2,0,1.033935558175437,0.0,Mid-High,26-35,6-10,0.4,Medium,34134.0
1458,40,No,Travel_Rarely,1194,Research & Development,2,4,Medical,3,Female,98,3,1,Research Scientist,3,Married,2001,12549,2,No,14,3,2,3,20,2,3,5,3,0,2,0,0.7179981431247707,0.0,Low,36-45,3-5,0.046,Low,12006.0
1459,35,No,Travel_Rarely,287,Research & Development,1,4,Life Sciences,3,Female,62,1,1,Research Scientist,4,Married,2977,8952,1,No,12,3,4,1,4,5,3,4,3,1,1,0,1.0682061329747339,0.2,Mid-Low,26-35,3-5,0.043,Low,17862.0
1460,29,No,Travel_Rarely,1378,Research & Development,13,2,Other,4,Male,46,2,2,Laboratory Technician,2,Married,4025,23679,4,Yes,13,3,1,1,10,2,3,4,3,0,3,0,0.7315153140545148,0.0,Mid-Low,26-35,3-5,0.93,High,24150.0
1461,29,No,Travel_Rarely,468,Research & Development,28,4,Medical,4,Female,73,2,1,Research Scientist,1,Single,3785,8489,1,No,14,3,2,0,5,3,1,5,4,0,4,0,1.3581324196538018,0.0,Mid-Low,26-35,3-5,0.659,High,22710.0
1462,50,Yes,Travel_Rarely,410,Sales,28,3,Marketing,4,Male,39,2,3,Sales Executive,1,Divorced,10854,16586,4,Yes,13,3,2,1,20,3,3,3,2,2,0,1,1.1056046717980563,0.5,High,46-60,3-5,0.835,High,65124.0
1463,39,No,Travel_Rarely,722,Sales,24,1,Marketing,2,Female,60,2,4,Sales Executive,4,Married,12031,8828,0,No,11,3,1,1,21,2,2,20,9,9,6,0,0.7760041523645173,0.42857142857142855,High,36-45,10+,0.656,High,72186.0
1464,31,No,Non-Travel,325,Research & Development,5,3,Medical,2,Male,74,3,2,Manufacturing Director,1,Single,9936,3787,0,No,19,3,2,0,10,2,3,9,4,1,7,0,1.8057978038374307,0.1,High,26-35,6-10,0.09,Low,59616.0
1465,26,No,Travel_Rarely,1167,Sales,5,3,Other,4,Female,30,2,1,Sales Representative,3,Single,2966,21378,0,No,18,3,4,0,5,2,3,4,2,0,0,0,1.0642591166956872,0.0,Mid-Low,26-35,3-5,0.513,High,17796.0
1466,36,No,Travel_Frequently,884,Research & Development,23,2,Medical,3,Male,41,4,2,Laboratory Technician,4,Married,2571,12290,4,No,17,3,3,1,17,3,3,5,2,0,3,0,0.4672610863190453,0.0,Low,36-45,3-5,0.202,Low,15426.0
1467,39,No,Travel_Rarely,613,Research & Development,6,1,Medical,4,Male,42,2,3,Healthcare Representative,1,Married,9991,21457,4,No,15,3,1,1,9,5,3,7,7,1,7,0,1.017698201210096,0.125,High,36-45,6-10,0.098,Low,59946.0
1468,27,No,Travel_Rarely,155,Research & Development,4,3,Life Sciences,2,Male,87,4,2,Manufacturing Director,2,Married,6142,5174,1,Yes,20,4,2,1,6,0,3,6,2,0,3,0,1.1162651078069141,0.0,Mid-High,26-35,6-10,0.53,High,36852.0
1469,49,No,Travel_Frequently,1023,Sales,2,3,Medical,4,Male,63,2,2,Sales Executive,2,Married,5390,13243,2,No,14,3,4,0,17,3,2,9,6,0,8,0,0.9795944205599588,0.0,Mid-High,46-60,6-10,0.088,Low,32340.0
1470,34,No,Travel_Rarely,628,Research & Development,8,3,Medical,2,Male,82,4,2,Laboratory Technician,3,Married,4404,10228,2,No,12,3,1,0,6,3,4,4,3,1,2,0,0.8003958864834988,0.2,Mid-Low,26-35,3-5,0.296,Medium,26424.0
